Agri-Park West Unified WS,Soil Moisture Sum,Soil Moisture 8",Soil Moisture 16",Soil Moisture 28",Soil Moisture 36",Soil Moisture 48",Soil Moisture 56",Pressure Switch - Calculated
5/19/2020 1:00:00 AM,335.35,53.24,53.26,51.95,57.87,56.19,62.84,0
5/19/2020 12:00:00 AM,335.36,53.27,53.24,51.95,57.87,56.19,62.83,0
5/18/2020 11:00:00 PM,335.39,53.3,53.26,51.95,57.86,56.18,62.84,0
5/18/2020 10:00:00 PM,335.37,53.32,53.26,51.93,57.86,56.18,62.83,0
5/18/2020 9:00:00 PM,335.37,53.33,53.24,51.93,57.86,56.18,62.83,0
5/18/2020 8:00:00 PM,335.36,53.32,53.25,51.93,57.87,56.16,62.83,0
5/18/2020 7:00:00 PM,335.36,53.32,53.25,51.93,57.87,56.16,62.83,0
5/18/2020 6:00:00 PM,335.31,53.3,53.25,51.93,57.86,56.15,62.83,0
5/18/2020 5:00:00 PM,335.29,53.25,53.26,51.93,57.86,56.16,62.85,0
5/18/2020 4:00:00 PM,335.24,53.22,53.27,51.91,57.86,56.13,62.84,0
5/18/2020 3:00:00 PM,335.35,53.25,53.3,51.93,57.87,56.16,62.85,0
5/18/2020 2:00:00 PM,335.52,53.31,53.34,51.94,57.87,56.18,62.88,0
5/18/2020 1:00:00 PM,335.64,53.36,53.38,51.93,57.9,56.18,62.89,0
5/18/2020 12:00:00 PM,335.75,53.39,53.41,51.95,57.89,56.2,62.9,0
5/18/2020 11:00:00 AM,335.84,53.44,53.44,51.94,57.9,56.2,62.92,0
5/18/2020 10:00:00 AM,336.05,53.53,53.5,51.95,57.9,56.22,62.94,0
5/18/2020 9:00:00 AM,336.15,53.58,53.54,51.95,57.9,56.23,62.94,0
5/18/2020 8:00:00 AM,336.19,53.64,53.56,51.95,57.89,56.22,62.94,0
5/18/2020 7:00:00 AM,336.24,53.71,53.57,51.94,57.88,56.22,62.92,0
5/18/2020 6:00:00 AM,336.3,53.78,53.58,51.93,57.88,56.21,62.92,0
5/18/2020 5:00:00 AM,336.34,53.82,53.58,51.93,57.89,56.21,62.92,0
5/18/2020 4:00:00 AM,336.36,53.85,53.58,51.92,57.89,56.21,62.91,0
5/18/2020 3:00:00 AM,336.36,53.87,53.59,51.93,57.89,56.19,62.9,0
5/18/2020 2:00:00 AM,336.39,53.88,53.59,51.92,57.89,56.2,62.91,0
5/18/2020 1:00:00 AM,336.4,53.9,53.56,51.93,57.9,56.19,62.92,0
5/18/2020 12:00:00 AM,336.42,53.94,53.58,51.92,57.89,56.18,62.92,0
5/17/2020 11:00:00 PM,336.38,53.94,53.55,51.92,57.88,56.17,62.92,0
5/17/2020 10:00:00 PM,336.38,53.95,53.56,51.91,57.9,56.16,62.91,0
5/17/2020 9:00:00 PM,336.35,53.95,53.55,51.9,57.88,56.16,62.91,0
5/17/2020 8:00:00 PM,336.3,53.92,53.54,51.89,57.88,56.14,62.92,0
5/17/2020 7:00:00 PM,336.26,53.89,53.55,51.88,57.88,56.14,62.92,0
5/17/2020 6:00:00 PM,336.26,53.87,53.55,51.88,57.88,56.14,62.94,0
5/17/2020 5:00:00 PM,336.35,53.88,53.58,51.88,57.9,56.14,62.97,0
5/17/2020 4:00:00 PM,336.44,53.91,53.6,51.88,57.9,56.16,62.99,0
5/17/2020 3:00:00 PM,336.67,53.96,53.66,51.91,57.93,56.19,63.02,0
5/17/2020 2:00:00 PM,336.9,54.04,53.72,51.92,57.95,56.22,63.04,0
5/17/2020 1:00:00 PM,337.14,54.12,53.78,51.94,57.95,56.26,63.08,0
5/17/2020 12:00:00 PM,337.38,54.21,53.85,51.96,57.96,56.29,63.1,0
5/17/2020 11:00:00 AM,337.58,54.3,53.9,51.97,57.97,56.31,63.12,0
5/17/2020 10:00:00 AM,337.71,54.36,53.94,51.97,57.98,56.33,63.13,0
5/17/2020 9:00:00 AM,337.77,54.4,53.96,51.97,57.98,56.33,63.13,0
5/17/2020 8:00:00 AM,337.8,54.44,53.98,51.97,57.97,56.32,63.12,0
5/17/2020 7:00:00 AM,337.78,54.48,53.97,51.96,57.96,56.31,63.11,0
5/17/2020 6:00:00 AM,337.85,54.52,53.97,51.96,57.97,56.31,63.12,0
5/17/2020 5:00:00 AM,337.87,54.56,53.96,51.95,57.96,56.32,63.12,0
5/17/2020 4:00:00 AM,337.89,54.58,53.94,51.95,57.97,56.32,63.13,0
5/17/2020 3:00:00 AM,337.88,54.63,53.94,51.93,57.97,56.3,63.11,0
5/17/2020 2:00:00 AM,337.91,54.67,53.94,51.93,57.97,56.3,63.1,0
5/17/2020 1:00:00 AM,337.9,54.69,53.91,51.93,57.97,56.3,63.1,0
5/17/2020 12:00:00 AM,337.91,54.72,53.9,51.92,57.97,56.3,63.1,0
5/16/2020 11:00:00 PM,337.87,54.71,53.9,51.92,57.97,56.29,63.09,0
5/16/2020 10:00:00 PM,337.8,54.68,53.87,51.91,57.97,56.27,63.09,0
5/16/2020 9:00:00 PM,337.74,54.62,53.86,51.92,57.97,56.27,63.09,0
5/16/2020 8:00:00 PM,337.68,54.56,53.84,51.92,57.99,56.27,63.11,0
5/16/2020 7:00:00 PM,337.58,54.49,53.83,51.91,57.99,56.24,63.11,0
5/16/2020 6:00:00 PM,337.52,54.42,53.83,51.91,58,56.24,63.13,0
5/16/2020 5:00:00 PM,337.45,54.34,53.83,51.9,58,56.24,63.14,0
5/16/2020 4:00:00 PM,337.53,54.32,53.88,51.91,58,56.26,63.17,0
5/16/2020 3:00:00 PM,337.72,54.32,53.95,51.93,58.02,56.29,63.21,0
5/16/2020 2:00:00 PM,338.01,54.39,54.02,51.96,58.06,56.33,63.24,0
5/16/2020 1:00:00 PM,338.3,54.49,54.09,52,58.07,56.37,63.26,0
5/16/2020 12:00:00 PM,338.62,54.58,54.18,52.03,58.08,56.42,63.31,0
5/16/2020 11:00:00 AM,338.92,54.69,54.27,52.07,58.11,56.46,63.33,0
5/16/2020 10:00:00 AM,339.1,54.76,54.31,52.07,58.12,56.49,63.36,0
5/16/2020 9:00:00 AM,339.26,54.84,54.36,52.07,58.13,56.51,63.36,0
5/16/2020 8:00:00 AM,339.39,54.91,54.41,52.07,58.14,56.51,63.36,0
5/16/2020 7:00:00 AM,339.49,54.97,54.43,52.08,58.13,56.51,63.37,0
5/16/2020 6:00:00 AM,339.52,55.01,54.43,52.08,58.12,56.51,63.38,0
5/16/2020 5:00:00 AM,339.52,55.04,54.43,52.07,58.12,56.5,63.36,0
5/16/2020 4:00:00 AM,339.56,55.08,54.42,52.07,58.13,56.51,63.36,0
5/16/2020 3:00:00 AM,339.57,55.11,54.42,52.07,58.13,56.5,63.35,0
5/16/2020 2:00:00 AM,339.58,55.14,54.41,52.07,58.12,56.49,63.35,0
5/16/2020 1:00:00 AM,339.59,55.16,54.39,52.06,58.13,56.49,63.36,0
5/16/2020 12:00:00 AM,339.55,55.16,54.38,52.06,58.13,56.48,63.35,0
5/15/2020 11:00:00 PM,339.57,55.17,54.39,52.04,58.14,56.48,63.35,0
5/15/2020 10:00:00 PM,339.51,55.14,54.36,52.05,58.14,56.47,63.35,0
5/15/2020 9:00:00 PM,339.46,55.1,54.35,52.05,58.14,56.47,63.35,0
5/15/2020 8:00:00 PM,339.35,55.05,54.33,52.05,58.14,56.45,63.34,0
5/15/2020 7:00:00 PM,339.31,54.98,54.33,52.04,58.14,56.45,63.36,0
5/15/2020 6:00:00 PM,339.22,54.92,54.33,52.03,58.14,56.44,63.36,0
5/15/2020 5:00:00 PM,339.27,54.88,54.37,52.04,58.15,56.44,63.38,0
5/15/2020 4:00:00 PM,339.36,54.87,54.41,52.06,58.17,56.45,63.41,0
5/15/2020 3:00:00 PM,339.55,54.88,54.49,52.07,58.19,56.48,63.43,0
5/15/2020 2:00:00 PM,339.84,54.95,54.59,52.12,58.21,56.51,63.46,0
5/15/2020 1:00:00 PM,340.1,55.01,54.67,52.15,58.22,56.56,63.49,0
5/15/2020 12:00:00 PM,340.37,55.07,54.76,52.18,58.25,56.59,63.51,0
5/15/2020 11:00:00 AM,340.58,55.15,54.83,52.21,58.24,56.62,63.52,0
5/15/2020 10:00:00 AM,340.82,55.23,54.92,52.22,58.26,56.65,63.54,0
5/15/2020 9:00:00 AM,340.98,55.29,54.99,52.23,58.26,56.66,63.54,0
5/15/2020 8:00:00 AM,341.08,55.36,55.02,52.23,58.27,56.66,63.54,0
5/15/2020 7:00:00 AM,341.14,55.4,55.03,52.25,58.26,56.66,63.54,0
5/15/2020 6:00:00 AM,341.2,55.45,55.04,52.25,58.26,56.66,63.54,0
5/15/2020 5:00:00 AM,341.23,55.48,55.03,52.24,58.28,56.66,63.54,0
5/15/2020 4:00:00 AM,341.23,55.5,55.03,52.24,58.26,56.66,63.54,0
5/15/2020 3:00:00 AM,341.25,55.52,55.03,52.24,58.27,56.65,63.53,0
5/15/2020 2:00:00 AM,341.28,55.55,55.03,52.25,58.28,56.65,63.53,0
5/15/2020 1:00:00 AM,341.28,55.56,55.03,52.24,58.29,56.64,63.52,0
5/15/2020 12:00:00 AM,341.3,55.57,55.03,52.24,58.28,56.65,63.52,0
5/14/2020 11:00:00 PM,341.27,55.57,55.02,52.23,58.28,56.64,63.51,0
5/14/2020 10:00:00 PM,341.26,55.56,55.02,52.23,58.29,56.63,63.52,0
5/14/2020 9:00:00 PM,341.23,55.55,55.01,52.24,58.29,56.62,63.52,0
5/14/2020 8:00:00 PM,341.22,55.53,55.01,52.25,58.3,56.62,63.52,0
5/14/2020 7:00:00 PM,341.17,55.51,55.01,52.24,58.29,56.61,63.51,0
5/14/2020 6:00:00 PM,341.16,55.49,55.01,52.24,58.3,56.61,63.51,0
5/14/2020 5:00:00 PM,341.24,55.49,55.06,52.25,58.31,56.62,63.52,0
5/14/2020 4:00:00 PM,341.35,55.5,55.1,52.26,58.31,56.64,63.54,0
5/14/2020 3:00:00 PM,341.5,55.54,55.16,52.29,58.33,56.65,63.53,0
5/14/2020 2:00:00 PM,341.61,55.56,55.21,52.3,58.33,56.65,63.56,0
5/14/2020 1:00:00 PM,341.79,55.61,55.28,52.32,58.35,56.67,63.56,0
5/14/2020 12:00:00 PM,341.93,55.65,55.34,52.33,58.35,56.69,63.57,0
5/14/2020 11:00:00 AM,342.07,55.7,55.39,52.34,58.36,56.71,63.58,0
5/14/2020 10:00:00 AM,342.24,55.76,55.47,52.35,58.37,56.71,63.58,0
5/14/2020 9:00:00 AM,342.34,55.82,55.5,52.37,58.37,56.71,63.58,0
5/14/2020 8:00:00 AM,342.41,55.86,55.52,52.37,58.37,56.72,63.58,0
5/14/2020 7:00:00 AM,342.48,55.89,55.55,52.37,58.37,56.72,63.58,0
5/14/2020 6:00:00 AM,342.53,55.92,55.55,52.38,58.38,56.71,63.58,0
5/14/2020 5:00:00 AM,342.54,55.96,55.56,52.38,58.37,56.71,63.57,0
5/14/2020 4:00:00 AM,342.57,55.98,55.57,52.37,58.38,56.71,63.57,0
5/14/2020 3:00:00 AM,342.59,56,55.57,52.37,58.38,56.7,63.56,0
5/14/2020 2:00:00 AM,342.64,56.03,55.57,52.39,58.39,56.71,63.56,0
5/14/2020 1:00:00 AM,342.63,56.04,55.58,52.38,58.38,56.69,63.56,0
5/14/2020 12:00:00 AM,342.65,56.06,55.58,52.39,58.39,56.69,63.54,0
5/13/2020 11:00:00 PM,342.65,56.06,55.59,52.38,58.39,56.69,63.54,0
5/13/2020 10:00:00 PM,342.65,56.06,55.58,52.39,58.4,56.68,63.54,0
5/13/2020 9:00:00 PM,342.65,56.06,55.59,52.39,58.4,56.68,63.54,0
5/13/2020 8:00:00 PM,342.63,56.05,55.59,52.39,58.4,56.67,63.53,0
5/13/2020 7:00:00 PM,342.62,56.05,55.59,52.39,58.4,56.66,63.53,0
5/13/2020 6:00:00 PM,342.63,56.03,55.61,52.41,58.4,56.66,63.52,0
5/13/2020 5:00:00 PM,342.67,56.05,55.63,52.39,58.4,56.67,63.53,0
5/13/2020 4:00:00 PM,342.78,56.07,55.68,52.42,58.4,56.68,63.53,0
5/13/2020 3:00:00 PM,342.9,56.11,55.72,52.43,58.42,56.67,63.54,0
5/13/2020 2:00:00 PM,342.99,56.14,55.77,52.44,58.42,56.68,63.54,0
5/13/2020 1:00:00 PM,343.08,56.18,55.81,52.44,58.43,56.69,63.54,0
5/13/2020 12:00:00 PM,343.28,56.24,55.89,52.46,58.44,56.7,63.55,0
5/13/2020 11:00:00 AM,343.42,56.31,55.96,52.46,58.44,56.71,63.54,0
5/13/2020 10:00:00 AM,343.54,56.36,56.01,52.46,58.44,56.71,63.54,0
5/13/2020 9:00:00 AM,343.64,56.41,56.06,52.48,58.44,56.7,63.54,0
5/13/2020 8:00:00 AM,343.78,56.5,56.11,52.48,58.44,56.7,63.54,0
5/13/2020 7:00:00 AM,343.85,56.55,56.13,52.48,58.44,56.7,63.54,0
5/13/2020 6:00:00 AM,343.93,56.6,56.15,52.49,58.44,56.71,63.54,0
5/13/2020 5:00:00 AM,343.95,56.64,56.15,52.48,58.44,56.69,63.54,0
5/13/2020 4:00:00 AM,344.01,56.69,56.17,52.48,58.45,56.69,63.53,0
5/13/2020 3:00:00 AM,344.05,56.74,56.17,52.48,58.45,56.69,63.52,0
5/13/2020 2:00:00 AM,344.08,56.78,56.19,52.48,58.44,56.68,63.51,0
5/13/2020 1:00:00 AM,344.14,56.82,56.2,52.48,58.45,56.68,63.52,0
5/13/2020 12:00:00 AM,344.14,56.85,56.2,52.46,58.45,56.66,63.51,0
5/12/2020 11:00:00 PM,344.17,56.87,56.21,52.46,58.45,56.66,63.51,0
5/12/2020 10:00:00 PM,344.15,56.88,56.21,52.46,58.45,56.66,63.49,0
5/12/2020 9:00:00 PM,344.16,56.89,56.21,52.46,58.46,56.65,63.5,0
5/12/2020 8:00:00 PM,344.12,56.89,56.2,52.44,58.45,56.64,63.5,0
5/12/2020 7:00:00 PM,344.13,56.88,56.23,52.44,58.47,56.63,63.48,0
5/12/2020 6:00:00 PM,344.19,56.91,56.27,52.43,58.47,56.63,63.49,0
5/12/2020 5:00:00 PM,344.29,56.93,56.31,52.46,58.47,56.63,63.48,0
5/12/2020 4:00:00 PM,344.44,57,56.34,52.48,58.48,56.64,63.5,0
5/12/2020 3:00:00 PM,344.64,57.06,56.42,52.51,58.49,56.65,63.51,0
5/12/2020 2:00:00 PM,344.79,57.12,56.48,52.52,58.5,56.66,63.51,0
5/12/2020 1:00:00 PM,344.96,57.18,56.55,52.52,58.51,56.67,63.52,0
5/12/2020 12:00:00 PM,345.18,57.25,56.64,52.55,58.51,56.69,63.53,0
5/12/2020 11:00:00 AM,345.43,57.34,56.75,52.58,58.51,56.71,63.54,0
5/12/2020 10:00:00 AM,345.64,57.42,56.84,52.59,58.52,56.72,63.54,0
5/12/2020 9:00:00 AM,345.71,57.47,56.88,52.59,58.53,56.71,63.53,0
5/12/2020 8:00:00 AM,345.77,57.5,56.9,52.6,58.52,56.71,63.53,0
5/12/2020 7:00:00 AM,345.8,57.54,56.92,52.6,58.52,56.7,63.52,0
5/12/2020 6:00:00 AM,345.84,57.57,56.94,52.6,58.51,56.69,63.51,0
5/12/2020 5:00:00 AM,345.91,57.61,56.96,52.61,58.52,56.69,63.52,0
5/12/2020 4:00:00 AM,345.91,57.64,56.97,52.59,58.52,56.69,63.51,0
5/12/2020 3:00:00 AM,345.93,57.67,56.98,52.59,58.51,56.69,63.5,0
5/12/2020 2:00:00 AM,346,57.71,57,52.59,58.51,56.68,63.5,0
5/12/2020 1:00:00 AM,345.97,57.73,57.01,52.57,58.51,56.67,63.48,0
5/12/2020 12:00:00 AM,346,57.76,57.01,52.57,58.51,56.66,63.49,0
5/11/2020 11:00:00 PM,346.07,57.78,57.02,52.59,58.53,56.66,63.48,0
5/11/2020 10:00:00 PM,346.06,57.8,57.03,52.58,58.52,56.66,63.47,0
5/11/2020 9:00:00 PM,346.07,57.81,57.06,52.57,58.52,56.65,63.47,0
5/11/2020 8:00:00 PM,346.07,57.83,57.07,52.56,58.52,56.64,63.46,0
5/11/2020 7:00:00 PM,346.09,57.85,57.08,52.56,58.51,56.63,63.46,0
5/11/2020 6:00:00 PM,346.11,57.86,57.09,52.56,58.52,56.62,63.46,0
5/11/2020 5:00:00 PM,346.12,57.87,57.1,52.55,58.52,56.62,63.45,0
5/11/2020 4:00:00 PM,346.21,57.92,57.13,52.56,58.53,56.62,63.45,0
5/11/2020 3:00:00 PM,346.26,57.96,57.16,52.56,58.53,56.6,63.45,0
5/11/2020 2:00:00 PM,346.39,58.03,57.23,52.55,58.52,56.62,63.45,0
5/11/2020 1:00:00 PM,346.57,58.1,57.33,52.56,58.52,56.6,63.46,0
5/11/2020 12:00:00 PM,346.78,58.19,57.42,52.56,58.54,56.61,63.47,0
5/11/2020 11:00:00 AM,347.04,58.29,57.54,52.58,58.54,56.62,63.47,0
5/11/2020 10:00:00 AM,347.41,58.46,57.68,52.58,58.54,56.64,63.5,0
5/11/2020 9:00:00 AM,347.68,58.6,57.8,52.59,58.54,56.65,63.49,0
5/11/2020 8:00:00 AM,347.91,58.73,57.9,52.59,58.54,56.66,63.5,0
5/11/2020 7:00:00 AM,348.02,58.81,57.93,52.61,58.54,56.66,63.48,0
5/11/2020 6:00:00 AM,348.14,58.89,57.95,52.61,58.54,56.65,63.5,0
5/11/2020 5:00:00 AM,348.19,58.96,57.97,52.59,58.53,56.65,63.48,0
5/11/2020 4:00:00 AM,348.23,59.04,57.98,52.58,58.52,56.63,63.47,0
5/11/2020 3:00:00 AM,348.29,59.11,57.98,52.59,58.52,56.62,63.47,0
5/11/2020 2:00:00 AM,348.31,59.16,57.99,52.56,58.51,56.62,63.47,0
5/11/2020 1:00:00 AM,348.36,59.22,57.99,52.55,58.52,56.62,63.46,0
5/11/2020 12:00:00 AM,348.35,59.24,57.99,52.54,58.51,56.61,63.45,0
5/10/2020 11:00:00 PM,348.39,59.29,58.01,52.53,58.51,56.6,63.45,0
5/10/2020 10:00:00 PM,348.39,59.3,58.01,52.54,58.51,56.59,63.45,0
5/10/2020 9:00:00 PM,348.38,59.33,58.01,52.52,58.5,56.58,63.43,0
5/10/2020 8:00:00 PM,348.37,59.33,58.01,52.52,58.51,56.57,63.43,0
5/10/2020 7:00:00 PM,348.4,59.34,58.04,52.51,58.5,56.57,63.44,0
5/10/2020 6:00:00 PM,348.4,59.35,58.07,52.5,58.5,56.54,63.43,0
5/10/2020 5:00:00 PM,348.54,59.4,58.14,52.5,58.5,56.55,63.45,0
5/10/2020 4:00:00 PM,348.81,59.5,58.26,52.52,58.51,56.55,63.46,0
5/10/2020 3:00:00 PM,349.08,59.57,58.39,52.54,58.51,56.58,63.47,0
5/10/2020 2:00:00 PM,349.4,59.71,58.53,52.56,58.53,56.6,63.48,0
5/10/2020 1:00:00 PM,349.74,59.84,58.69,52.57,58.54,56.61,63.5,0
5/10/2020 12:00:00 PM,350.05,59.98,58.83,52.58,58.53,56.63,63.51,0
5/10/2020 11:00:00 AM,350.32,60.1,58.97,52.58,58.54,56.63,63.5,0
5/10/2020 10:00:00 AM,350.57,60.21,59.08,52.59,58.54,56.64,63.51,0
5/10/2020 9:00:00 AM,350.74,60.33,59.16,52.58,58.53,56.64,63.5,0
5/10/2020 8:00:00 AM,350.89,60.43,59.22,52.58,58.52,56.63,63.51,0
5/10/2020 7:00:00 AM,350.98,60.5,59.26,52.57,58.52,56.63,63.51,0
5/10/2020 6:00:00 AM,351.01,60.55,59.27,52.57,58.51,56.62,63.49,0
5/10/2020 5:00:00 AM,351.07,60.61,59.28,52.56,58.52,56.61,63.49,0
5/10/2020 4:00:00 AM,351.11,60.66,59.3,52.55,58.51,56.6,63.5,0
5/10/2020 3:00:00 AM,351.13,60.7,59.32,52.52,58.51,56.6,63.47,0
5/10/2020 2:00:00 AM,351.15,60.74,59.32,52.51,58.51,56.59,63.47,0
5/10/2020 1:00:00 AM,351.17,60.77,59.32,52.5,58.51,56.58,63.47,0
5/10/2020 12:00:00 AM,351.21,60.83,59.32,52.5,58.51,56.58,63.47,0
5/9/2020 11:00:00 PM,351.17,60.86,59.32,52.48,58.5,56.56,63.45,0
5/9/2020 10:00:00 PM,351.18,60.89,59.32,52.46,58.5,56.56,63.45,0
5/9/2020 9:00:00 PM,351.17,60.9,59.32,52.44,58.5,56.55,63.45,0
5/9/2020 8:00:00 PM,351.17,60.94,59.33,52.43,58.5,56.53,63.44,0
5/9/2020 7:00:00 PM,351.18,60.95,59.36,52.41,58.5,56.52,63.45,0
5/9/2020 6:00:00 PM,351.35,61.03,59.45,52.41,58.5,56.51,63.45,0
5/9/2020 5:00:00 PM,351.62,61.13,59.6,52.41,58.5,56.52,63.46,0
5/9/2020 4:00:00 PM,351.9,61.24,59.75,52.42,58.51,56.51,63.48,0
5/9/2020 3:00:00 PM,352.38,61.42,59.97,52.44,58.52,56.54,63.5,0
5/9/2020 2:00:00 PM,352.9,61.6,60.2,52.48,58.53,56.56,63.52,0
5/9/2020 1:00:00 PM,353.36,61.77,60.42,52.5,58.54,56.59,63.54,0
5/9/2020 12:00:00 PM,353.78,61.9,60.62,52.52,58.56,56.62,63.55,0
5/9/2020 11:00:00 AM,354.24,62.09,60.84,52.53,58.56,56.65,63.56,0
5/9/2020 10:00:00 AM,354.64,62.26,61.04,52.54,58.57,56.66,63.58,0
5/9/2020 9:00:00 AM,354.92,62.38,61.18,52.55,58.57,56.66,63.58,0
5/9/2020 8:00:00 AM,355.18,62.5,61.31,52.55,58.58,56.66,63.58,0
5/9/2020 7:00:00 AM,355.3,62.6,61.37,52.54,58.56,56.66,63.57,0
5/9/2020 6:00:00 AM,355.38,62.66,61.4,52.54,58.56,56.65,63.56,0
5/9/2020 5:00:00 AM,355.44,62.71,61.4,52.54,58.56,56.66,63.57,0
5/9/2020 4:00:00 AM,355.46,62.75,61.41,52.52,58.57,56.64,63.56,0
5/9/2020 3:00:00 AM,355.52,62.82,61.42,52.51,58.57,56.64,63.56,0
5/9/2020 2:00:00 AM,355.54,62.86,61.44,52.51,58.56,56.62,63.54,0
5/9/2020 1:00:00 AM,355.56,62.9,61.45,52.49,58.56,56.62,63.54,0
5/9/2020 12:00:00 AM,355.6,62.94,61.47,52.49,58.57,56.6,63.54,0
5/8/2020 11:00:00 PM,355.6,62.95,61.47,52.48,58.56,56.6,63.53,0
5/8/2020 10:00:00 PM,355.6,62.97,61.48,52.46,58.56,56.59,63.53,0
5/8/2020 9:00:00 PM,355.6,62.98,61.49,52.46,58.56,56.58,63.52,0
5/8/2020 8:00:00 PM,355.61,62.98,61.52,52.46,58.56,56.58,63.52,0
5/8/2020 7:00:00 PM,355.59,62.98,61.53,52.44,58.56,56.56,63.51,0
5/8/2020 6:00:00 PM,355.66,62.98,61.62,52.43,58.56,56.55,63.52,0
5/8/2020 5:00:00 PM,355.81,63.03,61.73,52.43,58.56,56.54,63.52,0
5/8/2020 4:00:00 PM,356.07,63.11,61.92,52.42,58.56,56.54,63.52,0
5/8/2020 3:00:00 PM,356.46,63.25,62.13,52.43,58.58,56.54,63.54,0
5/8/2020 2:00:00 PM,356.98,63.44,62.39,52.44,58.59,56.55,63.56,0
5/8/2020 1:00:00 PM,357.51,63.65,62.66,52.47,58.59,56.57,63.57,0
5/8/2020 12:00:00 PM,358.03,63.85,62.9,52.49,58.61,56.6,63.59,0
5/8/2020 11:00:00 AM,358.47,64.03,63.13,52.48,58.61,56.62,63.6,0
5/8/2020 10:00:00 AM,359.07,64.27,63.4,52.5,58.63,56.64,63.62,0
5/8/2020 9:00:00 AM,359.51,64.48,63.61,52.51,58.62,56.66,63.63,0
5/8/2020 8:00:00 AM,359.87,64.68,63.78,52.51,58.62,56.66,63.62,0
5/8/2020 7:00:00 AM,360.08,64.82,63.84,52.51,58.63,56.66,63.62,0
5/8/2020 6:00:00 AM,360.18,64.91,63.89,52.5,58.62,56.65,63.62,0
5/8/2020 5:00:00 AM,360.37,65.04,63.95,52.5,58.63,56.64,63.61,0
5/8/2020 4:00:00 AM,360.54,65.16,64.01,52.5,58.62,56.63,63.62,0
5/8/2020 3:00:00 AM,360.68,65.28,64.06,52.49,58.63,56.62,63.59,0
5/8/2020 2:00:00 AM,360.83,65.38,64.12,52.5,58.62,56.6,63.6,0
5/8/2020 1:00:00 AM,361.02,65.52,64.19,52.48,58.63,56.6,63.6,0
5/8/2020 12:00:00 AM,361.2,65.65,64.28,52.48,58.63,56.58,63.59,0
5/7/2020 11:00:00 PM,361.38,65.78,64.34,52.47,58.63,56.58,63.58,0
5/7/2020 10:00:00 PM,361.57,65.9,64.44,52.46,58.63,56.56,63.58,0
5/7/2020 9:00:00 PM,361.81,66.05,64.56,52.47,58.61,56.55,63.57,0
5/7/2020 8:00:00 PM,362.13,66.22,64.72,52.46,58.62,56.54,63.58,0
5/7/2020 7:00:00 PM,362.51,66.44,64.91,52.44,58.61,56.53,63.58,0
5/7/2020 6:00:00 PM,363.1,66.77,65.17,52.44,58.62,56.52,63.58,0
5/7/2020 5:00:00 PM,364.05,67.39,65.49,52.45,58.62,56.51,63.6,0
5/7/2020 4:00:00 PM,364.67,68.23,65.21,52.47,58.65,56.5,63.62,0.333
5/7/2020 3:00:00 PM,363.2,68.25,63.67,52.47,58.66,56.51,63.64,1
5/7/2020 2:00:00 PM,359.73,67.78,60.59,52.5,58.67,56.53,63.67,1
5/7/2020 1:00:00 PM,355.86,67.11,57.27,52.52,58.7,56.56,63.7,1
5/7/2020 12:00:00 PM,350.48,65.75,53.12,52.57,58.7,56.6,63.74,1
5/7/2020 11:00:00 AM,347.7,63.75,52.27,52.58,58.71,56.63,63.76,1
5/7/2020 10:00:00 AM,343.59,59.59,52.24,52.59,58.72,56.66,63.78,1
5/7/2020 9:00:00 AM,340.89,56.82,52.25,52.59,58.72,56.68,63.81,1
5/7/2020 8:00:00 AM,339.34,55.23,52.28,52.59,58.74,56.69,63.82,1
5/7/2020 7:00:00 AM,337.45,53.3,52.3,52.58,58.74,56.7,63.83,1
5/7/2020 6:00:00 AM,336.4,52.25,52.31,52.58,58.75,56.69,63.83,1
5/7/2020 5:00:00 AM,336.08,51.94,52.31,52.57,58.74,56.69,63.82,1
5/7/2020 4:00:00 AM,335.99,51.86,52.31,52.57,58.74,56.68,63.83,1
5/7/2020 3:00:00 AM,335.96,51.86,52.31,52.57,58.73,56.67,63.82,1
5/7/2020 2:00:00 AM,335.95,51.88,52.32,52.55,58.73,56.65,63.81,1
5/7/2020 1:00:00 AM,335.98,51.91,52.3,52.55,58.74,56.66,63.82,1
5/7/2020 12:00:00 AM,335.95,51.94,52.31,52.54,58.72,56.63,63.81,1
5/6/2020 11:00:00 PM,335.92,51.97,52.31,52.52,58.71,56.62,63.8,1
5/6/2020 10:00:00 PM,335.95,51.99,52.3,52.53,58.72,56.61,63.81,1
5/6/2020 9:00:00 PM,335.92,51.97,52.3,52.52,58.71,56.59,63.82,1
5/6/2020 8:00:00 PM,335.85,51.94,52.29,52.52,58.71,56.57,63.82,1
5/6/2020 7:00:00 PM,335.76,51.86,52.28,52.51,58.71,56.56,63.83,1
5/6/2020 6:00:00 PM,335.72,51.82,52.27,52.5,58.71,56.57,63.85,1
5/6/2020 5:00:00 PM,335.79,51.79,52.29,52.51,58.74,56.57,63.89,1
5/6/2020 4:00:00 PM,335.9,51.76,52.3,52.55,58.76,56.59,63.94,1
5/6/2020 3:00:00 PM,336.14,51.75,52.33,52.6,58.82,56.64,64,0
5/6/2020 2:00:00 PM,336.49,51.79,52.39,52.66,58.88,56.71,64.07,0
5/6/2020 1:00:00 PM,336.74,51.83,52.42,52.71,58.9,56.78,64.1,0
5/6/2020 12:00:00 PM,337.04,51.91,52.46,52.75,58.94,56.83,64.14,0
5/6/2020 11:00:00 AM,337.36,52.02,52.5,52.79,58.97,56.89,64.2,0
5/6/2020 10:00:00 AM,337.73,52.15,52.55,52.83,59.01,56.96,64.23,0
5/6/2020 9:00:00 AM,338.03,52.29,52.59,52.85,59.02,57.02,64.27,0
5/6/2020 8:00:00 AM,338.26,52.39,52.6,52.87,59.05,57.06,64.29,0
5/6/2020 7:00:00 AM,338.46,52.49,52.64,52.88,59.07,57.08,64.3,0
5/6/2020 6:00:00 AM,338.5,52.57,52.64,52.87,59.06,57.07,64.3,0
5/6/2020 5:00:00 AM,338.51,52.58,52.63,52.87,59.06,57.06,64.3,0
5/6/2020 4:00:00 AM,338.5,52.6,52.61,52.87,59.08,57.05,64.3,0
5/6/2020 3:00:00 AM,338.47,52.61,52.6,52.87,59.06,57.04,64.29,0
5/6/2020 2:00:00 AM,338.42,52.58,52.58,52.86,59.06,57.04,64.29,0
5/6/2020 1:00:00 AM,338.33,52.57,52.56,52.85,59.06,57.01,64.28,0
5/6/2020 12:00:00 AM,338.32,52.55,52.55,52.85,59.06,57.02,64.28,0
5/5/2020 11:00:00 PM,338.27,52.55,52.53,52.84,59.06,57,64.28,0
5/5/2020 10:00:00 PM,338.2,52.53,52.52,52.84,59.06,56.97,64.27,0
5/5/2020 9:00:00 PM,338.1,52.46,52.51,52.84,59.06,56.96,64.28,0
5/5/2020 8:00:00 PM,338.01,52.37,52.51,52.82,59.08,56.95,64.28,0
5/5/2020 7:00:00 PM,337.87,52.29,52.48,52.81,59.05,56.94,64.3,0
5/5/2020 6:00:00 PM,337.85,52.18,52.49,52.82,59.08,56.94,64.34,0
5/5/2020 5:00:00 PM,337.87,52.11,52.51,52.84,59.11,56.94,64.36,0
5/5/2020 4:00:00 PM,338,52.08,52.52,52.87,59.14,56.98,64.41,0
5/5/2020 3:00:00 PM,338.15,52.06,52.54,52.91,59.18,57.02,64.44,0
5/5/2020 2:00:00 PM,338.53,52.1,52.61,52.97,59.24,57.11,64.51,0
5/5/2020 1:00:00 PM,338.88,52.16,52.65,53.03,59.28,57.19,64.57,0
5/5/2020 12:00:00 PM,339.27,52.26,52.71,53.08,59.33,57.27,64.62,0
5/5/2020 11:00:00 AM,339.57,52.36,52.75,53.13,59.34,57.33,64.66,0
5/5/2020 10:00:00 AM,339.85,52.46,52.78,53.15,59.37,57.39,64.69,0
5/5/2020 9:00:00 AM,340.14,52.59,52.82,53.18,59.4,57.45,64.71,0
5/5/2020 8:00:00 AM,340.36,52.7,52.84,53.18,59.42,57.48,64.74,0
5/5/2020 7:00:00 AM,340.45,52.77,52.84,53.19,59.43,57.48,64.75,0
5/5/2020 6:00:00 AM,340.53,52.85,52.85,53.19,59.43,57.48,64.73,0
5/5/2020 5:00:00 AM,340.55,52.89,52.84,53.18,59.43,57.46,64.74,0
5/5/2020 4:00:00 AM,340.55,52.93,52.84,53.16,59.43,57.46,64.73,0
5/5/2020 3:00:00 AM,340.54,52.95,52.82,53.16,59.43,57.45,64.72,0
5/5/2020 2:00:00 AM,340.56,52.99,52.81,53.16,59.42,57.45,64.73,0
5/5/2020 1:00:00 AM,340.53,53,52.8,53.16,59.42,57.43,64.72,0
5/5/2020 12:00:00 AM,340.49,53.01,52.78,53.15,59.41,57.41,64.73,0
5/4/2020 11:00:00 PM,340.45,52.99,52.77,53.16,59.42,57.4,64.72,0
5/4/2020 10:00:00 PM,340.42,52.97,52.77,53.14,59.43,57.38,64.73,0
5/4/2020 9:00:00 PM,340.31,52.91,52.75,53.15,59.42,57.37,64.71,0
5/4/2020 8:00:00 PM,340.2,52.81,52.74,53.15,59.41,57.35,64.72,0
5/4/2020 7:00:00 PM,340.07,52.7,52.74,53.14,59.42,57.34,64.73,0
5/4/2020 6:00:00 PM,340.02,52.62,52.74,53.14,59.43,57.34,64.75,0
5/4/2020 5:00:00 PM,340.05,52.56,52.75,53.15,59.47,57.35,64.77,0
5/4/2020 4:00:00 PM,340.2,52.53,52.77,53.2,59.5,57.38,64.82,0
5/4/2020 3:00:00 PM,340.43,52.52,52.81,53.24,59.54,57.45,64.88,0
5/4/2020 2:00:00 PM,340.7,52.57,52.85,53.28,59.58,57.51,64.92,0
5/4/2020 1:00:00 PM,340.98,52.61,52.91,53.32,59.61,57.57,64.96,0
5/4/2020 12:00:00 PM,341.28,52.67,52.96,53.35,59.65,57.65,65,0
5/4/2020 11:00:00 AM,341.63,52.77,53.01,53.4,59.69,57.72,65.06,0
5/4/2020 10:00:00 AM,342,52.89,53.06,53.44,59.73,57.79,65.09,0
5/4/2020 9:00:00 AM,342.28,53.03,53.09,53.46,59.74,57.86,65.11,0
5/4/2020 8:00:00 AM,342.54,53.16,53.14,53.47,59.76,57.89,65.13,0
5/4/2020 7:00:00 AM,342.68,53.26,53.14,53.47,59.77,57.89,65.15,0
5/4/2020 6:00:00 AM,342.71,53.31,53.14,53.47,59.77,57.89,65.13,0
5/4/2020 5:00:00 AM,342.77,53.37,53.15,53.48,59.78,57.87,65.12,0
5/4/2020 4:00:00 AM,342.76,53.42,53.14,53.46,59.77,57.85,65.12,0
5/4/2020 3:00:00 AM,342.75,53.44,53.13,53.45,59.77,57.84,65.11,0
5/4/2020 2:00:00 AM,342.74,53.47,53.13,53.45,59.77,57.83,65.1,0
5/4/2020 1:00:00 AM,342.76,53.49,53.13,53.46,59.76,57.82,65.1,0
5/4/2020 12:00:00 AM,342.74,53.49,53.12,53.44,59.77,57.82,65.1,0
5/3/2020 11:00:00 PM,342.7,53.51,53.1,53.44,59.77,57.8,65.08,0
5/3/2020 10:00:00 PM,342.65,53.48,53.1,53.44,59.76,57.79,65.09,0
5/3/2020 9:00:00 PM,342.57,53.43,53.08,53.43,59.76,57.77,65.1,0
5/3/2020 8:00:00 PM,342.49,53.38,53.08,53.43,59.76,57.75,65.09,0
5/3/2020 7:00:00 PM,342.41,53.3,53.09,53.42,59.76,57.74,65.1,0
5/3/2020 6:00:00 PM,342.4,53.25,53.09,53.43,59.78,57.74,65.11,0
5/3/2020 5:00:00 PM,342.47,53.22,53.1,53.45,59.8,57.75,65.14,0
5/3/2020 4:00:00 PM,342.63,53.22,53.13,53.48,59.85,57.78,65.17,0
5/3/2020 3:00:00 PM,342.83,53.24,53.17,53.51,59.87,57.83,65.21,0
5/3/2020 2:00:00 PM,343.14,53.31,53.21,53.55,59.92,57.88,65.27,0
5/3/2020 1:00:00 PM,343.42,53.37,53.26,53.58,59.95,57.95,65.3,0
5/3/2020 12:00:00 PM,343.66,53.43,53.3,53.61,59.97,58,65.35,0
5/3/2020 11:00:00 AM,343.92,53.52,53.34,53.63,60,58.05,65.38,0
5/3/2020 10:00:00 AM,344.24,53.64,53.4,53.66,60.02,58.11,65.41,0
5/3/2020 9:00:00 AM,344.46,53.76,53.41,53.66,60.04,58.15,65.44,0
5/3/2020 8:00:00 AM,344.66,53.86,53.45,53.67,60.05,58.18,65.45,0
5/3/2020 7:00:00 AM,344.77,53.93,53.46,53.68,60.06,58.19,65.45,0
5/3/2020 6:00:00 AM,344.85,54.01,53.46,53.68,60.06,58.19,65.45,0
5/3/2020 5:00:00 AM,344.89,54.06,53.46,53.67,60.06,58.19,65.45,0
5/3/2020 4:00:00 AM,344.91,54.1,53.46,53.67,60.07,58.17,65.45,0
5/3/2020 3:00:00 AM,344.91,54.13,53.46,53.66,60.07,58.17,65.43,0
5/3/2020 2:00:00 AM,344.9,54.15,53.45,53.66,60.06,58.15,65.43,0
5/3/2020 1:00:00 AM,344.89,54.16,53.44,53.65,60.06,58.15,65.43,0
5/3/2020 12:00:00 AM,344.87,54.16,53.44,53.65,60.06,58.13,65.43,0
5/2/2020 11:00:00 PM,344.83,54.17,53.42,53.65,60.05,58.12,65.41,0
5/2/2020 10:00:00 PM,344.77,54.15,53.41,53.65,60.06,58.1,65.4,0
5/2/2020 9:00:00 PM,344.73,54.14,53.41,53.64,60.05,58.08,65.4,0
5/2/2020 8:00:00 PM,344.67,54.09,53.41,53.64,60.06,58.07,65.4,0
5/2/2020 7:00:00 PM,344.61,54.05,53.39,53.64,60.06,58.06,65.4,0
5/2/2020 6:00:00 PM,344.55,53.99,53.4,53.63,60.06,58.05,65.41,0
5/2/2020 5:00:00 PM,344.54,53.96,53.4,53.64,60.07,58.04,65.42,0
5/2/2020 4:00:00 PM,344.7,53.98,53.43,53.65,60.09,58.08,65.46,0
5/2/2020 3:00:00 PM,344.83,53.99,53.46,53.68,60.11,58.1,65.5,0
5/2/2020 2:00:00 PM,344.98,54.01,53.49,53.69,60.14,58.13,65.53,0
5/2/2020 1:00:00 PM,345.26,54.07,53.54,53.73,60.16,58.18,65.58,0
5/2/2020 12:00:00 PM,345.52,54.14,53.57,53.75,60.19,58.25,65.61,0
5/2/2020 11:00:00 AM,345.77,54.22,53.61,53.77,60.22,58.29,65.64,0
5/2/2020 10:00:00 AM,345.99,54.33,53.64,53.79,60.24,58.34,65.66,0
5/2/2020 9:00:00 AM,346.22,54.43,53.68,53.8,60.26,58.37,65.68,0
5/2/2020 8:00:00 AM,346.33,54.51,53.68,53.8,60.27,58.38,65.68,0
5/2/2020 7:00:00 AM,346.39,54.57,53.68,53.8,60.27,58.38,65.68,0
5/2/2020 6:00:00 AM,346.43,54.62,53.69,53.8,60.27,58.37,65.67,0
5/2/2020 5:00:00 AM,346.42,54.65,53.69,53.79,60.27,58.34,65.67,0
5/2/2020 4:00:00 AM,346.44,54.69,53.69,53.78,60.27,58.35,65.66,0
5/2/2020 3:00:00 AM,346.45,54.7,53.69,53.78,60.27,58.34,65.66,0
5/2/2020 2:00:00 AM,346.41,54.72,53.67,53.78,60.27,58.32,65.65,0
5/2/2020 1:00:00 AM,346.4,54.74,53.66,53.77,60.27,58.31,65.64,0
5/2/2020 12:00:00 AM,346.39,54.75,53.66,53.78,60.26,58.3,65.64,0
5/1/2020 11:00:00 PM,346.35,54.73,53.65,53.77,60.27,58.29,65.64,0
5/1/2020 10:00:00 PM,346.27,54.7,53.65,53.77,60.26,58.27,65.62,0
5/1/2020 9:00:00 PM,346.23,54.67,53.65,53.76,60.26,58.25,65.64,0
5/1/2020 8:00:00 PM,346.14,54.61,53.65,53.76,60.26,58.25,65.62,0
5/1/2020 7:00:00 PM,346.05,54.53,53.65,53.75,60.26,58.22,65.64,0
5/1/2020 6:00:00 PM,346.06,54.5,53.66,53.75,60.28,58.22,65.65,0
5/1/2020 5:00:00 PM,346.14,54.48,53.68,53.78,60.3,58.23,65.67,0
5/1/2020 4:00:00 PM,346.31,54.49,53.71,53.8,60.33,58.25,65.72,0
5/1/2020 3:00:00 PM,346.59,54.54,53.77,53.83,60.38,58.31,65.76,0
5/1/2020 2:00:00 PM,346.86,54.6,53.82,53.87,60.4,58.36,65.81,0
5/1/2020 1:00:00 PM,347.15,54.68,53.87,53.89,60.45,58.43,65.85,0
5/1/2020 12:00:00 PM,347.46,54.78,53.94,53.91,60.46,58.48,65.89,0
5/1/2020 11:00:00 AM,347.85,54.9,54.01,53.96,60.5,58.56,65.93,0
5/1/2020 10:00:00 AM,348.15,55.02,54.06,53.99,60.51,58.61,65.96,0
5/1/2020 9:00:00 AM,348.4,55.14,54.1,53.99,60.53,58.66,65.99,0
5/1/2020 8:00:00 AM,348.65,55.26,54.14,53.99,60.55,58.7,66.01,0
5/1/2020 7:00:00 AM,348.79,55.37,54.16,53.99,60.55,58.7,66.01,0
5/1/2020 6:00:00 AM,348.88,55.46,54.17,53.99,60.56,58.7,66,0
5/1/2020 5:00:00 AM,348.94,55.51,54.18,53.98,60.57,58.7,66,0
5/1/2020 4:00:00 AM,348.94,55.57,54.18,53.98,60.56,58.67,65.99,0
5/1/2020 3:00:00 AM,348.99,55.62,54.18,53.97,60.56,58.66,65.99,0
5/1/2020 2:00:00 AM,349.01,55.67,54.18,53.97,60.55,58.66,65.97,0
5/1/2020 1:00:00 AM,349,55.7,54.19,53.95,60.55,58.64,65.98,0
5/1/2020 12:00:00 AM,348.99,55.71,54.18,53.96,60.53,58.62,65.98,0
4/30/2020 11:00:00 PM,348.98,55.72,54.18,53.95,60.54,58.61,65.97,0
4/30/2020 10:00:00 PM,348.94,55.73,54.18,53.94,60.54,58.61,65.95,0
4/30/2020 9:00:00 PM,348.94,55.73,54.17,53.93,60.55,58.6,65.96,0
4/30/2020 8:00:00 PM,348.89,55.72,54.17,53.92,60.54,58.57,65.96,0
4/30/2020 7:00:00 PM,348.82,55.69,54.17,53.91,60.53,58.55,65.96,0
4/30/2020 6:00:00 PM,348.78,55.65,54.18,53.9,60.53,58.55,65.97,0
4/30/2020 5:00:00 PM,348.92,55.68,54.21,53.92,60.56,58.55,65.99,0
4/30/2020 4:00:00 PM,349.07,55.71,54.24,53.93,60.58,58.58,66.03,0
4/30/2020 3:00:00 PM,349.33,55.76,54.29,53.96,60.62,58.63,66.08,0
4/30/2020 2:00:00 PM,349.65,55.86,54.35,53.98,60.65,58.7,66.11,0
4/30/2020 1:00:00 PM,350.04,55.97,54.43,54.03,60.68,58.76,66.17,0
4/30/2020 12:00:00 PM,350.33,56.09,54.47,54.05,60.69,58.84,66.19,0
4/30/2020 11:00:00 AM,350.69,56.2,54.54,54.07,60.73,58.91,66.23,0
4/30/2020 10:00:00 AM,351.03,56.34,54.6,54.1,60.76,58.97,66.26,0
4/30/2020 9:00:00 AM,351.21,56.45,54.64,54.1,60.76,58.99,66.28,0
4/30/2020 8:00:00 AM,351.34,56.53,54.66,54.1,60.77,58.99,66.29,0
4/30/2020 7:00:00 AM,351.41,56.59,54.67,54.1,60.77,59,66.28,0
4/30/2020 6:00:00 AM,351.39,56.64,54.66,54.08,60.76,58.98,66.26,0
4/30/2020 5:00:00 AM,351.42,56.68,54.66,54.08,60.76,58.97,66.26,0
4/30/2020 4:00:00 AM,351.43,56.72,54.67,54.07,60.76,58.95,66.26,0
4/30/2020 3:00:00 AM,351.43,56.75,54.65,54.06,60.76,58.96,66.25,0
4/30/2020 2:00:00 AM,351.38,56.74,54.65,54.04,60.76,58.94,66.24,0
4/30/2020 1:00:00 AM,351.38,56.76,54.64,54.04,60.77,58.93,66.24,0
4/30/2020 12:00:00 AM,351.34,56.77,54.63,54.03,60.76,58.91,66.23,0
4/29/2020 11:00:00 PM,351.31,56.78,54.63,54.02,60.75,58.9,66.22,0
4/29/2020 10:00:00 PM,351.27,56.78,54.62,54.02,60.75,58.88,66.22,0
4/29/2020 9:00:00 PM,351.2,56.76,54.61,54,60.75,58.87,66.21,0
4/29/2020 8:00:00 PM,351.11,56.73,54.6,53.99,60.74,58.85,66.21,0
4/29/2020 7:00:00 PM,351.13,56.74,54.62,53.98,60.74,58.84,66.22,0
4/29/2020 6:00:00 PM,351.14,56.74,54.61,53.98,60.75,58.83,66.22,0
4/29/2020 5:00:00 PM,351.26,56.77,54.63,53.99,60.77,58.85,66.26,0
4/29/2020 4:00:00 PM,351.43,56.83,54.65,54.01,60.79,58.87,66.28,0
4/29/2020 3:00:00 PM,351.63,56.9,54.69,54.03,60.8,58.9,66.31,0
4/29/2020 2:00:00 PM,351.87,56.96,54.73,54.05,60.83,58.95,66.35,0
4/29/2020 1:00:00 PM,352.13,57.04,54.78,54.08,60.84,59,66.39,0
4/29/2020 12:00:00 PM,352.34,57.13,54.82,54.08,60.86,59.04,66.42,0
4/29/2020 11:00:00 AM,352.52,57.2,54.85,54.1,60.86,59.07,66.43,0
4/29/2020 10:00:00 AM,352.73,57.28,54.9,54.09,60.89,59.11,66.45,0
4/29/2020 9:00:00 AM,352.88,57.37,54.92,54.08,60.91,59.14,66.46,0
4/29/2020 8:00:00 AM,352.96,57.44,54.93,54.08,60.91,59.14,66.46,0
4/29/2020 7:00:00 AM,353.02,57.49,54.93,54.08,60.93,59.14,66.45,0
4/29/2020 6:00:00 AM,353.04,57.53,54.93,54.08,60.91,59.13,66.45,0
4/29/2020 5:00:00 AM,352.98,57.53,54.92,54.07,60.89,59.12,66.45,0
4/29/2020 4:00:00 AM,352.98,57.58,54.9,54.07,60.9,59.11,66.43,0
4/29/2020 3:00:00 AM,352.97,57.59,54.9,54.05,60.9,59.09,66.43,0
4/29/2020 2:00:00 AM,352.94,57.62,54.89,54.05,60.89,59.07,66.43,0
4/29/2020 1:00:00 AM,352.9,57.62,54.87,54.03,60.89,59.06,66.42,0
4/29/2020 12:00:00 AM,352.86,57.61,54.86,54.03,60.9,59.05,66.41,0
4/28/2020 11:00:00 PM,352.81,57.61,54.84,54.02,60.9,59.04,66.4,0
4/28/2020 10:00:00 PM,352.75,57.59,54.84,54.01,60.88,59.02,66.4,0
4/28/2020 9:00:00 PM,352.71,57.58,54.83,54.01,60.89,59.01,66.39,0
4/28/2020 8:00:00 PM,352.63,57.54,54.82,54,60.89,58.98,66.39,0
4/28/2020 7:00:00 PM,352.57,57.51,54.81,53.99,60.88,58.96,66.4,0
4/28/2020 6:00:00 PM,352.53,57.48,54.82,53.98,60.88,58.96,66.4,0
4/28/2020 5:00:00 PM,352.59,57.49,54.83,53.99,60.9,58.96,66.42,0
4/28/2020 4:00:00 PM,352.72,57.5,54.86,53.99,60.92,58.98,66.47,0
4/28/2020 3:00:00 PM,353.03,57.58,54.93,54.02,60.95,59.03,66.52,0
4/28/2020 2:00:00 PM,353.35,57.66,55,54.05,60.99,59.1,66.55,0
4/28/2020 1:00:00 PM,353.62,57.74,55.05,54.07,61,59.15,66.6,0
4/28/2020 12:00:00 PM,354.01,57.85,55.13,54.11,61.04,59.23,66.65,0
4/28/2020 11:00:00 AM,354.35,57.95,55.21,54.14,61.06,59.31,66.67,0
4/28/2020 10:00:00 AM,354.7,58.08,55.28,54.16,61.09,59.36,66.73,0
4/28/2020 9:00:00 AM,354.93,58.17,55.33,54.16,61.11,59.42,66.75,0
4/28/2020 8:00:00 AM,355.09,58.24,55.36,54.17,61.11,59.44,66.76,0
4/28/2020 7:00:00 AM,355.3,58.34,55.42,54.17,61.12,59.48,66.78,0
4/28/2020 6:00:00 AM,355.45,58.43,55.44,54.18,61.14,59.49,66.78,0
4/28/2020 5:00:00 AM,355.45,58.46,55.44,54.17,61.13,59.48,66.78,0
4/28/2020 4:00:00 AM,355.44,58.5,55.44,54.17,61.12,59.46,66.75,0
4/28/2020 3:00:00 AM,355.47,58.54,55.44,54.15,61.13,59.46,66.75,0
4/28/2020 2:00:00 AM,355.49,58.57,55.44,54.15,61.13,59.45,66.75,0
4/28/2020 1:00:00 AM,355.48,58.58,55.44,54.16,61.13,59.44,66.75,0
4/28/2020 12:00:00 AM,355.47,58.59,55.44,54.15,61.12,59.44,66.74,0
4/27/2020 11:00:00 PM,355.46,58.61,55.43,54.15,61.13,59.41,66.74,0
4/27/2020 10:00:00 PM,355.39,58.59,55.42,54.13,61.12,59.4,66.73,0
4/27/2020 9:00:00 PM,355.35,58.58,55.43,54.13,61.12,59.39,66.71,0
4/27/2020 8:00:00 PM,355.29,58.55,55.42,54.13,61.12,59.36,66.72,0
4/27/2020 7:00:00 PM,355.22,58.51,55.42,54.12,61.11,59.35,66.71,0
4/27/2020 6:00:00 PM,355.22,58.5,55.44,54.11,61.11,59.34,66.72,0
4/27/2020 5:00:00 PM,355.27,58.52,55.46,54.11,61.12,59.33,66.73,0
4/27/2020 4:00:00 PM,355.43,58.57,55.51,54.13,61.14,59.33,66.75,0
4/27/2020 3:00:00 PM,355.62,58.63,55.56,54.13,61.15,59.36,66.78,0
4/27/2020 2:00:00 PM,355.89,58.71,55.64,54.15,61.17,59.4,66.8,0
4/27/2020 1:00:00 PM,356.24,58.82,55.73,54.18,61.19,59.47,66.84,0
4/27/2020 12:00:00 PM,356.58,58.94,55.81,54.21,61.22,59.54,66.88,0
4/27/2020 11:00:00 AM,356.9,59.04,55.9,54.23,61.24,59.6,66.9,0
4/27/2020 10:00:00 AM,357.19,59.17,55.97,54.23,61.25,59.65,66.93,0
4/27/2020 9:00:00 AM,357.44,59.28,56.05,54.24,61.27,59.66,66.94,0
4/27/2020 8:00:00 AM,357.56,59.36,56.07,54.24,61.28,59.67,66.94,0
4/27/2020 7:00:00 AM,357.64,59.44,56.08,54.24,61.27,59.66,66.94,0
4/27/2020 6:00:00 AM,357.67,59.5,56.08,54.23,61.27,59.66,66.93,0
4/27/2020 5:00:00 AM,357.69,59.55,56.08,54.22,61.27,59.65,66.92,0
4/27/2020 4:00:00 AM,357.69,59.6,56.07,54.21,61.26,59.63,66.92,0
4/27/2020 3:00:00 AM,357.69,59.64,56.06,54.19,61.26,59.63,66.91,0
4/27/2020 2:00:00 AM,357.67,59.67,56.05,54.19,61.25,59.61,66.89,0
4/27/2020 1:00:00 AM,357.66,59.71,56.05,54.18,61.24,59.59,66.89,0
4/27/2020 12:00:00 AM,357.66,59.73,56.03,54.18,61.24,59.59,66.88,0
4/26/2020 11:00:00 PM,357.65,59.75,56.02,54.17,61.25,59.58,66.88,0
4/26/2020 10:00:00 PM,357.58,59.73,56.01,54.16,61.24,59.56,66.87,0
4/26/2020 9:00:00 PM,357.51,59.73,56,54.15,61.22,59.55,66.86,0
4/26/2020 8:00:00 PM,357.42,59.71,55.99,54.14,61.22,59.53,66.85,0
4/26/2020 7:00:00 PM,357.36,59.68,55.98,54.13,61.22,59.51,66.85,0
4/26/2020 6:00:00 PM,357.37,59.7,55.98,54.12,61.21,59.5,66.86,0
4/26/2020 5:00:00 PM,357.42,59.71,56.01,54.12,61.22,59.48,66.87,0
4/26/2020 4:00:00 PM,357.59,59.77,56.07,54.13,61.24,59.5,66.88,0
4/26/2020 3:00:00 PM,357.75,59.83,56.12,54.14,61.26,59.5,66.89,0
4/26/2020 2:00:00 PM,357.99,59.9,56.18,54.15,61.27,59.55,66.92,0
4/26/2020 1:00:00 PM,358.28,60,56.27,54.17,61.29,59.58,66.96,0
4/26/2020 12:00:00 PM,358.55,60.1,56.35,54.18,61.29,59.64,66.98,0
4/26/2020 11:00:00 AM,358.81,60.18,56.42,54.19,61.32,59.69,67.01,0
4/26/2020 10:00:00 AM,359.05,60.27,56.49,54.19,61.33,59.73,67.03,0
4/26/2020 9:00:00 AM,359.24,60.36,56.54,54.19,61.35,59.75,67.04,0
4/26/2020 8:00:00 AM,359.36,60.44,56.57,54.19,61.35,59.76,67.04,0
4/26/2020 7:00:00 AM,359.41,60.52,56.58,54.18,61.35,59.75,67.03,0
4/26/2020 6:00:00 AM,359.4,60.55,56.55,54.18,61.35,59.74,67.03,0
4/26/2020 5:00:00 AM,359.4,60.59,56.54,54.17,61.35,59.72,67.02,0
4/26/2020 4:00:00 AM,359.38,60.62,56.52,54.16,61.34,59.72,67.01,0
4/26/2020 3:00:00 AM,359.34,60.65,56.5,54.15,61.33,59.7,67,0
4/26/2020 2:00:00 AM,359.3,60.68,56.47,54.13,61.33,59.69,67.01,0
4/26/2020 1:00:00 AM,359.26,60.69,56.44,54.13,61.33,59.68,66.98,0
4/26/2020 12:00:00 AM,359.2,60.71,56.41,54.11,61.33,59.66,66.97,0
4/25/2020 11:00:00 PM,359.14,60.69,56.39,54.11,61.33,59.64,66.98,0
4/25/2020 10:00:00 PM,359.01,60.67,56.34,54.1,61.31,59.63,66.96,0
4/25/2020 9:00:00 PM,358.94,60.67,56.31,54.1,61.3,59.61,66.96,0
4/25/2020 8:00:00 PM,358.85,60.62,56.29,54.08,61.3,59.6,66.96,0
4/25/2020 7:00:00 PM,358.72,60.56,56.25,54.08,61.3,59.58,66.95,0
4/25/2020 6:00:00 PM,358.6,60.52,56.23,54.07,61.29,59.56,66.94,0
4/25/2020 5:00:00 PM,358.55,60.51,56.22,54.06,61.29,59.54,66.94,0
4/25/2020 4:00:00 PM,358.58,60.51,56.23,54.06,61.29,59.53,66.95,0
4/25/2020 3:00:00 PM,358.72,60.56,56.26,54.07,61.31,59.54,66.97,0
4/25/2020 2:00:00 PM,358.96,60.62,56.32,54.08,61.34,59.58,67.01,0
4/25/2020 1:00:00 PM,359.24,60.69,56.39,54.1,61.36,59.65,67.05,0
4/25/2020 12:00:00 PM,359.51,60.74,56.43,54.14,61.39,59.71,67.09,0.25
4/25/2020 11:00:00 AM,359.75,60.81,56.48,54.15,61.41,59.77,67.13,0
4/25/2020 10:00:00 AM,359.99,60.87,56.52,54.18,61.44,59.83,67.15,0
4/25/2020 9:00:00 AM,360.1,60.92,56.52,54.17,61.46,59.86,67.16,0
4/25/2020 8:00:00 AM,360.11,60.95,56.5,54.17,61.47,59.88,67.15,0
4/25/2020 7:00:00 AM,360.06,60.97,56.43,54.18,61.47,59.87,67.15,0
4/25/2020 6:00:00 AM,359.93,60.96,56.34,54.17,61.47,59.84,67.15,0
4/25/2020 5:00:00 AM,359.82,60.95,56.25,54.16,61.47,59.83,67.15,0
4/25/2020 4:00:00 AM,359.68,60.93,56.16,54.15,61.47,59.82,67.14,0
4/25/2020 3:00:00 AM,359.49,60.9,56.05,54.14,61.47,59.81,67.13,0
4/25/2020 2:00:00 AM,359.27,60.85,55.93,54.13,61.46,59.79,67.13,0
4/25/2020 1:00:00 AM,359.04,60.79,55.79,54.11,61.46,59.78,67.12,0
4/25/2020 12:00:00 AM,358.81,60.74,55.64,54.11,61.45,59.76,67.11,0
4/24/2020 11:00:00 PM,358.5,60.64,55.46,54.1,61.45,59.74,67.1,0
4/24/2020 10:00:00 PM,358.08,60.51,55.23,54.1,61.44,59.71,67.09,0
4/24/2020 9:00:00 PM,357.63,60.35,54.98,54.08,61.44,59.69,67.09,0
4/24/2020 8:00:00 PM,357.14,60.15,54.74,54.07,61.43,59.66,67.08,0
4/24/2020 7:00:00 PM,356.58,59.9,54.48,54.06,61.43,59.65,67.07,0
4/24/2020 6:00:00 PM,355.89,59.53,54.17,54.06,61.43,59.63,67.07,0
4/24/2020 5:00:00 PM,355.04,59,53.83,54.06,61.44,59.62,67.1,0
4/24/2020 4:00:00 PM,353.96,58.16,53.53,54.06,61.46,59.62,67.13,0
4/24/2020 3:00:00 PM,352.02,56.33,53.31,54.08,61.47,59.66,67.16,0.25
4/24/2020 2:00:00 PM,349.46,53.72,53.21,54.1,61.5,59.72,67.21,1
4/24/2020 1:00:00 PM,348.05,52.16,53.18,54.13,61.53,59.79,67.26,1
4/24/2020 12:00:00 PM,347.58,51.49,53.19,54.15,61.57,59.88,67.3,1
4/24/2020 11:00:00 AM,347.53,51.27,53.21,54.17,61.58,59.95,67.35,1
4/24/2020 10:00:00 AM,347.75,51.2,53.25,54.2,61.62,60.06,67.41,1
4/24/2020 9:00:00 AM,347.94,51.22,53.28,54.22,61.64,60.14,67.45,1
4/24/2020 8:00:00 AM,348.15,51.25,53.29,54.23,61.68,60.2,67.49,1
4/24/2020 7:00:00 AM,348.23,51.29,53.3,54.22,61.69,60.23,67.5,1
4/24/2020 6:00:00 AM,348.34,51.34,53.31,54.22,61.72,60.25,67.51,1
4/24/2020 5:00:00 AM,348.34,51.36,53.31,54.22,61.72,60.24,67.49,1
4/24/2020 4:00:00 AM,348.3,51.39,53.31,54.19,61.71,60.22,67.49,1
4/24/2020 3:00:00 AM,348.26,51.39,53.31,54.17,61.71,60.21,67.48,1
4/24/2020 2:00:00 AM,348.25,51.43,53.28,54.17,61.7,60.19,67.47,1
4/24/2020 1:00:00 AM,348.24,51.45,53.27,54.16,61.7,60.17,67.47,1
4/24/2020 12:00:00 AM,348.19,51.47,53.27,54.14,61.69,60.15,67.46,1
4/23/2020 11:00:00 PM,348.2,51.5,53.27,54.13,61.7,60.13,67.47,1
4/23/2020 10:00:00 PM,348.12,51.48,53.25,54.12,61.69,60.12,67.45,1
4/23/2020 9:00:00 PM,348.06,51.48,53.24,54.1,61.69,60.1,67.45,1
4/23/2020 8:00:00 PM,347.98,51.45,53.22,54.08,61.7,60.07,67.45,1
4/23/2020 7:00:00 PM,347.86,51.39,53.22,54.07,61.68,60.04,67.46,1
4/23/2020 6:00:00 PM,347.86,51.36,53.2,54.07,61.69,60.05,67.48,1
4/23/2020 5:00:00 PM,347.93,51.3,53.22,54.09,61.74,60.07,67.52,1
4/23/2020 4:00:00 PM,348.17,51.27,53.23,54.13,61.8,60.14,67.61,1
4/23/2020 3:00:00 PM,348.44,51.24,53.25,54.19,61.86,60.23,67.66,0.667
4/23/2020 2:00:00 PM,348.81,51.23,53.28,54.27,61.94,60.35,67.74,0
4/23/2020 1:00:00 PM,349.26,51.25,53.31,54.34,62.03,60.5,67.82,0
4/23/2020 12:00:00 PM,349.75,51.3,53.37,54.42,62.12,60.65,67.9,0
4/23/2020 11:00:00 AM,350.12,51.33,53.39,54.48,62.17,60.78,67.96,0
4/23/2020 10:00:00 AM,350.54,51.41,53.43,54.54,62.24,60.91,68.02,0
4/23/2020 9:00:00 AM,351.12,51.53,53.48,54.6,62.32,61.09,68.09,0
4/23/2020 8:00:00 AM,351.38,51.61,53.49,54.65,62.36,61.16,68.13,0
4/23/2020 7:00:00 AM,351.47,51.64,53.48,54.65,62.39,61.18,68.13,0
4/23/2020 6:00:00 AM,351.47,51.65,53.47,54.64,62.39,61.19,68.13,0
4/23/2020 5:00:00 AM,351.46,51.67,53.46,54.63,62.39,61.18,68.13,0
4/23/2020 4:00:00 AM,351.44,51.68,53.44,54.62,62.4,61.18,68.13,0
4/23/2020 3:00:00 AM,351.43,51.69,53.43,54.61,62.4,61.18,68.12,0
4/23/2020 2:00:00 AM,351.36,51.69,53.42,54.61,62.4,61.16,68.09,0
4/23/2020 1:00:00 AM,351.32,51.67,53.4,54.59,62.41,61.15,68.1,0
4/23/2020 12:00:00 AM,351.28,51.67,53.38,54.59,62.42,61.12,68.1,0
4/22/2020 11:00:00 PM,351.19,51.65,53.36,54.58,62.42,61.1,68.08,0
4/22/2020 10:00:00 PM,351.11,51.61,53.35,54.56,62.42,61.09,68.08,0
4/22/2020 9:00:00 PM,351.02,51.57,53.34,54.55,62.41,61.08,68.07,0
4/22/2020 8:00:00 PM,350.88,51.49,53.33,54.54,62.43,61.04,68.05,0
4/22/2020 7:00:00 PM,350.74,51.38,53.31,54.55,62.42,61.03,68.05,0
4/22/2020 6:00:00 PM,350.66,51.29,53.31,54.55,62.44,61.01,68.07,0
4/22/2020 5:00:00 PM,350.73,51.22,53.31,54.57,62.48,61.03,68.12,0
4/22/2020 4:00:00 PM,350.88,51.16,53.33,54.61,62.53,61.09,68.17,0
4/22/2020 3:00:00 PM,351.17,51.11,53.37,54.66,62.6,61.2,68.23,0
4/22/2020 2:00:00 PM,351.6,51.11,53.41,54.74,62.69,61.34,68.31,0
4/22/2020 1:00:00 PM,352,51.14,53.46,54.8,62.76,61.47,68.36,0
4/22/2020 12:00:00 PM,352.37,51.18,53.49,54.86,62.83,61.59,68.42,0
4/22/2020 11:00:00 AM,352.76,51.24,53.52,54.92,62.89,61.72,68.47,0
4/22/2020 10:00:00 AM,353.14,51.31,53.56,54.97,62.94,61.84,68.52,0
4/22/2020 9:00:00 AM,353.42,51.39,53.58,54.99,62.98,61.92,68.57,0
4/22/2020 8:00:00 AM,353.6,51.46,53.59,55,63.02,61.96,68.57,0
4/22/2020 7:00:00 AM,353.68,51.53,53.59,54.99,63.04,61.96,68.57,0
4/22/2020 6:00:00 AM,353.7,51.57,53.59,55,63.04,61.95,68.56,0
4/22/2020 5:00:00 AM,353.68,51.59,53.58,54.99,63.04,61.93,68.56,0
4/22/2020 4:00:00 AM,353.67,51.6,53.57,54.98,63.04,61.93,68.55,0
4/22/2020 3:00:00 AM,353.63,51.62,53.55,54.97,63.04,61.92,68.54,0
4/22/2020 2:00:00 AM,353.6,51.63,53.54,54.97,63.04,61.91,68.53,0
4/22/2020 1:00:00 AM,353.57,51.63,53.52,54.97,63.04,61.88,68.53,0
4/22/2020 12:00:00 AM,353.51,51.62,53.51,54.96,63.04,61.87,68.52,0
4/21/2020 11:00:00 PM,353.44,51.6,53.51,54.94,63.04,61.86,68.51,0
4/21/2020 10:00:00 PM,353.37,51.57,53.49,54.94,63.03,61.84,68.5,0
4/21/2020 9:00:00 PM,353.27,51.5,53.48,54.94,63.04,61.82,68.49,0
4/21/2020 8:00:00 PM,353.17,51.45,53.47,54.93,63.04,61.81,68.47,0
4/21/2020 7:00:00 PM,353.06,51.35,53.47,54.93,63.04,61.78,68.49,0
4/21/2020 6:00:00 PM,352.95,51.26,53.46,54.93,63.05,61.76,68.49,0
4/21/2020 5:00:00 PM,353.01,51.19,53.47,54.95,63.09,61.78,68.52,0
4/21/2020 4:00:00 PM,353.15,51.15,53.51,54.97,63.15,61.83,68.55,0
4/21/2020 3:00:00 PM,353.37,51.12,53.54,55.02,63.2,61.88,68.61,0
4/21/2020 2:00:00 PM,353.74,51.11,53.58,55.1,63.27,62.01,68.67,0
4/21/2020 1:00:00 PM,354.1,51.13,53.63,55.15,63.34,62.11,68.73,0
4/21/2020 12:00:00 PM,354.52,51.18,53.68,55.22,63.41,62.24,68.78,0
4/21/2020 11:00:00 AM,354.88,51.26,53.71,55.28,63.46,62.34,68.83,0
4/21/2020 10:00:00 AM,355.23,51.32,53.76,55.33,63.52,62.44,68.87,0
4/21/2020 9:00:00 AM,355.47,51.39,53.78,55.34,63.56,62.5,68.89,0
4/21/2020 8:00:00 AM,355.62,51.47,53.8,55.35,63.59,62.52,68.9,0
4/21/2020 7:00:00 AM,355.67,51.53,53.81,55.35,63.58,62.51,68.89,0
4/21/2020 6:00:00 AM,355.66,51.56,53.79,55.34,63.58,62.51,68.87,0
4/21/2020 5:00:00 AM,355.69,51.6,53.81,55.34,63.58,62.49,68.88,0
4/21/2020 4:00:00 AM,355.71,51.63,53.81,55.33,63.58,62.49,68.87,0
4/21/2020 3:00:00 AM,355.69,51.66,53.81,55.31,63.58,62.46,68.87,0
4/21/2020 2:00:00 AM,355.69,51.68,53.81,55.32,63.58,62.45,68.85,0
4/21/2020 1:00:00 AM,355.66,51.69,53.8,55.3,63.58,62.45,68.84,0
4/21/2020 12:00:00 AM,355.66,51.71,53.8,55.3,63.58,62.44,68.84,0
4/20/2020 11:00:00 PM,355.62,51.72,53.79,55.29,63.57,62.43,68.82,0
4/20/2020 10:00:00 PM,355.58,51.71,53.79,55.29,63.57,62.4,68.82,0
4/20/2020 9:00:00 PM,355.51,51.69,53.79,55.27,63.57,62.39,68.8,0
4/20/2020 8:00:00 PM,355.44,51.66,53.78,55.27,63.56,62.38,68.79,0
4/20/2020 7:00:00 PM,355.38,51.64,53.78,55.26,63.56,62.35,68.8,0
4/20/2020 6:00:00 PM,355.32,51.6,53.78,55.25,63.57,62.33,68.78,0
4/20/2020 5:00:00 PM,355.29,51.56,53.78,55.26,63.57,62.33,68.79,0
4/20/2020 4:00:00 PM,355.32,51.53,53.8,55.27,63.59,62.33,68.81,0
4/20/2020 3:00:00 PM,355.4,51.51,53.81,55.28,63.62,62.35,68.83,0
4/20/2020 2:00:00 PM,355.55,51.51,53.83,55.31,63.66,62.39,68.85,0
4/20/2020 1:00:00 PM,355.77,51.53,53.86,55.34,63.69,62.45,68.89,0
4/20/2020 12:00:00 PM,355.98,51.55,53.88,55.37,63.72,62.52,68.93,0
4/20/2020 11:00:00 AM,356.19,51.6,53.9,55.4,63.75,62.58,68.96,0
4/20/2020 10:00:00 AM,356.37,51.64,53.92,55.42,63.78,62.63,68.98,0
4/20/2020 9:00:00 AM,356.46,51.67,53.93,55.42,63.79,62.66,68.99,0
4/20/2020 8:00:00 AM,356.54,51.71,53.93,55.42,63.81,62.68,69,0
4/20/2020 7:00:00 AM,356.6,51.76,53.94,55.41,63.83,62.67,68.99,0
4/20/2020 6:00:00 AM,356.64,51.79,53.94,55.42,63.83,62.68,68.98,0
4/20/2020 5:00:00 AM,356.63,51.83,53.94,55.4,63.82,62.66,68.97,0
4/20/2020 4:00:00 AM,356.63,51.85,53.94,55.4,63.83,62.65,68.97,0
4/20/2020 3:00:00 AM,356.63,51.87,53.93,55.39,63.83,62.64,68.96,0
4/20/2020 2:00:00 AM,356.59,51.88,53.92,55.38,63.82,62.63,68.95,0
4/20/2020 1:00:00 AM,356.58,51.9,53.92,55.37,63.83,62.62,68.94,0
4/20/2020 12:00:00 AM,356.57,51.91,53.91,55.37,63.83,62.61,68.94,0
4/19/2020 11:00:00 PM,356.49,51.9,53.9,55.36,63.82,62.59,68.93,0
4/19/2020 10:00:00 PM,356.45,51.89,53.89,55.35,63.83,62.58,68.91,0
4/19/2020 9:00:00 PM,356.34,51.86,53.89,55.34,63.82,62.54,68.9,0
4/19/2020 8:00:00 PM,356.28,51.82,53.89,55.34,63.82,62.51,68.9,0
4/19/2020 7:00:00 PM,356.15,51.76,53.89,55.32,63.81,62.5,68.88,0
4/19/2020 6:00:00 PM,356.09,51.68,53.89,55.33,63.82,62.48,68.89,0
4/19/2020 5:00:00 PM,356.14,51.65,53.91,55.34,63.86,62.48,68.9,0
4/19/2020 4:00:00 PM,356.23,51.61,53.93,55.36,63.89,62.51,68.93,0
4/19/2020 3:00:00 PM,356.46,51.6,53.96,55.4,63.95,62.57,68.98,0
4/19/2020 2:00:00 PM,356.76,51.61,53.99,55.46,64.01,62.65,69.03,0
4/19/2020 1:00:00 PM,357.01,51.62,54.04,55.5,64.04,62.74,69.07,0
4/19/2020 12:00:00 PM,357.33,51.67,54.06,55.55,64.1,62.82,69.12,0
4/19/2020 11:00:00 AM,357.61,51.72,54.09,55.61,64.14,62.91,69.15,0
4/19/2020 10:00:00 AM,357.98,51.8,54.14,55.63,64.2,63.01,69.21,0
4/19/2020 9:00:00 AM,358.2,51.86,54.16,55.66,64.23,63.06,69.22,0
4/19/2020 8:00:00 AM,358.36,51.92,54.18,55.67,64.26,63.1,69.23,0
4/19/2020 7:00:00 AM,358.45,52,54.19,55.66,64.27,63.1,69.23,0
4/19/2020 6:00:00 AM,358.46,52.04,54.19,55.65,64.27,63.08,69.22,0
4/19/2020 5:00:00 AM,358.48,52.08,54.19,55.66,64.27,63.07,69.22,0
4/19/2020 4:00:00 AM,358.5,52.12,54.19,55.63,64.27,63.06,69.22,0
4/19/2020 3:00:00 AM,358.47,52.16,54.18,55.63,64.26,63.05,69.19,0
4/19/2020 2:00:00 AM,358.49,52.19,54.18,55.62,64.27,63.04,69.19,0
4/19/2020 1:00:00 AM,358.47,52.21,54.17,55.61,64.26,63.03,69.18,0
4/19/2020 12:00:00 AM,358.43,52.23,54.16,55.6,64.26,63.02,69.17,0
