Agri-Park East SMP,Irrigation Zone 16" - 36",Soil Moisture 8",Soil Moisture 16",Soil Moisture 28",Soil Moisture 36",Soil Moisture 48",Soil Moisture 56",Pressure Switch - Calculated
5/28/2020 10:00:00 AM,212.69,63.18,79.18,79.59,53.93,68.68,87.74,1
5/28/2020 9:00:00 AM,213.25,63.75,79.67,79.67,53.92,68.68,87.73,1
5/28/2020 8:00:00 AM,213.66,64.22,80.04,79.71,53.91,68.69,87.74,1
5/28/2020 7:00:00 AM,213.95,64.6,80.29,79.77,53.9,68.67,87.76,1
5/28/2020 6:00:00 AM,214.01,64.8,80.35,79.77,53.89,68.67,87.76,1
5/28/2020 5:00:00 AM,213.99,64.88,80.35,79.76,53.88,68.65,87.77,1
5/28/2020 4:00:00 AM,213.97,65.02,80.34,79.75,53.88,68.65,87.79,1
5/28/2020 3:00:00 AM,213.94,65.13,80.34,79.74,53.86,68.64,87.8,1
5/28/2020 2:00:00 AM,213.92,65.21,80.33,79.74,53.85,68.64,87.81,1
5/28/2020 1:00:00 AM,213.86,65.3,80.28,79.72,53.85,68.62,87.82,1
5/28/2020 12:00:00 AM,213.84,65.36,80.29,79.71,53.84,68.62,87.83,1
5/27/2020 11:00:00 PM,213.79,65.42,80.26,79.7,53.83,68.6,87.84,0.75
5/27/2020 10:00:00 PM,213.73,65.44,80.22,79.69,53.82,68.61,87.85,1
5/27/2020 9:00:00 PM,213.7,65.47,80.2,79.68,53.82,68.59,87.88,1
5/27/2020 8:00:00 PM,213.72,65.45,80.2,79.68,53.83,68.58,87.89,1
5/27/2020 7:00:00 PM,213.78,65.46,80.25,79.71,53.83,68.58,87.89,1
5/27/2020 6:00:00 PM,214.03,65.64,80.44,79.76,53.83,68.57,87.88,1
5/27/2020 5:00:00 PM,214.56,66.04,80.82,79.89,53.85,68.57,87.85,1
5/27/2020 4:00:00 PM,215.24,66.61,81.36,80,53.88,68.58,87.82,0.75
5/27/2020 3:00:00 PM,216.03,67.28,82.01,80.13,53.9,68.61,87.79,0
5/27/2020 2:00:00 PM,216.83,67.96,82.69,80.24,53.9,68.62,87.76,0.5
5/27/2020 1:00:00 PM,217.63,68.6,83.35,80.36,53.93,68.63,87.74,1
5/27/2020 12:00:00 PM,218.39,69.23,84,80.46,53.93,68.62,87.69,1
5/27/2020 11:00:00 AM,219.11,69.85,84.62,80.57,53.93,68.63,87.71,1
5/27/2020 10:00:00 AM,219.78,70.4,85.18,80.66,53.94,68.64,87.68,1
5/27/2020 9:00:00 AM,220.27,70.86,85.61,80.74,53.93,68.64,87.68,1
5/27/2020 8:00:00 AM,220.62,71.21,85.89,80.81,53.92,68.62,87.68,1
5/27/2020 7:00:00 AM,220.8,71.45,86.05,80.85,53.9,68.62,87.7,1
5/27/2020 6:00:00 AM,220.83,71.57,86.06,80.87,53.9,68.6,87.72,1
5/27/2020 5:00:00 AM,220.82,71.65,86.07,80.87,53.88,68.62,87.72,1
5/27/2020 4:00:00 AM,220.81,71.73,86.06,80.87,53.88,68.59,87.73,1
5/27/2020 3:00:00 AM,220.76,71.79,86.02,80.88,53.86,68.6,87.76,1
5/27/2020 2:00:00 AM,220.71,71.86,85.99,80.88,53.84,68.6,87.75,1
5/27/2020 1:00:00 AM,220.66,71.89,85.94,80.88,53.84,68.59,87.76,1
5/27/2020 12:00:00 AM,220.61,71.94,85.91,80.88,53.83,68.59,87.77,1
5/26/2020 11:00:00 PM,220.53,71.95,85.84,80.88,53.81,68.58,87.79,1
5/26/2020 10:00:00 PM,220.46,71.95,85.78,80.88,53.8,68.59,87.8,1
5/26/2020 9:00:00 PM,220.41,71.95,85.73,80.88,53.79,68.57,87.82,1
5/26/2020 8:00:00 PM,220.32,71.9,85.65,80.88,53.79,68.57,87.83,1
5/26/2020 7:00:00 PM,220.24,71.86,85.58,80.87,53.79,68.56,87.84,1
5/26/2020 6:00:00 PM,220.22,71.9,85.54,80.9,53.78,68.56,87.84,1
5/26/2020 5:00:00 PM,220.36,72.07,85.65,80.93,53.78,68.55,87.83,1
5/26/2020 4:00:00 PM,220.77,72.44,85.94,81.04,53.79,68.56,87.81,1
5/26/2020 3:00:00 PM,221.23,72.92,86.3,81.13,53.8,68.57,87.79,1
5/26/2020 2:00:00 PM,221.82,73.48,86.75,81.26,53.81,68.59,87.76,1
5/26/2020 1:00:00 PM,222.42,73.96,87.18,81.41,53.83,68.58,87.74,1
5/26/2020 12:00:00 PM,222.99,74.39,87.6,81.57,53.82,68.59,87.73,1
5/26/2020 11:00:00 AM,223.52,74.72,87.99,81.72,53.82,68.59,87.71,1
5/26/2020 10:00:00 AM,224.04,75.03,88.34,81.87,53.82,68.59,87.71,1
5/26/2020 9:00:00 AM,224.52,75.33,88.71,82.01,53.8,68.57,87.72,1
5/26/2020 8:00:00 AM,224.91,75.61,89.01,82.11,53.78,68.58,87.73,1
5/26/2020 7:00:00 AM,225.21,75.86,89.23,82.19,53.79,68.57,87.74,1
5/26/2020 6:00:00 AM,225.3,76.02,89.32,82.22,53.76,68.58,87.75,1
5/26/2020 5:00:00 AM,225.38,76.16,89.39,82.25,53.74,68.57,87.76,1
5/26/2020 4:00:00 AM,225.47,76.33,89.46,82.29,53.72,68.57,87.77,1
5/26/2020 3:00:00 AM,225.58,76.49,89.56,82.32,53.7,68.57,87.79,1
5/26/2020 2:00:00 AM,225.73,76.68,89.69,82.36,53.68,68.55,87.8,1
5/26/2020 1:00:00 AM,225.83,76.89,89.77,82.41,53.65,68.55,87.8,1
5/26/2020 12:00:00 AM,225.98,77.09,89.88,82.47,53.63,68.56,87.81,1
5/25/2020 11:00:00 PM,226.13,77.31,89.99,82.53,53.61,68.55,87.83,1
5/25/2020 10:00:00 PM,226.36,77.52,90.15,82.63,53.59,68.55,87.83,1
5/25/2020 9:00:00 PM,227.38,77.77,91.11,82.71,53.57,68.55,87.85,1
5/25/2020 8:00:00 PM,227.63,78.05,91.27,82.81,53.55,68.54,87.85,1
5/25/2020 7:00:00 PM,227.74,78.44,91.29,82.91,53.54,68.55,87.87,1
5/25/2020 6:00:00 PM,227.86,79.16,91.28,83.08,53.51,68.54,87.87,1
5/25/2020 5:00:00 PM,228.21,80.82,91.32,83.4,53.5,68.55,87.86,1
5/25/2020 4:00:00 PM,228.72,85.24,91.37,83.86,53.49,68.57,87.85,1
5/25/2020 3:00:00 PM,229.14,90.8,91.43,84.23,53.48,68.59,87.83,1
5/25/2020 2:00:00 PM,229.25,91.35,91.51,84.26,53.48,68.59,87.82,1
5/25/2020 1:00:00 PM,228.83,91.36,91.59,83.76,53.48,68.6,87.8,1
5/25/2020 12:00:00 PM,228.56,91.38,91.69,83.38,53.48,68.62,87.79,1
5/25/2020 11:00:00 AM,228.17,91.39,91.82,82.88,53.47,68.62,87.78,1
5/25/2020 10:00:00 AM,227.84,91.43,91.96,82.4,53.48,68.62,87.79,1
5/25/2020 9:00:00 AM,226.61,91.31,92.15,80.98,53.48,68.64,87.8,1
5/25/2020 8:00:00 AM,223.64,83.54,92.23,77.92,53.49,68.65,87.8,1
5/25/2020 7:00:00 AM,221.53,74.84,92.02,76.02,53.5,68.65,87.82,1
5/25/2020 6:00:00 AM,220.16,73.66,91.44,75.22,53.5,68.64,87.83,1
5/25/2020 5:00:00 AM,219.18,72.04,90.47,75.22,53.49,68.65,87.84,1
5/25/2020 4:00:00 AM,217.28,70.14,88.49,75.31,53.49,68.65,87.86,1
5/25/2020 3:00:00 AM,212.62,68.48,83.78,75.36,53.48,68.65,87.88,1
5/25/2020 2:00:00 AM,209.44,67.44,80.56,75.4,53.48,68.65,87.88,1
5/25/2020 1:00:00 AM,209.23,66.97,80.32,75.42,53.48,68.64,87.89,1
5/25/2020 12:00:00 AM,209.16,66.78,80.23,75.45,53.48,68.65,87.9,1
5/24/2020 11:00:00 PM,209.11,66.61,80.16,75.47,53.48,68.65,87.92,1
5/24/2020 10:00:00 PM,209.1,66.41,80.12,75.5,53.48,68.65,87.94,1
5/24/2020 9:00:00 PM,209.08,66.17,80.08,75.52,53.48,68.64,87.95,1
5/24/2020 8:00:00 PM,209.09,65.89,80.06,75.55,53.48,68.63,87.96,1
5/24/2020 7:00:00 PM,209.23,65.64,80.14,75.6,53.48,68.64,87.95,1
5/24/2020 6:00:00 PM,209.57,65.5,80.37,75.69,53.51,68.62,87.94,1
5/24/2020 5:00:00 PM,210.13,65.51,80.79,75.81,53.54,68.62,87.94,1
5/24/2020 4:00:00 PM,210.86,65.88,81.34,75.96,53.57,68.64,87.93,1
5/24/2020 3:00:00 PM,211.69,66.39,82,76.1,53.59,68.65,87.9,1
5/24/2020 2:00:00 PM,212.6,66.98,82.74,76.24,53.63,68.64,87.88,1
5/24/2020 1:00:00 PM,213.45,67.53,83.42,76.38,53.65,68.65,87.87,1
5/24/2020 12:00:00 PM,214.22,68.07,84.06,76.5,53.66,68.65,87.85,1
5/24/2020 11:00:00 AM,214.82,68.49,84.55,76.6,53.67,68.64,87.87,1
5/24/2020 10:00:00 AM,215.29,68.84,84.93,76.69,53.67,68.65,87.86,1
5/24/2020 9:00:00 AM,215.71,69.18,85.25,76.78,53.68,68.63,87.87,1
5/24/2020 8:00:00 AM,215.95,69.48,85.44,76.84,53.67,68.62,87.88,1
5/24/2020 7:00:00 AM,216.07,69.68,85.51,76.89,53.67,68.62,87.9,1
5/24/2020 6:00:00 AM,216.11,69.8,85.52,76.91,53.68,68.62,87.91,1
5/24/2020 5:00:00 AM,216.12,69.9,85.52,76.92,53.67,68.61,87.92,1
5/24/2020 4:00:00 AM,216.09,69.99,85.49,76.93,53.67,68.6,87.94,1
5/24/2020 3:00:00 AM,216.09,70.08,85.48,76.94,53.67,68.59,87.95,1
5/24/2020 2:00:00 AM,216.09,70.14,85.46,76.97,53.67,68.6,87.97,1
5/24/2020 1:00:00 AM,216.08,70.2,85.42,76.98,53.67,68.59,87.97,1
5/24/2020 12:00:00 AM,216.04,70.25,85.38,76.99,53.67,68.57,87.99,1
5/23/2020 11:00:00 PM,216.03,70.28,85.35,77.01,53.67,68.58,88,1
5/23/2020 10:00:00 PM,216.02,70.29,85.31,77.03,53.68,68.57,88.01,1
5/23/2020 9:00:00 PM,215.98,70.28,85.25,77.04,53.69,68.56,88.03,1
5/23/2020 8:00:00 PM,215.96,70.23,85.21,77.06,53.69,68.56,88.04,1
5/23/2020 7:00:00 PM,215.93,70.17,85.17,77.07,53.69,68.55,88.06,1
5/23/2020 6:00:00 PM,216.03,70.22,85.23,77.11,53.69,68.54,88.06,1
5/23/2020 5:00:00 PM,216.35,70.44,85.46,77.19,53.7,68.54,88.06,1
5/23/2020 4:00:00 PM,216.78,70.78,85.78,77.29,53.71,68.54,88.08,1
5/23/2020 3:00:00 PM,217.27,71.23,86.13,77.41,53.72,68.52,88.07,1
5/23/2020 2:00:00 PM,217.82,71.72,86.52,77.56,53.74,68.53,88.06,1
5/23/2020 1:00:00 PM,218.38,72.22,86.91,77.7,53.77,68.53,88.04,1
5/23/2020 12:00:00 PM,218.96,72.72,87.31,77.87,53.78,68.52,88.05,1
5/23/2020 11:00:00 AM,219.48,73.16,87.66,78.03,53.79,68.52,88.05,1
5/23/2020 10:00:00 AM,219.98,73.56,88,78.18,53.8,68.52,88.06,1
5/23/2020 9:00:00 AM,220.46,73.94,88.32,78.33,53.81,68.51,88.06,1
5/23/2020 8:00:00 AM,220.94,74.36,88.64,78.47,53.83,68.51,88.08,1
5/23/2020 7:00:00 AM,221.31,74.7,88.9,78.58,53.83,68.48,88.09,1
5/23/2020 6:00:00 AM,221.55,75,89.09,78.63,53.83,68.49,88.1,1
5/23/2020 5:00:00 AM,221.68,75.22,89.21,78.63,53.83,68.47,88.12,1
5/23/2020 4:00:00 AM,221.82,75.48,89.33,78.65,53.84,68.46,88.14,1
5/23/2020 3:00:00 AM,221.95,75.74,89.44,78.67,53.84,68.45,88.15,1
5/23/2020 2:00:00 AM,222.08,76.02,89.56,78.68,53.84,68.44,88.16,1
5/23/2020 1:00:00 AM,222.21,76.31,89.69,78.68,53.84,68.44,88.19,1
5/23/2020 12:00:00 AM,222.38,76.63,89.83,78.7,53.85,68.44,88.2,1
5/22/2020 11:00:00 PM,222.6,76.99,90.04,78.71,53.86,68.43,88.22,1
5/22/2020 10:00:00 PM,222.8,77.41,90.24,78.7,53.87,68.42,88.23,1
5/22/2020 9:00:00 PM,223.19,77.91,90.65,78.67,53.88,68.42,88.26,1
5/22/2020 8:00:00 PM,223.23,78.43,90.7,78.65,53.88,68.41,88.28,1
5/22/2020 7:00:00 PM,223.26,79.21,90.77,78.6,53.89,68.4,88.28,1
5/22/2020 6:00:00 PM,223.33,80.76,90.83,78.61,53.89,68.39,88.29,1
5/22/2020 5:00:00 PM,223.45,84.3,90.89,78.64,53.92,68.39,88.3,1
5/22/2020 4:00:00 PM,223.52,89.45,90.93,78.66,53.93,68.41,88.3,1
5/22/2020 3:00:00 PM,223.57,92.17,90.97,78.63,53.97,68.4,88.31,1
5/22/2020 2:00:00 PM,223.58,92.26,91.05,78.53,54,68.4,88.31,1
5/22/2020 1:00:00 PM,223.61,92.29,91.11,78.47,54.03,68.4,88.3,1
5/22/2020 12:00:00 PM,223.7,92.33,91.16,78.48,54.06,68.41,88.3,1
5/22/2020 11:00:00 AM,223.82,92.36,91.23,78.49,54.1,68.42,88.31,1
5/22/2020 10:00:00 AM,223.93,92.39,91.24,78.55,54.13,68.41,88.32,1
5/22/2020 9:00:00 AM,224.29,92.44,91.26,78.87,54.16,68.42,88.34,1
5/22/2020 8:00:00 AM,224.79,92.5,91.4,79.19,54.2,68.39,88.36,1
5/22/2020 7:00:00 AM,225.06,92.64,91.54,79.27,54.24,68.4,88.39,1
5/22/2020 6:00:00 AM,225,92.88,91.68,79.05,54.27,68.41,88.41,1
5/22/2020 5:00:00 AM,223.47,93.14,91.57,77.59,54.31,68.39,88.44,1
5/22/2020 4:00:00 AM,222.83,93.41,91.1,77.39,54.35,68.39,88.46,1
5/22/2020 3:00:00 AM,223.73,93.59,91.34,78,54.39,68.39,88.47,1
5/22/2020 2:00:00 AM,224.26,92.91,91.67,78.15,54.44,68.41,88.5,1
5/22/2020 1:00:00 AM,223.05,90.54,92.11,76.41,54.53,68.43,88.53,1
5/22/2020 12:00:00 AM,208.21,83.59,91.89,61.7,54.62,68.67,88.58,1
5/21/2020 11:00:00 PM,178.98,80.24,64.79,59.47,54.72,68.89,88.67,1
5/21/2020 10:00:00 PM,171.9,75.68,57.61,59.54,54.75,68.88,88.69,1
5/21/2020 9:00:00 PM,171.85,70.26,57.49,59.59,54.78,68.84,88.72,1
5/21/2020 8:00:00 PM,171.92,58.4,57.44,59.67,54.81,68.8,88.75,1
5/21/2020 7:00:00 PM,172.08,48.42,57.47,59.75,54.87,68.75,88.73,1
5/21/2020 6:00:00 PM,172.29,45.88,57.51,59.83,54.94,68.72,88.69,1
5/21/2020 5:00:00 PM,172.7,44.32,57.65,60.02,55.04,68.75,88.66,1
5/21/2020 4:00:00 PM,173.06,44.03,57.76,60.18,55.12,68.82,88.6,1
5/21/2020 3:00:00 PM,173.36,44.04,57.88,60.28,55.19,68.87,88.52,1
5/21/2020 2:00:00 PM,173.7,44.06,58.03,60.41,55.26,68.94,88.46,1
5/21/2020 1:00:00 PM,174.13,44.12,58.2,60.57,55.37,69.03,88.4,1
5/21/2020 12:00:00 PM,174.48,44.17,58.34,60.69,55.45,69.1,88.33,1
5/21/2020 11:00:00 AM,174.77,44.23,58.45,60.79,55.53,69.19,88.29,1
5/21/2020 10:00:00 AM,175.03,44.27,58.55,60.88,55.59,69.28,88.23,1
5/21/2020 9:00:00 AM,175.23,44.33,58.62,60.94,55.66,69.36,88.21,1
5/21/2020 8:00:00 AM,175.32,44.39,58.64,60.98,55.7,69.4,88.2,1
5/21/2020 7:00:00 AM,175.36,44.45,58.65,60.99,55.72,69.4,88.23,1
5/21/2020 6:00:00 AM,175.36,44.51,58.64,61,55.71,69.37,88.25,1
5/21/2020 5:00:00 AM,175.38,44.56,58.64,61.01,55.72,69.37,88.26,1
5/21/2020 4:00:00 AM,175.36,44.61,58.62,61.01,55.72,69.33,88.29,1
5/21/2020 3:00:00 AM,175.38,44.65,58.62,61.03,55.72,69.33,88.3,1
5/21/2020 2:00:00 AM,175.38,44.68,58.59,61.05,55.74,69.3,88.32,1
5/21/2020 1:00:00 AM,175.39,44.71,58.59,61.07,55.74,69.29,88.35,1
5/21/2020 12:00:00 AM,175.38,44.72,58.55,61.07,55.75,69.25,88.36,1
5/20/2020 11:00:00 PM,175.38,44.76,58.54,61.09,55.75,69.23,88.4,1
5/20/2020 10:00:00 PM,175.4,44.75,58.51,61.13,55.77,69.21,88.41,1
5/20/2020 9:00:00 PM,175.41,44.74,58.5,61.14,55.78,69.17,88.42,1
5/20/2020 8:00:00 PM,175.46,44.69,58.49,61.18,55.79,69.12,88.43,1
5/20/2020 7:00:00 PM,175.53,44.61,58.5,61.23,55.81,69.1,88.41,1
5/20/2020 6:00:00 PM,175.69,44.54,58.52,61.3,55.87,69.09,88.38,1
5/20/2020 5:00:00 PM,175.92,44.49,58.59,61.4,55.94,69.09,88.34,1
5/20/2020 4:00:00 PM,176.18,44.46,58.68,61.5,56.01,69.12,88.29,1
5/20/2020 3:00:00 PM,176.47,44.5,58.77,61.62,56.09,69.16,88.25,1
5/20/2020 2:00:00 PM,176.79,44.54,58.88,61.74,56.17,69.22,88.19,1
5/20/2020 1:00:00 PM,177.11,44.6,59,61.86,56.25,69.27,88.14,1
5/20/2020 12:00:00 PM,177.4,44.65,59.1,61.96,56.33,69.35,88.08,1
5/20/2020 11:00:00 AM,177.62,44.68,59.18,62.04,56.39,69.4,88.05,1
5/20/2020 10:00:00 AM,177.79,44.72,59.24,62.12,56.43,69.47,88.01,1
5/20/2020 9:00:00 AM,177.92,44.76,59.27,62.16,56.49,69.5,87.98,1
5/20/2020 8:00:00 AM,178.02,44.81,59.3,62.2,56.52,69.52,87.98,1
5/20/2020 7:00:00 AM,178.04,44.87,59.3,62.21,56.53,69.53,88,1
5/20/2020 6:00:00 AM,178.06,44.9,59.29,62.23,56.54,69.51,88,1
5/20/2020 5:00:00 AM,178.09,44.95,59.31,62.24,56.54,69.51,88.02,1
5/20/2020 4:00:00 AM,178.1,44.98,59.3,62.26,56.54,69.48,88.03,1
5/20/2020 3:00:00 AM,178.1,45.03,59.29,62.27,56.55,69.47,88.04,1
5/20/2020 2:00:00 AM,178.12,45.06,59.28,62.29,56.55,69.45,88.05,1
5/20/2020 1:00:00 AM,178.14,45.09,59.26,62.31,56.57,69.44,88.08,1
5/20/2020 12:00:00 AM,178.15,45.11,59.24,62.33,56.58,69.41,88.1,1
5/19/2020 11:00:00 PM,178.17,45.12,59.23,62.35,56.59,69.38,88.11,1
5/19/2020 10:00:00 PM,178.21,45.14,59.22,62.39,56.59,69.36,88.12,1
5/19/2020 9:00:00 PM,178.21,45.11,59.2,62.4,56.61,69.33,88.14,1
5/19/2020 8:00:00 PM,178.27,45.08,59.2,62.44,56.63,69.3,88.14,1
5/19/2020 7:00:00 PM,178.35,45.02,59.21,62.48,56.65,69.27,88.14,1
5/19/2020 6:00:00 PM,178.47,44.98,59.23,62.54,56.69,69.25,88.12,1
5/19/2020 5:00:00 PM,178.62,44.94,59.26,62.62,56.74,69.26,88.11,1
5/19/2020 4:00:00 PM,178.82,44.92,59.31,62.7,56.81,69.24,88.07,1
5/19/2020 3:00:00 PM,179.1,44.92,59.4,62.82,56.88,69.27,88.01,1
5/19/2020 2:00:00 PM,179.36,44.96,59.49,62.92,56.95,69.31,87.96,1
5/19/2020 1:00:00 PM,179.61,44.99,59.58,63.01,57.02,69.38,87.91,1
5/19/2020 12:00:00 PM,179.88,45.05,59.69,63.1,57.09,69.45,87.86,1
5/19/2020 11:00:00 AM,180.09,45.08,59.76,63.19,57.14,69.5,87.85,1
5/19/2020 10:00:00 AM,180.22,45.09,59.8,63.22,57.19,69.54,87.83,1
5/19/2020 9:00:00 AM,180.31,45.11,59.83,63.26,57.22,69.54,87.82,1
5/19/2020 8:00:00 AM,180.36,45.13,59.85,63.28,57.23,69.54,87.84,1
5/19/2020 7:00:00 AM,180.4,45.16,59.87,63.3,57.23,69.53,87.86,1
5/19/2020 6:00:00 AM,180.39,45.18,59.85,63.3,57.23,69.53,87.87,1
5/19/2020 5:00:00 AM,180.43,45.2,59.87,63.32,57.24,69.51,87.88,1
5/19/2020 4:00:00 AM,180.45,45.26,59.88,63.33,57.24,69.49,87.89,1
5/19/2020 3:00:00 AM,180.47,45.29,59.88,63.35,57.25,69.47,87.92,1
5/19/2020 2:00:00 AM,180.5,45.33,59.88,63.37,57.25,69.46,87.94,1
5/19/2020 1:00:00 AM,180.53,45.38,59.89,63.39,57.25,69.44,87.95,1
5/19/2020 12:00:00 AM,180.54,45.4,59.88,63.4,57.25,69.43,87.96,1
5/18/2020 11:00:00 PM,180.55,45.44,59.88,63.41,57.26,69.4,87.98,1
5/18/2020 10:00:00 PM,180.57,45.46,59.88,63.43,57.26,69.38,88,1
5/18/2020 9:00:00 PM,180.59,45.47,59.88,63.46,57.26,69.35,88.02,1
5/18/2020 8:00:00 PM,180.62,45.5,59.88,63.47,57.27,69.33,88.04,1
5/18/2020 7:00:00 PM,180.65,45.49,59.88,63.5,57.27,69.29,88.06,1
5/18/2020 6:00:00 PM,180.67,45.47,59.88,63.52,57.27,69.26,88.07,1
5/18/2020 5:00:00 PM,180.77,45.4,59.9,63.56,57.3,69.24,88.06,1
5/18/2020 4:00:00 PM,180.93,45.38,59.93,63.64,57.36,69.2,88.01,1
5/18/2020 3:00:00 PM,181.17,45.43,60.01,63.75,57.41,69.24,87.97,1
5/18/2020 2:00:00 PM,181.44,45.5,60.12,63.85,57.48,69.29,87.94,1
5/18/2020 1:00:00 PM,181.68,45.56,60.2,63.95,57.53,69.34,87.91,1
5/18/2020 12:00:00 PM,181.83,45.58,60.24,64.01,57.58,69.34,87.89,1
5/18/2020 11:00:00 AM,182.03,45.62,60.31,64.08,57.64,69.38,87.86,1
5/18/2020 10:00:00 AM,182.2,45.65,60.37,64.15,57.67,69.42,87.85,1
5/18/2020 9:00:00 AM,182.33,45.7,60.41,64.21,57.71,69.43,87.85,1
5/18/2020 8:00:00 AM,182.38,45.74,60.43,64.22,57.72,69.43,87.85,1
5/18/2020 7:00:00 AM,182.4,45.78,60.44,64.23,57.73,69.43,87.87,1
5/18/2020 6:00:00 AM,182.4,45.82,60.44,64.25,57.72,69.4,87.88,1
5/18/2020 5:00:00 AM,182.46,45.84,60.46,64.27,57.74,69.38,87.9,1
5/18/2020 4:00:00 AM,182.49,45.86,60.46,64.29,57.75,69.37,87.92,1
5/18/2020 3:00:00 AM,182.5,45.86,60.45,64.31,57.74,69.35,87.93,1
5/18/2020 2:00:00 AM,182.5,45.87,60.44,64.33,57.74,69.32,87.94,1
5/18/2020 1:00:00 AM,182.54,45.9,60.45,64.35,57.74,69.3,87.94,1
5/18/2020 12:00:00 AM,182.58,45.94,60.44,64.39,57.75,69.27,87.97,1
5/17/2020 11:00:00 PM,182.6,45.97,60.45,64.4,57.75,69.24,87.99,1
5/17/2020 10:00:00 PM,182.66,45.97,60.44,64.44,57.77,69.21,88,1
5/17/2020 9:00:00 PM,182.72,45.98,60.45,64.47,57.79,69.17,88.02,1
5/17/2020 8:00:00 PM,182.8,45.99,60.45,64.54,57.82,69.12,88.02,1
5/17/2020 7:00:00 PM,182.93,45.98,60.47,64.6,57.86,69.1,88,1
5/17/2020 6:00:00 PM,183.13,45.99,60.54,64.69,57.9,69.09,87.97,1
5/17/2020 5:00:00 PM,183.46,46.04,60.65,64.82,57.99,69.09,87.92,1
5/17/2020 4:00:00 PM,183.86,46.14,60.81,64.97,58.07,69.14,87.87,1
5/17/2020 3:00:00 PM,184.27,46.24,60.99,65.11,58.17,69.19,87.81,1
5/17/2020 2:00:00 PM,184.66,46.38,61.17,65.25,58.25,69.27,87.76,1
5/17/2020 1:00:00 PM,185.08,46.55,61.37,65.37,58.34,69.35,87.71,1
5/17/2020 12:00:00 PM,185.45,46.68,61.54,65.49,58.42,69.43,87.67,1
5/17/2020 11:00:00 AM,185.73,46.82,61.67,65.58,58.48,69.51,87.65,1
5/17/2020 10:00:00 AM,185.87,46.91,61.73,65.63,58.51,69.55,87.66,1
5/17/2020 9:00:00 AM,185.91,46.96,61.75,65.65,58.51,69.53,87.66,1
5/17/2020 8:00:00 AM,185.96,46.99,61.76,65.67,58.53,69.53,87.66,1
5/17/2020 7:00:00 AM,185.98,47.02,61.76,65.68,58.53,69.51,87.7,1
5/17/2020 6:00:00 AM,186.01,47.07,61.77,65.7,58.54,69.5,87.7,1
5/17/2020 5:00:00 AM,186.03,47.06,61.76,65.72,58.54,69.48,87.73,1
5/17/2020 4:00:00 AM,186.05,47.11,61.77,65.73,58.54,69.47,87.74,1
5/17/2020 3:00:00 AM,186.08,47.14,61.76,65.76,58.55,69.44,87.75,1
5/17/2020 2:00:00 AM,186.1,47.15,61.75,65.79,58.56,69.42,87.77,1
5/17/2020 1:00:00 AM,186.11,47.17,61.74,65.81,58.56,69.4,87.79,1
5/17/2020 12:00:00 AM,186.14,47.19,61.74,65.83,58.57,69.38,87.82,1
5/16/2020 11:00:00 PM,186.16,47.2,61.72,65.86,58.58,69.35,87.84,1
5/16/2020 10:00:00 PM,186.18,47.19,61.7,65.9,58.59,69.32,87.85,1
5/16/2020 9:00:00 PM,186.2,47.18,61.69,65.92,58.58,69.29,87.85,1
5/16/2020 8:00:00 PM,186.23,47.14,61.7,65.96,58.57,69.25,87.85,1
5/16/2020 7:00:00 PM,186.34,47.14,61.71,66.03,58.61,69.22,87.85,1
5/16/2020 6:00:00 PM,186.46,47.13,61.74,66.09,58.63,69.18,87.83,1
5/16/2020 5:00:00 PM,186.77,47.15,61.83,66.22,58.71,69.16,87.79,1
5/16/2020 4:00:00 PM,187.17,47.25,62,66.37,58.8,69.21,87.73,1
5/16/2020 3:00:00 PM,187.64,47.38,62.2,66.54,58.9,69.26,87.67,1
5/16/2020 2:00:00 PM,188.16,47.55,62.46,66.7,59,69.32,87.64,1
5/16/2020 1:00:00 PM,188.74,47.76,62.76,66.88,59.1,69.4,87.58,1
5/16/2020 12:00:00 PM,189.27,47.97,63.04,67.05,59.19,69.48,87.54,1
5/16/2020 11:00:00 AM,189.73,48.17,63.26,67.19,59.28,69.56,87.51,1
5/16/2020 10:00:00 AM,190.08,48.33,63.44,67.31,59.34,69.63,87.47,1
5/16/2020 9:00:00 AM,190.33,48.49,63.57,67.38,59.38,69.67,87.46,1
5/16/2020 8:00:00 AM,190.51,48.61,63.66,67.44,59.41,69.69,87.46,1
5/16/2020 7:00:00 AM,190.62,48.7,63.71,67.48,59.43,69.69,87.46,1
5/16/2020 6:00:00 AM,190.66,48.77,63.72,67.51,59.44,69.67,87.47,1
5/16/2020 5:00:00 AM,190.69,48.81,63.72,67.52,59.45,69.67,87.49,1
5/16/2020 4:00:00 AM,190.73,48.83,63.72,67.55,59.45,69.65,87.5,1
5/16/2020 3:00:00 AM,190.76,48.9,63.72,67.58,59.45,69.63,87.51,1
5/16/2020 2:00:00 AM,190.77,48.92,63.71,67.6,59.46,69.63,87.52,1
5/16/2020 1:00:00 AM,190.8,48.98,63.69,67.64,59.47,69.6,87.54,1
5/16/2020 12:00:00 AM,190.81,48.97,63.67,67.67,59.47,69.59,87.55,1
5/15/2020 11:00:00 PM,190.84,49,63.66,67.69,59.49,69.56,87.57,1
5/15/2020 10:00:00 PM,190.89,49.01,63.65,67.73,59.51,69.54,87.57,1
5/15/2020 9:00:00 PM,190.93,49.02,63.63,67.77,59.53,69.51,87.6,1
5/15/2020 8:00:00 PM,191.03,49.01,63.65,67.83,59.54,69.48,87.61,1
5/15/2020 7:00:00 PM,191.13,48.98,63.65,67.89,59.58,69.45,87.59,1
5/15/2020 6:00:00 PM,191.33,48.98,63.72,67.99,59.62,69.42,87.57,1
5/15/2020 5:00:00 PM,191.66,48.97,63.85,68.12,59.69,69.42,87.54,1
5/15/2020 4:00:00 PM,192.11,49.05,64.06,68.29,59.76,69.45,87.49,1
5/15/2020 3:00:00 PM,192.59,49.23,64.28,68.45,59.86,69.52,87.46,1
5/15/2020 2:00:00 PM,193.1,49.41,64.56,68.59,59.95,69.59,87.41,1
5/15/2020 1:00:00 PM,193.66,49.62,64.86,68.75,60.04,69.66,87.39,1
5/15/2020 12:00:00 PM,194.13,49.8,65.11,68.91,60.12,69.73,87.35,1
5/15/2020 11:00:00 AM,194.59,49.99,65.37,69.04,60.18,69.77,87.32,1
5/15/2020 10:00:00 AM,194.92,50.14,65.56,69.12,60.24,69.82,87.29,1
5/15/2020 9:00:00 AM,195.17,50.29,65.73,69.18,60.26,69.83,87.28,1
5/15/2020 8:00:00 AM,195.32,50.45,65.82,69.22,60.28,69.83,87.28,1
5/15/2020 7:00:00 AM,195.39,50.55,65.85,69.24,60.3,69.83,87.29,1
5/15/2020 6:00:00 AM,195.43,50.59,65.85,69.28,60.29,69.83,87.31,1
5/15/2020 5:00:00 AM,195.45,50.63,65.85,69.3,60.3,69.82,87.31,1
5/15/2020 4:00:00 AM,195.47,50.68,65.86,69.31,60.3,69.81,87.32,1
5/15/2020 3:00:00 AM,195.49,50.72,65.85,69.34,60.3,69.81,87.33,1
5/15/2020 2:00:00 AM,195.53,50.72,65.85,69.37,60.32,69.81,87.34,1
5/15/2020 1:00:00 AM,195.58,50.75,65.85,69.4,60.32,69.79,87.36,1
5/15/2020 12:00:00 AM,195.6,50.78,65.84,69.43,60.34,69.78,87.36,1
5/14/2020 11:00:00 PM,195.65,50.79,65.84,69.46,60.34,69.77,87.37,1
5/14/2020 10:00:00 PM,195.69,50.81,65.85,69.5,60.34,69.77,87.38,1
5/14/2020 9:00:00 PM,195.76,50.81,65.85,69.54,60.37,69.76,87.38,1
5/14/2020 8:00:00 PM,195.84,50.82,65.86,69.59,60.38,69.74,87.4,1
5/14/2020 7:00:00 PM,195.94,50.78,65.88,69.65,60.41,69.73,87.39,1
5/14/2020 6:00:00 PM,196.1,50.79,65.94,69.72,60.44,69.71,87.39,1
5/14/2020 5:00:00 PM,196.38,50.85,66.07,69.82,60.48,69.71,87.36,1
5/14/2020 4:00:00 PM,196.77,50.98,66.28,69.95,60.55,69.74,87.33,1
5/14/2020 3:00:00 PM,197.17,51.15,66.48,70.07,60.61,69.76,87.31,1
5/14/2020 2:00:00 PM,197.53,51.27,66.7,70.18,60.65,69.77,87.28,1
5/14/2020 1:00:00 PM,197.91,51.44,66.91,70.3,60.71,69.8,87.26,1
5/14/2020 12:00:00 PM,198.3,51.62,67.14,70.4,60.76,69.83,87.23,1
5/14/2020 11:00:00 AM,198.66,51.83,67.36,70.49,60.8,69.83,87.21,1
5/14/2020 10:00:00 AM,198.9,51.98,67.52,70.56,60.82,69.85,87.2,1
5/14/2020 9:00:00 AM,199.05,52.09,67.61,70.6,60.84,69.86,87.21,1
5/14/2020 8:00:00 AM,199.11,52.14,67.66,70.63,60.83,69.86,87.2,1
5/14/2020 7:00:00 AM,199.19,52.21,67.69,70.66,60.84,69.86,87.21,1
5/14/2020 6:00:00 AM,199.25,52.26,67.71,70.69,60.85,69.84,87.21,1
5/14/2020 5:00:00 AM,199.3,52.3,67.73,70.71,60.86,69.85,87.22,1
5/14/2020 4:00:00 AM,199.33,52.33,67.74,70.74,60.85,69.85,87.23,1
5/14/2020 3:00:00 AM,199.36,52.36,67.75,70.76,60.85,69.83,87.23,1
5/14/2020 2:00:00 AM,199.41,52.4,67.76,70.79,60.86,69.83,87.25,1
5/14/2020 1:00:00 AM,199.46,52.43,67.76,70.82,60.88,69.82,87.25,1
5/14/2020 12:00:00 AM,199.5,52.45,67.78,70.85,60.88,69.82,87.26,1
5/13/2020 11:00:00 PM,199.54,52.47,67.78,70.88,60.88,69.81,87.27,1
5/13/2020 10:00:00 PM,199.57,52.48,67.77,70.92,60.89,69.81,87.27,1
5/13/2020 9:00:00 PM,199.65,52.49,67.8,70.95,60.9,69.81,87.28,1
5/13/2020 8:00:00 PM,199.71,52.49,67.81,71,60.9,69.8,87.29,1
5/13/2020 7:00:00 PM,199.82,52.48,67.83,71.06,60.93,69.78,87.29,1
5/13/2020 6:00:00 PM,199.95,52.5,67.9,71.11,60.94,69.79,87.29,1
5/13/2020 5:00:00 PM,200.13,52.57,67.98,71.18,60.98,69.79,87.27,1
5/13/2020 4:00:00 PM,200.41,52.7,68.14,71.26,61.01,69.79,87.26,1
5/13/2020 3:00:00 PM,200.73,52.86,68.32,71.36,61.05,69.79,87.25,1
5/13/2020 2:00:00 PM,201.02,52.98,68.5,71.44,61.08,69.8,87.23,1
5/13/2020 1:00:00 PM,201.37,53.13,68.7,71.55,61.12,69.8,87.2,1
5/13/2020 12:00:00 PM,201.68,53.31,68.91,71.63,61.14,69.81,87.19,1
5/13/2020 11:00:00 AM,201.94,53.44,69.08,71.7,61.17,69.82,87.18,1
5/13/2020 10:00:00 AM,202.22,53.61,69.26,71.76,61.19,69.82,87.17,1
5/13/2020 9:00:00 AM,202.42,53.76,69.41,71.81,61.2,69.83,87.17,1
5/13/2020 8:00:00 AM,202.56,53.89,69.5,71.85,61.2,69.83,87.16,1
5/13/2020 7:00:00 AM,202.62,53.98,69.55,71.87,61.2,69.81,87.18,1
5/13/2020 6:00:00 AM,202.68,54.02,69.58,71.9,61.2,69.81,87.18,1
5/13/2020 5:00:00 AM,202.74,54.08,69.61,71.93,61.21,69.8,87.19,1
5/13/2020 4:00:00 AM,202.78,54.12,69.61,71.96,61.21,69.8,87.2,1
5/13/2020 3:00:00 AM,202.83,54.18,69.62,71.98,61.22,69.79,87.2,1
5/13/2020 2:00:00 AM,202.9,54.22,69.65,72.02,61.22,69.78,87.2,1
5/13/2020 1:00:00 AM,202.97,54.27,69.67,72.06,61.24,69.78,87.22,1
5/13/2020 12:00:00 AM,203.03,54.33,69.68,72.1,61.24,69.77,87.22,1
5/12/2020 11:00:00 PM,203.07,54.37,69.68,72.14,61.26,69.76,87.22,1
5/12/2020 10:00:00 PM,203.2,54.4,69.77,72.16,61.26,69.76,87.24,1
5/12/2020 9:00:00 PM,203.21,54.42,69.72,72.21,61.28,69.76,87.24,1
5/12/2020 8:00:00 PM,203.31,54.43,69.75,72.27,61.29,69.74,87.25,1
5/12/2020 7:00:00 PM,203.46,54.45,69.81,72.34,61.3,69.74,87.25,1
5/12/2020 6:00:00 PM,203.71,54.53,69.94,72.43,61.34,69.73,87.23,1
5/12/2020 5:00:00 PM,204.07,54.69,70.15,72.53,61.39,69.75,87.21,1
5/12/2020 4:00:00 PM,204.44,54.87,70.38,72.63,61.43,69.74,87.19,1
5/12/2020 3:00:00 PM,204.91,55.12,70.68,72.76,61.48,69.75,87.17,1
5/12/2020 2:00:00 PM,205.33,55.32,70.94,72.87,61.53,69.76,87.15,1
5/12/2020 1:00:00 PM,205.77,55.56,71.23,72.98,61.56,69.77,87.14,1
5/12/2020 12:00:00 PM,206.3,55.86,71.59,73.09,61.61,69.77,87.12,1
5/12/2020 11:00:00 AM,206.76,56.16,71.92,73.19,61.65,69.78,87.11,1
5/12/2020 10:00:00 AM,207.02,56.38,72.13,73.24,61.66,69.78,87.11,1
5/12/2020 9:00:00 AM,207.17,56.54,72.24,73.26,61.67,69.77,87.13,1
5/12/2020 8:00:00 AM,207.23,56.6,72.27,73.29,61.67,69.77,87.13,1
5/12/2020 7:00:00 AM,207.31,56.67,72.3,73.33,61.68,69.76,87.14,1
5/12/2020 6:00:00 AM,207.35,56.72,72.32,73.35,61.68,69.76,87.14,1
5/12/2020 5:00:00 AM,207.38,56.75,72.34,73.37,61.67,69.76,87.14,1
5/12/2020 4:00:00 AM,207.43,56.79,72.36,73.4,61.68,69.75,87.15,1
5/12/2020 3:00:00 AM,207.47,56.85,72.36,73.43,61.69,69.76,87.15,1
5/12/2020 2:00:00 AM,207.51,56.89,72.37,73.45,61.69,69.73,87.17,1
5/12/2020 1:00:00 AM,207.54,56.93,72.38,73.46,61.69,69.74,87.18,0.25
5/12/2020 12:00:00 AM,207.59,56.96,72.4,73.5,61.69,69.74,87.17,0
5/11/2020 11:00:00 PM,207.62,57.01,72.41,73.53,61.69,69.72,87.17,0
5/11/2020 10:00:00 PM,207.66,57.03,72.42,73.54,61.69,69.73,87.19,0
5/11/2020 9:00:00 PM,207.72,57.06,72.44,73.58,61.7,69.71,87.2,0
5/11/2020 8:00:00 PM,207.77,57.08,72.46,73.61,61.69,69.71,87.22,0
5/11/2020 7:00:00 PM,207.82,57.09,72.46,73.65,61.71,69.71,87.22,0
5/11/2020 6:00:00 PM,207.89,57.08,72.48,73.7,61.71,69.69,87.23,0
5/11/2020 5:00:00 PM,207.97,57.09,72.53,73.73,61.71,69.7,87.23,0
5/11/2020 4:00:00 PM,208.08,57.15,72.63,73.76,61.69,69.68,87.2,0
5/11/2020 3:00:00 PM,208.29,57.25,72.75,73.82,61.72,69.68,87.2,0
5/11/2020 2:00:00 PM,208.64,57.43,72.98,73.92,61.75,69.67,87.19,0
5/11/2020 1:00:00 PM,209.11,57.72,73.29,74.04,61.79,69.68,87.17,0
5/11/2020 12:00:00 PM,209.61,58,73.63,74.15,61.82,69.68,87.15,0
5/11/2020 11:00:00 AM,210.16,58.35,74,74.29,61.86,69.69,87.13,0
5/11/2020 10:00:00 AM,210.79,58.79,74.46,74.42,61.9,69.71,87.13,0
5/11/2020 9:00:00 AM,211.27,59.19,74.82,74.51,61.93,69.71,87.13,0
5/11/2020 8:00:00 AM,211.46,59.45,74.97,74.56,61.93,69.72,87.13,0
5/11/2020 7:00:00 AM,211.59,59.63,75.07,74.59,61.93,69.7,87.13,0
5/11/2020 6:00:00 AM,211.64,59.74,75.09,74.61,61.93,69.69,87.14,0
5/11/2020 5:00:00 AM,211.69,59.83,75.11,74.64,61.93,69.69,87.15,0
5/11/2020 4:00:00 AM,211.73,59.88,75.13,74.66,61.94,69.69,87.15,0
5/11/2020 3:00:00 AM,211.75,59.95,75.13,74.68,61.93,69.68,87.15,0
5/11/2020 2:00:00 AM,211.79,60.03,75.15,74.7,61.94,69.67,87.16,0
5/11/2020 1:00:00 AM,211.82,60.09,75.15,74.74,61.94,69.66,87.17,0
5/11/2020 12:00:00 AM,211.86,60.17,75.16,74.77,61.93,69.66,87.17,0
5/10/2020 11:00:00 PM,211.95,60.21,75.21,74.8,61.94,69.66,87.18,0
5/10/2020 10:00:00 PM,211.97,60.26,75.19,74.83,61.94,69.63,87.2,0
5/10/2020 9:00:00 PM,212.05,60.29,75.22,74.88,61.95,69.63,87.2,0
5/10/2020 8:00:00 PM,212.13,60.3,75.25,74.91,61.97,69.63,87.2,0
5/10/2020 7:00:00 PM,212.25,60.33,75.31,74.97,61.97,69.62,87.21,0
5/10/2020 6:00:00 PM,212.53,60.46,75.47,75.06,62,69.61,87.2,0
5/10/2020 5:00:00 PM,212.93,60.73,75.74,75.15,62.04,69.61,87.2,0
5/10/2020 4:00:00 PM,213.57,61.22,76.19,75.29,62.1,69.61,87.17,0
5/10/2020 3:00:00 PM,214.16,61.69,76.61,75.42,62.13,69.62,87.16,0
5/10/2020 2:00:00 PM,214.88,62.27,77.11,75.57,62.19,69.64,87.15,0
5/10/2020 1:00:00 PM,215.43,62.76,77.52,75.69,62.22,69.64,87.13,0
5/10/2020 12:00:00 PM,216.02,63.23,77.95,75.81,62.26,69.66,87.13,0
5/10/2020 11:00:00 AM,216.63,63.73,78.42,75.91,62.29,69.66,87.11,0
5/10/2020 10:00:00 AM,217.07,64.13,78.79,75.99,62.29,69.65,87.12,0
5/10/2020 9:00:00 AM,217.36,64.41,79.03,76.03,62.31,69.65,87.13,0
5/10/2020 8:00:00 AM,217.51,64.63,79.16,76.05,62.29,69.64,87.13,0
5/10/2020 7:00:00 AM,217.6,64.8,79.22,76.08,62.3,69.63,87.14,0
5/10/2020 6:00:00 AM,217.64,64.91,79.22,76.11,62.3,69.63,87.15,0
5/10/2020 5:00:00 AM,217.66,64.99,79.23,76.13,62.3,69.63,87.17,0
5/10/2020 4:00:00 AM,217.66,65.08,79.22,76.14,62.3,69.61,87.17,0
5/10/2020 3:00:00 AM,217.68,65.18,79.21,76.16,62.31,69.6,87.17,0
5/10/2020 2:00:00 AM,217.7,65.27,79.21,76.18,62.3,69.59,87.18,0
5/10/2020 1:00:00 AM,217.68,65.35,79.18,76.2,62.3,69.58,87.18,0
5/10/2020 12:00:00 AM,217.69,65.42,79.17,76.22,62.3,69.58,87.19,0
5/9/2020 11:00:00 PM,217.73,65.5,79.18,76.24,62.31,69.56,87.2,0
5/9/2020 10:00:00 PM,217.76,65.56,79.18,76.28,62.31,69.54,87.21,0.5
5/9/2020 9:00:00 PM,217.79,65.62,79.16,76.31,62.31,69.54,87.22,1
5/9/2020 8:00:00 PM,217.88,65.66,79.18,76.36,62.34,69.53,87.23,1
5/9/2020 7:00:00 PM,218.07,65.79,79.29,76.42,62.35,69.51,87.22,1
5/9/2020 6:00:00 PM,218.49,66.07,79.6,76.51,62.38,69.51,87.22,1
5/9/2020 5:00:00 PM,219.08,66.48,80.04,76.62,62.42,69.51,87.2,1
5/9/2020 4:00:00 PM,219.86,67.01,80.62,76.76,62.48,69.52,87.2,0
5/9/2020 3:00:00 PM,220.88,67.72,81.41,76.93,62.53,69.53,87.17,0
5/9/2020 2:00:00 PM,221.92,68.48,82.22,77.1,62.6,69.54,87.15,0
5/9/2020 1:00:00 PM,222.8,69.1,82.91,77.25,62.64,69.56,87.14,0
5/9/2020 12:00:00 PM,223.61,69.69,83.53,77.38,62.7,69.57,87.11,0
5/9/2020 11:00:00 AM,224.44,70.34,84.19,77.51,62.74,69.58,87.11,0
5/9/2020 10:00:00 AM,225.08,70.85,84.71,77.6,62.77,69.58,87.11,0
5/9/2020 9:00:00 AM,225.5,71.23,85.04,77.68,62.78,69.57,87.11,0
5/9/2020 8:00:00 AM,225.74,71.46,85.23,77.72,62.79,69.56,87.12,0
5/9/2020 7:00:00 AM,225.85,71.64,85.29,77.76,62.8,69.55,87.14,0
5/9/2020 6:00:00 AM,225.87,71.73,85.29,77.78,62.8,69.54,87.15,0
5/9/2020 5:00:00 AM,225.9,71.79,85.29,77.8,62.81,69.54,87.15,0
5/9/2020 4:00:00 AM,225.89,71.86,85.26,77.82,62.81,69.53,87.16,0
5/9/2020 3:00:00 AM,225.92,71.94,85.26,77.84,62.82,69.51,87.16,0
5/9/2020 2:00:00 AM,225.93,72,85.22,77.86,62.84,69.51,87.17,0
5/9/2020 1:00:00 AM,225.93,72.05,85.21,77.89,62.84,69.51,87.18,0
5/9/2020 12:00:00 AM,225.9,72.07,85.17,77.89,62.84,69.5,87.19,0
5/8/2020 11:00:00 PM,225.91,72.1,85.14,77.92,62.85,69.48,87.2,0
5/8/2020 10:00:00 PM,225.9,72.12,85.11,77.94,62.85,69.48,87.22,0
5/8/2020 9:00:00 PM,225.9,72.1,85.08,77.96,62.86,69.47,87.21,0
5/8/2020 8:00:00 PM,225.9,72.07,85.05,77.99,62.87,69.46,87.23,0
5/8/2020 7:00:00 PM,225.91,72.04,85.01,78.03,62.87,69.45,87.23,0
5/8/2020 6:00:00 PM,226.02,72.1,85.05,78.08,62.89,69.44,87.25,0
5/8/2020 5:00:00 PM,226.19,72.26,85.13,78.15,62.91,69.43,87.25,0
5/8/2020 4:00:00 PM,226.57,72.59,85.37,78.25,62.95,69.43,87.25,0
5/8/2020 3:00:00 PM,227.21,73.12,85.81,78.41,62.99,69.42,87.23,0
5/8/2020 2:00:00 PM,227.87,73.64,86.25,78.57,63.05,69.43,87.22,0
5/8/2020 1:00:00 PM,228.49,74.12,86.66,78.72,63.11,69.43,87.2,0
5/8/2020 12:00:00 PM,229.21,74.63,87.14,78.91,63.16,69.43,87.2,0
5/8/2020 11:00:00 AM,229.9,75.04,87.58,79.1,63.21,69.43,87.2,0.25
5/8/2020 10:00:00 AM,230.48,75.38,87.96,79.27,63.25,69.41,87.2,1
5/8/2020 9:00:00 AM,231.06,75.73,88.35,79.44,63.27,69.4,87.2,0.25
5/8/2020 8:00:00 AM,231.6,76.08,88.7,79.59,63.3,69.39,87.22,0
5/8/2020 7:00:00 AM,231.89,76.34,88.89,79.68,63.31,69.39,87.23,0
5/8/2020 6:00:00 AM,232.05,76.55,89.01,79.73,63.32,69.38,87.23,0
5/8/2020 5:00:00 AM,232.26,76.76,89.11,79.81,63.35,69.37,87.26,0
5/8/2020 4:00:00 AM,232.48,77.02,89.24,79.89,63.35,69.36,87.26,0
5/8/2020 3:00:00 AM,232.75,77.29,89.4,79.97,63.38,69.35,87.27,0
5/8/2020 2:00:00 AM,233.04,77.58,89.55,80.09,63.4,69.33,87.29,0
5/8/2020 1:00:00 AM,233.31,77.86,89.71,80.19,63.42,69.33,87.29,0
5/8/2020 12:00:00 AM,234.07,78.19,90.34,80.3,63.43,69.32,87.31,0
5/7/2020 11:00:00 PM,234.38,78.62,90.47,80.44,63.47,69.3,87.32,0
5/7/2020 10:00:00 PM,234.52,79.13,90.45,80.58,63.49,69.28,87.34,0
5/7/2020 9:00:00 PM,234.7,79.71,90.46,80.72,63.52,69.28,87.36,0
5/7/2020 8:00:00 PM,234.88,80.4,90.45,80.87,63.56,69.26,87.37,0
5/7/2020 7:00:00 PM,235.04,81.62,90.4,81.04,63.6,69.24,87.37,0
5/7/2020 6:00:00 PM,235.42,84.88,90.43,81.33,63.66,69.23,87.36,0
5/7/2020 5:00:00 PM,235.99,89.07,90.51,81.76,63.73,69.21,87.37,0
5/7/2020 4:00:00 PM,236.56,91.83,90.64,82.08,63.84,69.22,87.34,0.5
5/7/2020 3:00:00 PM,236.92,92.04,90.73,82.21,63.97,69.24,87.33,1
5/7/2020 2:00:00 PM,236.96,91.99,90.82,82.02,64.12,69.26,87.32,1
5/7/2020 1:00:00 PM,237.1,91.95,90.89,81.94,64.26,69.3,87.31,1
5/7/2020 12:00:00 PM,236.86,91.86,90.96,81.49,64.41,69.36,87.31,1
5/7/2020 11:00:00 AM,236.55,91.83,90.98,80.97,64.6,69.41,87.28,1
5/7/2020 10:00:00 AM,236.1,91.72,91.05,80.28,64.78,69.46,87.29,1
5/7/2020 9:00:00 AM,235.76,91.69,91.09,79.77,64.9,69.49,87.28,1
5/7/2020 8:00:00 AM,235.28,91.51,91.09,79.14,65.04,69.52,87.28,1
5/7/2020 7:00:00 AM,234.85,91.02,91.03,78.61,65.21,69.57,87.3,1
5/7/2020 6:00:00 AM,233.47,89.75,90.99,77.13,65.35,69.61,87.32,1
5/7/2020 5:00:00 AM,227.02,84.77,90.73,70.78,65.51,69.69,87.34,1
5/7/2020 4:00:00 AM,221.67,78.89,90.52,65.52,65.63,69.76,87.37,1
5/7/2020 3:00:00 AM,219.74,78.11,88.69,65.31,65.74,69.99,87.44,1
5/7/2020 2:00:00 AM,205.05,75.23,73.73,65.53,65.79,70.1,87.5,1
5/7/2020 1:00:00 AM,190.37,69.48,58.84,65.67,65.86,70.12,87.51,1
5/7/2020 12:00:00 AM,188.12,60.95,56.41,65.79,65.92,70.13,87.52,1
5/6/2020 11:00:00 PM,187.94,50.81,56.04,65.88,66.02,70.12,87.54,1
5/6/2020 10:00:00 PM,188,43.9,55.89,66,66.11,70.11,87.57,1
5/6/2020 9:00:00 PM,188.21,42.88,55.91,66.11,66.2,70.06,87.58,1
5/6/2020 8:00:00 PM,188.35,42.78,55.89,66.21,66.25,70,87.59,1
5/6/2020 7:00:00 PM,188.48,42.7,55.87,66.29,66.32,69.95,87.58,1
5/6/2020 6:00:00 PM,188.7,42.65,55.87,66.41,66.42,69.92,87.55,1
5/6/2020 5:00:00 PM,188.98,42.63,55.94,66.5,66.54,69.93,87.5,1
5/6/2020 4:00:00 PM,189.28,42.62,56.01,66.62,66.64,69.97,87.45,1
5/6/2020 3:00:00 PM,189.62,42.61,56.11,66.76,66.75,70.04,87.4,1
5/6/2020 2:00:00 PM,190.04,42.67,56.25,66.89,66.89,70.12,87.34,0.5
5/6/2020 1:00:00 PM,190.47,42.75,56.39,67.05,67.03,70.2,87.3,0
5/6/2020 12:00:00 PM,190.85,42.85,56.51,67.18,67.16,70.28,87.28,0
5/6/2020 11:00:00 AM,191.2,42.94,56.63,67.28,67.3,70.38,87.23,0
5/6/2020 10:00:00 AM,191.54,43.02,56.74,67.39,67.42,70.46,87.2,0
5/6/2020 9:00:00 AM,191.81,43.12,56.83,67.47,67.51,70.56,87.17,0
5/6/2020 8:00:00 AM,191.99,43.2,56.88,67.51,67.59,70.63,87.15,0
5/6/2020 7:00:00 AM,192.1,43.19,56.9,67.56,67.64,70.66,87.18,0
5/6/2020 6:00:00 AM,192.13,43.22,56.9,67.57,67.66,70.64,87.19,0
5/6/2020 5:00:00 AM,192.15,43.26,56.9,67.59,67.67,70.64,87.2,0
5/6/2020 4:00:00 AM,192.19,43.28,56.88,67.61,67.7,70.59,87.2,0
5/6/2020 3:00:00 AM,192.21,43.32,56.89,67.62,67.7,70.59,87.21,0
5/6/2020 2:00:00 AM,192.25,43.34,56.88,67.65,67.72,70.56,87.22,0
5/6/2020 1:00:00 AM,192.27,43.37,56.87,67.67,67.74,70.53,87.22,0
5/6/2020 12:00:00 AM,192.3,43.41,56.84,67.7,67.76,70.5,87.25,0
5/5/2020 11:00:00 PM,192.35,43.41,56.82,67.73,67.79,70.47,87.26,0
5/5/2020 10:00:00 PM,192.4,43.39,56.82,67.76,67.82,70.42,87.27,0
5/5/2020 9:00:00 PM,192.46,43.38,56.8,67.81,67.84,70.38,87.27,0
5/5/2020 8:00:00 PM,192.53,43.34,56.79,67.86,67.89,70.32,87.27,0
5/5/2020 7:00:00 PM,192.68,43.28,56.79,67.94,67.95,70.27,87.25,0
5/5/2020 6:00:00 PM,192.86,43.23,56.82,68.02,68.02,70.24,87.23,0
5/5/2020 5:00:00 PM,193.14,43.22,56.88,68.13,68.13,70.27,87.2,0
5/5/2020 4:00:00 PM,193.53,43.25,57.01,68.26,68.26,70.31,87.15,0.75
5/5/2020 3:00:00 PM,193.98,43.32,57.17,68.39,68.42,70.38,87.13,1
5/5/2020 2:00:00 PM,194.38,43.41,57.34,68.51,68.54,70.45,87.1,0.667
5/5/2020 1:00:00 PM,194.79,43.5,57.51,68.62,68.66,70.52,87.05,0
5/5/2020 12:00:00 PM,195.25,43.61,57.7,68.75,68.79,70.61,87.02,0
5/5/2020 11:00:00 AM,195.63,43.73,57.88,68.83,68.91,70.7,86.99,0
5/5/2020 10:00:00 AM,195.91,43.83,57.98,68.91,69.01,70.79,86.97,0
5/5/2020 9:00:00 AM,196.11,43.92,58.07,68.96,69.07,70.85,86.96,0
5/5/2020 8:00:00 AM,196.26,44,58.12,69.01,69.13,70.9,86.94,0
5/5/2020 7:00:00 AM,196.35,44.09,58.13,69.04,69.18,70.91,86.96,0
5/5/2020 6:00:00 AM,196.38,44.14,58.13,69.05,69.2,70.9,86.97,0
5/5/2020 5:00:00 AM,196.43,44.18,58.13,69.08,69.22,70.89,86.97,0
5/5/2020 4:00:00 AM,196.45,44.2,58.13,69.1,69.22,70.88,86.98,0
5/5/2020 3:00:00 AM,196.46,44.22,58.12,69.11,69.24,70.85,86.98,0
5/5/2020 2:00:00 AM,196.51,44.25,58.13,69.13,69.26,70.83,87,0
5/5/2020 1:00:00 AM,196.54,44.28,58.12,69.16,69.26,70.81,87.01,0
5/5/2020 12:00:00 AM,196.57,44.32,58.11,69.18,69.28,70.79,87.01,0
5/4/2020 11:00:00 PM,196.61,44.36,58.09,69.22,69.3,70.76,87.02,0
5/4/2020 10:00:00 PM,196.65,44.36,58.07,69.25,69.33,70.72,87.03,0
5/4/2020 9:00:00 PM,196.7,44.34,58.05,69.29,69.37,70.69,87.03,0
5/4/2020 8:00:00 PM,196.76,44.32,58.05,69.33,69.39,70.64,87.03,0
5/4/2020 7:00:00 PM,196.86,44.25,58.05,69.38,69.42,70.59,87.02,0
5/4/2020 6:00:00 PM,197.05,44.25,58.09,69.46,69.5,70.55,86.99,0
5/4/2020 5:00:00 PM,197.34,44.23,58.18,69.56,69.6,70.58,86.96,0
5/4/2020 4:00:00 PM,197.63,44.24,58.29,69.65,69.7,70.6,86.93,0.333
5/4/2020 3:00:00 PM,198.01,44.28,58.45,69.75,69.81,70.64,86.91,1
5/4/2020 2:00:00 PM,198.43,44.37,58.64,69.85,69.94,70.7,86.86,0.5
5/4/2020 1:00:00 PM,198.85,44.46,58.84,69.96,70.06,70.75,86.83,0
5/4/2020 12:00:00 PM,199.22,44.55,59.01,70.05,70.16,70.81,86.81,0
5/4/2020 11:00:00 AM,199.57,44.63,59.19,70.12,70.26,70.87,86.77,0
5/4/2020 10:00:00 AM,199.94,44.77,59.37,70.2,70.37,70.97,86.76,0
5/4/2020 9:00:00 AM,200.18,44.9,59.49,70.24,70.45,71.03,86.74,0
5/4/2020 8:00:00 AM,200.3,45,59.54,70.26,70.5,71.06,86.74,0
5/4/2020 7:00:00 AM,200.35,45.06,59.53,70.29,70.53,71.05,86.75,0
5/4/2020 6:00:00 AM,200.37,45.12,59.53,70.31,70.54,71.06,86.77,0
5/4/2020 5:00:00 AM,200.41,45.17,59.54,70.32,70.54,71.04,86.77,0
5/4/2020 4:00:00 AM,200.44,45.23,59.54,70.35,70.55,71.03,86.79,0
5/4/2020 3:00:00 AM,200.49,45.25,59.54,70.37,70.57,71.02,86.78,0
5/4/2020 2:00:00 AM,200.53,45.26,59.55,70.39,70.59,71,86.79,0
5/4/2020 1:00:00 AM,200.54,45.3,59.53,70.41,70.59,70.98,86.79,0
5/4/2020 12:00:00 AM,200.56,45.35,59.51,70.44,70.61,70.96,86.81,0
5/3/2020 11:00:00 PM,200.61,45.37,59.51,70.47,70.63,70.94,86.81,0
5/3/2020 10:00:00 PM,200.64,45.37,59.49,70.5,70.65,70.91,86.81,0
5/3/2020 9:00:00 PM,200.69,45.38,59.49,70.53,70.67,70.89,86.83,0
5/3/2020 8:00:00 PM,200.77,45.35,59.48,70.58,70.7,70.85,86.81,0
5/3/2020 7:00:00 PM,200.89,45.3,59.5,70.64,70.74,70.8,86.8,0
5/3/2020 6:00:00 PM,201.07,45.3,59.55,70.7,70.82,70.78,86.78,0
5/3/2020 5:00:00 PM,201.31,45.29,59.64,70.77,70.89,70.77,86.76,0
5/3/2020 4:00:00 PM,201.61,45.32,59.77,70.85,70.99,70.79,86.73,1
5/3/2020 3:00:00 PM,202.01,45.4,59.95,70.96,71.1,70.83,86.7,0.5
5/3/2020 2:00:00 PM,202.4,45.51,60.14,71.05,71.21,70.88,86.68,0
5/3/2020 1:00:00 PM,202.8,45.63,60.34,71.13,71.33,70.92,86.65,0
5/3/2020 12:00:00 PM,203.14,45.72,60.51,71.22,71.42,70.95,86.62,0
5/3/2020 11:00:00 AM,203.43,45.83,60.66,71.27,71.5,70.99,86.6,0
5/3/2020 10:00:00 AM,203.75,45.96,60.82,71.34,71.59,71.03,86.57,0
5/3/2020 9:00:00 AM,203.96,46.08,60.94,71.38,71.65,71.08,86.56,0
5/3/2020 8:00:00 AM,204.07,46.17,60.98,71.39,71.69,71.09,86.57,0
5/3/2020 7:00:00 AM,204.13,46.24,61,71.41,71.72,71.09,86.55,0
5/3/2020 6:00:00 AM,204.2,46.31,61.01,71.43,71.75,71.1,86.56,0
5/3/2020 5:00:00 AM,204.24,46.34,61.02,71.46,71.76,71.09,86.55,0
5/3/2020 4:00:00 AM,204.28,46.37,61.02,71.48,71.78,71.08,86.56,0
5/3/2020 3:00:00 AM,204.33,46.4,61.03,71.51,71.79,71.07,86.55,0
5/3/2020 2:00:00 AM,204.36,46.4,61.02,71.53,71.81,71.06,86.56,0
5/3/2020 1:00:00 AM,204.39,46.42,61.02,71.55,71.81,71.04,86.57,0
5/3/2020 12:00:00 AM,204.43,46.45,61.01,71.58,71.83,71.04,86.58,0
5/2/2020 11:00:00 PM,204.5,46.45,61.03,71.62,71.86,71.02,86.57,0
5/2/2020 10:00:00 PM,204.53,46.47,61.03,71.63,71.87,71,86.58,0
5/2/2020 9:00:00 PM,204.56,46.47,61.01,71.67,71.87,70.98,86.59,0
5/2/2020 8:00:00 PM,204.61,46.45,61,71.7,71.9,70.96,86.59,0
5/2/2020 7:00:00 PM,204.69,46.46,61.01,71.75,71.93,70.92,86.58,0
5/2/2020 6:00:00 PM,204.83,46.45,61.05,71.8,71.98,70.89,86.57,0
5/2/2020 5:00:00 PM,205,46.49,61.12,71.85,72.03,70.88,86.55,0
5/2/2020 4:00:00 PM,205.27,46.53,61.22,71.93,72.11,70.87,86.54,0
5/2/2020 3:00:00 PM,205.57,46.62,61.37,71.99,72.21,70.89,86.5,0
5/2/2020 2:00:00 PM,205.9,46.73,61.54,72.06,72.3,70.88,86.47,0
5/2/2020 1:00:00 PM,206.2,46.83,61.69,72.13,72.38,70.9,86.45,0
5/2/2020 12:00:00 PM,206.5,46.95,61.86,72.19,72.45,70.95,86.43,0
5/2/2020 11:00:00 AM,206.79,47.08,62.02,72.25,72.53,70.99,86.4,0
5/2/2020 10:00:00 AM,207,47.21,62.14,72.28,72.58,71.02,86.39,0
5/2/2020 9:00:00 AM,207.15,47.32,62.23,72.3,72.62,71.03,86.39,0
5/2/2020 8:00:00 AM,207.22,47.38,62.25,72.31,72.65,71.04,86.38,0
5/2/2020 7:00:00 AM,207.28,47.42,62.27,72.33,72.68,71.03,86.39,0
5/2/2020 6:00:00 AM,207.33,47.47,62.27,72.37,72.69,71.02,86.4,0
5/2/2020 5:00:00 AM,207.35,47.49,62.27,72.39,72.69,71.02,86.41,0
5/2/2020 4:00:00 AM,207.4,47.52,62.27,72.42,72.71,71,86.41,0
5/2/2020 3:00:00 AM,207.41,47.55,62.26,72.44,72.72,71,86.42,0
5/2/2020 2:00:00 AM,207.43,47.58,62.26,72.45,72.73,70.98,86.42,0
5/2/2020 1:00:00 AM,207.46,47.62,62.26,72.47,72.74,70.97,86.41,0
5/2/2020 12:00:00 AM,207.52,47.63,62.25,72.51,72.76,70.96,86.43,0
5/1/2020 11:00:00 PM,207.54,47.63,62.24,72.54,72.76,70.94,86.42,0
5/1/2020 10:00:00 PM,207.56,47.64,62.22,72.56,72.78,70.93,86.43,0
5/1/2020 9:00:00 PM,207.62,47.62,62.22,72.61,72.78,70.91,86.43,0
5/1/2020 8:00:00 PM,207.67,47.58,62.22,72.63,72.82,70.88,86.43,0
5/1/2020 7:00:00 PM,207.79,47.54,62.24,72.7,72.85,70.85,86.42,0
5/1/2020 6:00:00 PM,207.94,47.55,62.29,72.74,72.91,70.83,86.42,0
5/1/2020 5:00:00 PM,208.17,47.58,62.39,72.8,72.98,70.82,86.39,0
5/1/2020 4:00:00 PM,208.54,47.65,62.59,72.88,73.08,70.82,86.36,0
5/1/2020 3:00:00 PM,208.97,47.78,62.81,72.98,73.18,70.85,86.33,0
5/1/2020 2:00:00 PM,209.37,47.93,63.05,73.05,73.28,70.87,86.31,0
5/1/2020 1:00:00 PM,209.74,48.1,63.26,73.12,73.36,70.9,86.28,0
5/1/2020 12:00:00 PM,210.11,48.26,63.47,73.2,73.44,70.92,86.26,0
5/1/2020 11:00:00 AM,210.49,48.47,63.71,73.26,73.52,70.93,86.24,0
5/1/2020 10:00:00 AM,210.86,48.69,63.94,73.33,73.59,70.98,86.23,0
5/1/2020 9:00:00 AM,211.12,48.86,64.1,73.37,73.64,70.99,86.22,0
5/1/2020 8:00:00 AM,211.28,49,64.22,73.39,73.67,71,86.23,0
5/1/2020 7:00:00 AM,211.38,49.13,64.28,73.4,73.7,71,86.23,0
5/1/2020 6:00:00 AM,211.44,49.19,64.3,73.42,73.72,71,86.23,0
5/1/2020 5:00:00 AM,211.47,49.23,64.3,73.45,73.72,70.99,86.23,0
5/1/2020 4:00:00 AM,211.52,49.28,64.33,73.47,73.72,70.98,86.24,0
5/1/2020 3:00:00 AM,211.51,49.3,64.31,73.47,73.72,70.98,86.24,0
5/1/2020 2:00:00 AM,211.56,49.33,64.33,73.49,73.74,70.97,86.25,0
5/1/2020 1:00:00 AM,211.58,49.37,64.33,73.51,73.74,70.96,86.24,0
5/1/2020 12:00:00 AM,211.61,49.4,64.32,73.54,73.75,70.94,86.24,0
4/30/2020 11:00:00 PM,211.66,49.43,64.32,73.57,73.77,70.94,86.24,0
4/30/2020 10:00:00 PM,211.69,49.46,64.33,73.59,73.77,70.92,86.25,0
4/30/2020 9:00:00 PM,211.72,49.47,64.3,73.63,73.79,70.91,86.25,0
4/30/2020 8:00:00 PM,211.78,49.47,64.32,73.66,73.81,70.9,86.24,0
4/30/2020 7:00:00 PM,211.88,49.44,64.34,73.7,73.84,70.87,86.24,0
4/30/2020 6:00:00 PM,212.08,49.48,64.41,73.76,73.9,70.84,86.22,0
4/30/2020 5:00:00 PM,212.33,49.54,64.55,73.82,73.97,70.83,86.2,0
4/30/2020 4:00:00 PM,212.65,49.67,64.74,73.88,74.03,70.83,86.18,0
4/30/2020 3:00:00 PM,213.09,49.91,65,73.96,74.13,70.86,86.16,0
4/30/2020 2:00:00 PM,213.59,50.19,65.33,74.05,74.22,70.88,86.14,0
4/30/2020 1:00:00 PM,214.11,50.48,65.67,74.13,74.32,70.9,86.11,0
4/30/2020 12:00:00 PM,214.53,50.74,65.96,74.19,74.38,70.94,86.11,0
4/30/2020 11:00:00 AM,214.96,51.02,66.24,74.26,74.46,70.94,86.09,0
4/30/2020 10:00:00 AM,215.35,51.29,66.52,74.32,74.51,70.98,86.08,0
4/30/2020 9:00:00 AM,215.57,51.46,66.68,74.33,74.56,70.98,86.08,0
4/30/2020 8:00:00 AM,215.68,51.6,66.77,74.34,74.57,70.98,86.08,0
4/30/2020 7:00:00 AM,215.72,51.68,66.8,74.36,74.57,70.97,86.08,0
4/30/2020 6:00:00 AM,215.75,51.73,66.81,74.37,74.57,70.96,86.09,0
4/30/2020 5:00:00 AM,215.75,51.77,66.82,74.37,74.57,70.96,86.1,0
4/30/2020 4:00:00 AM,215.78,51.83,66.82,74.39,74.57,70.97,86.09,0
4/30/2020 3:00:00 AM,215.83,51.87,66.84,74.42,74.57,70.96,86.11,0
4/30/2020 2:00:00 AM,215.85,51.9,66.83,74.43,74.59,70.96,86.09,0
4/30/2020 1:00:00 AM,215.84,51.95,66.83,74.43,74.57,70.94,86.1,0
4/30/2020 12:00:00 AM,215.85,51.98,66.82,74.44,74.59,70.94,86.1,0
4/29/2020 11:00:00 PM,215.86,52.01,66.8,74.47,74.59,70.93,86.1,0
4/29/2020 10:00:00 PM,215.89,52.03,66.8,74.49,74.6,70.91,86.1,0
4/29/2020 9:00:00 PM,215.95,52.02,66.81,74.53,74.61,70.9,86.1,0
4/29/2020 8:00:00 PM,216,52.02,66.82,74.56,74.62,70.9,86.09,0
4/29/2020 7:00:00 PM,216.1,52.01,66.85,74.6,74.65,70.89,86.09,0
4/29/2020 6:00:00 PM,216.32,52.1,66.96,74.65,74.7,70.87,86.07,0
4/29/2020 5:00:00 PM,216.63,52.24,67.14,74.72,74.77,70.86,86.07,0
4/29/2020 4:00:00 PM,216.98,52.45,67.36,74.78,74.85,70.86,86.04,0
4/29/2020 3:00:00 PM,217.4,52.71,67.63,74.85,74.92,70.88,86.03,0
4/29/2020 2:00:00 PM,217.88,53.02,67.96,74.92,75,70.87,86.03,0
4/29/2020 1:00:00 PM,218.33,53.33,68.29,74.99,75.05,70.9,86.01,0
4/29/2020 12:00:00 PM,218.77,53.65,68.6,75.05,75.12,70.9,86.01,0
4/29/2020 11:00:00 AM,219.17,53.94,68.89,75.11,75.17,70.91,86.01,0
4/29/2020 10:00:00 AM,219.45,54.17,69.1,75.15,75.2,70.91,86,0
4/29/2020 9:00:00 AM,219.69,54.39,69.29,75.17,75.23,70.91,85.99,0
4/29/2020 8:00:00 AM,219.84,54.56,69.42,75.19,75.23,70.91,86,0
4/29/2020 7:00:00 AM,219.88,54.66,69.45,75.2,75.23,70.9,86.01,0
4/29/2020 6:00:00 AM,219.92,54.72,69.47,75.21,75.24,70.9,86,0
4/29/2020 5:00:00 AM,219.93,54.78,69.47,75.23,75.23,70.9,86.01,0
4/29/2020 4:00:00 AM,219.95,54.81,69.47,75.24,75.24,70.89,86,0
4/29/2020 3:00:00 AM,219.95,54.87,69.46,75.24,75.24,70.88,86,0
4/29/2020 2:00:00 AM,219.97,54.93,69.45,75.27,75.25,70.89,86.01,0
4/29/2020 1:00:00 AM,219.97,54.97,69.44,75.29,75.24,70.87,86.01,0
4/29/2020 12:00:00 AM,220,55.03,69.43,75.32,75.25,70.87,86.01,0
4/28/2020 11:00:00 PM,220,55.05,69.42,75.33,75.25,70.86,86.01,0
4/28/2020 10:00:00 PM,220,55.07,69.39,75.35,75.26,70.85,86.01,0
4/28/2020 9:00:00 PM,220.04,55.05,69.39,75.38,75.27,70.85,86.01,0
4/28/2020 8:00:00 PM,220.1,55.04,69.4,75.42,75.28,70.83,86.01,0
4/28/2020 7:00:00 PM,220.19,55.02,69.41,75.47,75.32,70.82,86,0
4/28/2020 6:00:00 PM,220.37,55.04,69.52,75.5,75.35,70.8,86,0.333
4/28/2020 5:00:00 PM,220.72,55.2,69.73,75.57,75.41,70.79,85.98,1
4/28/2020 4:00:00 PM,221.26,55.55,70.1,75.67,75.49,70.8,85.96,1
4/28/2020 3:00:00 PM,221.91,56.01,70.56,75.77,75.58,70.8,85.95,1
4/28/2020 2:00:00 PM,222.52,56.42,71.01,75.85,75.66,70.82,85.93,0.333
4/28/2020 1:00:00 PM,223.13,56.9,71.45,75.93,75.74,70.85,85.94,0
4/28/2020 12:00:00 PM,223.85,57.42,71.99,76.04,75.82,70.85,85.94,0
4/28/2020 11:00:00 AM,224.51,57.92,72.5,76.13,75.88,70.87,85.93,0
4/28/2020 10:00:00 AM,225.15,58.39,72.97,76.22,75.95,70.87,85.92,0
4/28/2020 9:00:00 AM,225.7,58.83,73.4,76.3,76,70.86,85.92,0
4/28/2020 8:00:00 AM,226.07,59.2,73.7,76.34,76.02,70.86,85.92,0
4/28/2020 7:00:00 AM,226.4,59.52,73.98,76.38,76.05,70.87,85.91,0
4/28/2020 6:00:00 AM,226.55,59.72,74.1,76.41,76.05,70.85,85.92,0
4/28/2020 5:00:00 AM,226.6,59.8,74.14,76.41,76.05,70.85,85.91,0
4/28/2020 4:00:00 AM,226.66,59.9,74.17,76.43,76.05,70.85,85.92,0
4/28/2020 3:00:00 AM,226.68,59.95,74.2,76.43,76.05,70.85,85.92,0
4/28/2020 2:00:00 AM,226.72,60.01,74.2,76.46,76.06,70.85,85.92,0
4/28/2020 1:00:00 AM,226.76,60.1,74.22,76.48,76.06,70.84,85.9,0
4/28/2020 12:00:00 AM,226.78,60.15,74.22,76.49,76.07,70.83,85.92,0
