Balthazar Prunes SMP,Irrigation Zone 16"-36",Soil Moisture 8",Soil Moisture 16",Soil Moisture 28",Soil Moisture 36",Soil Moisture 48",Soil Moisture 56",Dwyer Pressure Sensor 0-100,Pressure Switch - Calculated
5/28/2020 10:00:00 AM,206.19,46.02,56.17,76.47,73.55,89.8,90.04,-0.07,0
5/28/2020 9:00:00 AM,206.32,46.11,56.24,76.52,73.56,89.8,90.03,-0.04,0
5/28/2020 8:00:00 AM,206.4,46.2,56.28,76.56,73.56,89.8,90.04,-0.04,0
5/28/2020 7:00:00 AM,206.45,46.28,56.3,76.58,73.58,89.79,90.05,-0.01,0
5/28/2020 6:00:00 AM,206.43,46.31,56.28,76.57,73.58,89.79,90.04,-0.01,0
5/28/2020 5:00:00 AM,206.44,46.32,56.28,76.57,73.58,89.8,90.04,-0.01,0
5/28/2020 4:00:00 AM,206.4,46.35,56.27,76.56,73.58,89.79,90.04,-0.03,0
5/28/2020 3:00:00 AM,206.37,46.35,56.26,76.55,73.56,89.77,90.03,-0.03,0
5/28/2020 2:00:00 AM,206.35,46.37,56.25,76.55,73.55,89.8,90.04,-0.05,0
5/28/2020 1:00:00 AM,206.3,46.37,56.22,76.53,73.55,89.79,90.03,-0.06,0
5/28/2020 12:00:00 AM,206.25,46.33,56.21,76.5,73.54,89.78,90.04,-0.06,0
5/27/2020 11:00:00 PM,206.25,46.32,56.21,76.5,73.54,89.77,90.03,-0.07,0
5/27/2020 10:00:00 PM,206.17,46.27,56.18,76.48,73.51,89.78,90.03,-0.08,0
5/27/2020 9:00:00 PM,206.15,46.22,56.17,76.46,73.51,89.78,90.03,-0.09,0
5/27/2020 8:00:00 PM,206.14,46.15,56.18,76.45,73.51,89.77,90.03,-0.14,0
5/27/2020 7:00:00 PM,206.16,46.04,56.19,76.46,73.51,89.78,90.03,-0.16,0
5/27/2020 6:00:00 PM,206.26,45.97,56.25,76.5,73.51,89.78,90.04,-0.23,0
5/27/2020 5:00:00 PM,206.39,45.93,56.33,76.55,73.52,89.78,90.03,-0.3,0
5/27/2020 4:00:00 PM,206.53,45.91,56.42,76.59,73.52,89.8,90.02,-0.29,0
5/27/2020 3:00:00 PM,206.74,45.98,56.57,76.64,73.54,89.81,90.03,-0.28,0
5/27/2020 2:00:00 PM,206.93,46.03,56.7,76.68,73.55,89.82,90.02,-0.22,0
5/27/2020 1:00:00 PM,207.11,46.08,56.82,76.73,73.57,89.84,90.03,-0.16,0
5/27/2020 12:00:00 PM,207.28,46.13,56.93,76.77,73.58,89.83,90.03,-0.14,0
5/27/2020 11:00:00 AM,207.46,46.21,57.04,76.82,73.6,89.84,90.01,-0.12,0
5/27/2020 10:00:00 AM,207.61,46.32,57.14,76.86,73.6,89.82,90.02,-0.08,0
5/27/2020 9:00:00 AM,207.74,46.4,57.22,76.9,73.61,89.83,90.01,-0.06,0
5/27/2020 8:00:00 AM,207.85,46.49,57.27,76.95,73.63,89.84,90.02,-0.04,0
5/27/2020 7:00:00 AM,207.94,46.56,57.29,77.01,73.64,89.82,90.02,-0.04,0
5/27/2020 6:00:00 AM,207.9,46.61,57.27,77,73.63,89.82,90.02,-0.01,0
5/27/2020 5:00:00 AM,207.87,46.61,57.26,76.99,73.62,89.82,90.02,-0.04,0
5/27/2020 4:00:00 AM,207.82,46.63,57.24,76.96,73.62,89.83,90.03,-0.02,0
5/27/2020 3:00:00 AM,207.81,46.64,57.24,76.96,73.61,89.82,90.02,-0.05,0
5/27/2020 2:00:00 AM,207.76,46.62,57.22,76.94,73.6,89.83,90.01,-0.06,0
5/27/2020 1:00:00 AM,207.73,46.61,57.2,76.94,73.59,89.82,90.02,-0.06,0
5/27/2020 12:00:00 AM,207.7,46.61,57.18,76.93,73.59,89.83,90.02,-0.08,0
5/26/2020 11:00:00 PM,207.66,46.58,57.17,76.91,73.59,89.83,90.01,-0.06,0
5/26/2020 10:00:00 PM,207.63,46.55,57.16,76.89,73.58,89.82,90.02,-0.09,0
5/26/2020 9:00:00 PM,207.58,46.48,57.14,76.87,73.57,89.82,90.02,-0.11,0
5/26/2020 8:00:00 PM,207.58,46.39,57.13,76.89,73.56,89.82,90.01,-0.13,0
5/26/2020 7:00:00 PM,207.58,46.3,57.13,76.88,73.56,89.81,90.01,-0.16,0
5/26/2020 6:00:00 PM,207.67,46.19,57.18,76.91,73.58,89.82,90.01,-0.21,0
5/26/2020 5:00:00 PM,207.8,46.12,57.26,76.95,73.59,89.81,90.01,-0.29,0
5/26/2020 4:00:00 PM,207.95,46.14,57.37,76.99,73.59,89.81,90.02,-0.28,0
5/26/2020 3:00:00 PM,208.12,46.17,57.48,77.04,73.6,89.84,90.01,-0.26,0
5/26/2020 2:00:00 PM,208.35,46.23,57.62,77.09,73.63,89.84,90.01,-0.19,0
5/26/2020 1:00:00 PM,208.53,46.27,57.77,77.14,73.62,89.84,90.02,-0.15,0
5/26/2020 12:00:00 PM,208.73,46.33,57.89,77.21,73.63,89.85,90.01,-0.13,0
5/26/2020 11:00:00 AM,208.9,46.42,58,77.24,73.66,89.86,90.02,-0.13,0
5/26/2020 10:00:00 AM,209.06,46.5,58.09,77.3,73.67,89.85,90.01,-0.07,0
5/26/2020 9:00:00 AM,209.19,46.64,58.17,77.35,73.67,89.86,90.01,-0.03,0
5/26/2020 8:00:00 AM,209.29,46.71,58.22,77.39,73.68,89.85,90.01,-0.01,0
5/26/2020 7:00:00 AM,209.34,46.78,58.23,77.42,73.7,89.86,90.01,0,0
5/26/2020 6:00:00 AM,209.34,46.79,58.23,77.42,73.69,89.85,90.02,-0.03,0
5/26/2020 5:00:00 AM,209.32,46.82,58.22,77.41,73.69,89.86,90.01,0,0
5/26/2020 4:00:00 AM,209.27,46.82,58.2,77.4,73.68,89.85,90.01,-0.03,0
5/26/2020 3:00:00 AM,209.25,46.83,58.18,77.39,73.68,89.86,90.01,-0.01,0
5/26/2020 2:00:00 AM,209.23,46.82,58.16,77.39,73.68,89.86,90.01,-0.05,0
5/26/2020 1:00:00 AM,209.22,46.83,58.16,77.39,73.67,89.85,90.01,-0.04,0
5/26/2020 12:00:00 AM,209.17,46.8,58.15,77.36,73.66,89.86,90.02,-0.06,0
5/25/2020 11:00:00 PM,209.14,46.78,58.13,77.36,73.65,89.86,90.03,-0.06,0
5/25/2020 10:00:00 PM,209.12,46.74,58.13,77.36,73.64,89.86,90.02,-0.07,0
5/25/2020 9:00:00 PM,209.1,46.67,58.09,77.35,73.65,89.85,90.04,-0.09,0
5/25/2020 8:00:00 PM,209.08,46.6,58.09,77.33,73.66,89.86,90.03,-0.1,0
5/25/2020 7:00:00 PM,209.07,46.5,58.09,77.34,73.64,89.86,90.03,-0.14,0
5/25/2020 6:00:00 PM,209.17,46.41,58.16,77.36,73.65,89.86,90.04,-0.18,0
5/25/2020 5:00:00 PM,209.3,46.36,58.24,77.41,73.66,89.86,90.03,-0.28,0
5/25/2020 4:00:00 PM,209.46,46.36,58.35,77.45,73.67,89.86,90.03,-0.26,0
5/25/2020 3:00:00 PM,209.62,46.4,58.46,77.49,73.67,89.87,90.03,-0.21,0
5/25/2020 2:00:00 PM,209.81,46.45,58.57,77.56,73.69,89.87,90.04,-0.16,0
5/25/2020 1:00:00 PM,209.98,46.5,58.68,77.6,73.69,89.89,90.05,-0.13,0
5/25/2020 12:00:00 PM,210.16,46.55,58.8,77.66,73.7,89.87,90.05,-0.11,0
5/25/2020 11:00:00 AM,210.32,46.64,58.89,77.71,73.72,89.89,90.05,-0.08,0
5/25/2020 10:00:00 AM,210.5,46.75,59,77.77,73.74,89.9,90.03,-0.04,0
5/25/2020 9:00:00 AM,210.61,46.83,59.05,77.8,73.76,89.9,90.04,-0.03,0
5/25/2020 8:00:00 AM,210.71,46.92,59.09,77.86,73.76,89.89,90.03,-0.03,0
5/25/2020 7:00:00 AM,210.76,46.97,59.1,77.9,73.76,89.89,90.05,-0.02,0
5/25/2020 6:00:00 AM,210.76,47,59.09,77.91,73.76,89.9,90.05,-0.01,0
5/25/2020 5:00:00 AM,210.74,47,59.08,77.9,73.76,89.9,90.05,0.02,0
5/25/2020 4:00:00 AM,210.71,47.01,59.07,77.88,73.76,89.89,90.05,-0.02,0
5/25/2020 3:00:00 AM,210.71,47.01,59.06,77.88,73.76,89.9,90.04,-0.01,0
5/25/2020 2:00:00 AM,210.69,47.01,59.07,77.87,73.75,89.9,90.05,-0.03,0
5/25/2020 1:00:00 AM,210.68,47.01,59.05,77.87,73.75,89.9,90.05,0,0
5/25/2020 12:00:00 AM,210.63,47,59.03,77.85,73.75,89.89,90.05,-0.04,0
5/24/2020 11:00:00 PM,210.62,46.97,59.03,77.85,73.74,89.9,90.05,-0.03,0
5/24/2020 10:00:00 PM,210.58,46.94,59.01,77.85,73.73,89.9,90.05,-0.04,0
5/24/2020 9:00:00 PM,210.58,46.89,59.02,77.82,73.73,89.91,90.05,-0.06,0
5/24/2020 8:00:00 PM,210.55,46.83,59,77.82,73.73,89.9,90.05,-0.08,0
5/24/2020 7:00:00 PM,210.55,46.75,59.01,77.83,73.72,89.9,90.04,-0.13,0
5/24/2020 6:00:00 PM,210.62,46.67,59.05,77.84,73.73,89.91,90.05,-0.13,0
5/24/2020 5:00:00 PM,210.75,46.62,59.13,77.88,73.74,89.91,90.05,-0.19,0
5/24/2020 4:00:00 PM,210.91,46.64,59.22,77.94,73.75,89.91,90.05,-0.15,0
5/24/2020 3:00:00 PM,211.09,46.7,59.33,78,73.76,89.91,90.05,-0.15,0
5/24/2020 2:00:00 PM,211.26,46.76,59.45,78.05,73.76,89.92,90.06,-0.13,0
5/24/2020 1:00:00 PM,211.46,46.84,59.59,78.1,73.77,89.94,90.06,-0.09,0
5/24/2020 12:00:00 PM,211.63,46.92,59.69,78.17,73.77,89.93,90.05,-0.08,0
5/24/2020 11:00:00 AM,211.77,47,59.79,78.2,73.79,89.94,90.05,-0.04,0
5/24/2020 10:00:00 AM,211.93,47.08,59.86,78.26,73.81,89.94,90.05,-0.02,0
5/24/2020 9:00:00 AM,212.02,47.18,59.92,78.3,73.8,89.94,90.05,-0.01,0
5/24/2020 8:00:00 AM,212.11,47.22,59.95,78.35,73.82,89.95,90.05,0,0
5/24/2020 7:00:00 AM,212.17,47.29,59.96,78.38,73.83,89.94,90.05,0.01,0
5/24/2020 6:00:00 AM,212.14,47.32,59.96,78.37,73.82,89.95,90.05,0.05,0
5/24/2020 5:00:00 AM,212.16,47.33,59.95,78.37,73.83,89.94,90.04,0.02,0
5/24/2020 4:00:00 AM,212.12,47.35,59.94,78.36,73.81,89.95,90.05,0.02,0
5/24/2020 3:00:00 AM,212.1,47.36,59.94,78.36,73.8,89.96,90.04,0.03,0
5/24/2020 2:00:00 AM,212.08,47.36,59.93,78.35,73.8,89.95,90.04,-0.02,0
5/24/2020 1:00:00 AM,212.08,47.37,59.94,78.35,73.79,89.95,90.05,-0.02,0
5/24/2020 12:00:00 AM,212.07,47.37,59.92,78.36,73.79,89.96,90.05,-0.03,0
5/23/2020 11:00:00 PM,212.04,47.35,59.9,78.35,73.79,89.95,90.05,-0.03,0
5/23/2020 10:00:00 PM,212.01,47.33,59.88,78.34,73.78,89.97,90.05,-0.03,0
5/23/2020 9:00:00 PM,212.01,47.28,59.9,78.33,73.78,89.97,90.05,-0.04,0
5/23/2020 8:00:00 PM,212.02,47.21,59.91,78.33,73.78,89.96,90.05,-0.07,0
5/23/2020 7:00:00 PM,212.03,47.14,59.92,78.33,73.77,89.96,90.04,-0.1,0
5/23/2020 6:00:00 PM,212.08,47.05,59.96,78.35,73.77,89.97,90.05,-0.11,0
5/23/2020 5:00:00 PM,212.21,47.02,60.03,78.4,73.77,89.98,90.05,-0.17,0
5/23/2020 4:00:00 PM,212.36,47.05,60.14,78.43,73.79,89.98,90.05,-0.15,0
5/23/2020 3:00:00 PM,212.52,47.09,60.23,78.5,73.79,89.98,90.05,-0.14,0
5/23/2020 2:00:00 PM,212.72,47.19,60.37,78.55,73.81,89.99,90.05,-0.12,0
5/23/2020 1:00:00 PM,212.87,47.24,60.46,78.61,73.81,89.98,90.05,-0.08,0
5/23/2020 12:00:00 PM,213.05,47.31,60.57,78.66,73.83,89.99,90.06,-0.07,0
5/23/2020 11:00:00 AM,213.22,47.4,60.67,78.71,73.83,90.01,90.06,-0.03,0
5/23/2020 10:00:00 AM,213.4,47.54,60.79,78.78,73.83,90.01,90.07,-0.01,0
5/23/2020 9:00:00 AM,213.55,47.63,60.85,78.84,73.86,90.01,90.07,0,0
5/23/2020 8:00:00 AM,213.65,47.7,60.91,78.87,73.87,90.01,90.07,0.01,0
5/23/2020 7:00:00 AM,213.75,47.77,60.95,78.92,73.88,90.02,90.07,0.04,0
5/23/2020 6:00:00 AM,213.76,47.82,60.95,78.93,73.88,90.01,90.07,0.05,0
5/23/2020 5:00:00 AM,213.78,47.83,60.97,78.93,73.88,90.01,90.07,0.02,0
5/23/2020 4:00:00 AM,213.74,47.85,60.95,78.93,73.86,90.02,90.07,0.05,0
5/23/2020 3:00:00 AM,213.75,47.86,60.96,78.93,73.87,90.02,90.06,0.03,0
5/23/2020 2:00:00 AM,213.73,47.87,60.95,78.92,73.86,90.01,90.07,0,0
5/23/2020 1:00:00 AM,213.72,47.88,60.95,78.91,73.86,90.01,90.07,0.03,0
5/23/2020 12:00:00 AM,213.72,47.89,60.96,78.9,73.86,90.01,90.07,-0.01,0
5/22/2020 11:00:00 PM,213.68,47.88,60.95,78.89,73.85,90.01,90.07,0,0
5/22/2020 10:00:00 PM,213.68,47.85,60.94,78.88,73.86,90.01,90.07,-0.05,0
5/22/2020 9:00:00 PM,213.64,47.83,60.94,78.88,73.83,90.01,90.06,-0.03,0
5/22/2020 8:00:00 PM,213.66,47.78,60.94,78.88,73.85,90.02,90.06,-0.03,0
5/22/2020 7:00:00 PM,213.68,47.72,60.96,78.89,73.83,90.01,90.07,-0.05,0
5/22/2020 6:00:00 PM,213.77,47.68,61.01,78.92,73.85,90.01,90.07,-0.06,0
5/22/2020 5:00:00 PM,213.88,47.67,61.09,78.95,73.85,90.02,90.07,-0.11,0
5/22/2020 4:00:00 PM,214.06,47.73,61.2,79.01,73.86,90.02,90.08,-0.11,0
5/22/2020 3:00:00 PM,214.19,47.81,61.29,79.05,73.85,90.02,90.07,-0.08,0
5/22/2020 2:00:00 PM,214.36,47.91,61.39,79.11,73.86,90.04,90.07,-0.08,0
5/22/2020 1:00:00 PM,214.56,48.03,61.49,79.19,73.88,90.04,90.07,-0.06,0
5/22/2020 12:00:00 PM,214.72,48.13,61.6,79.25,73.88,90.04,90.07,-0.03,0
5/22/2020 11:00:00 AM,214.88,48.23,61.68,79.31,73.89,90.04,90.09,-0.01,0
5/22/2020 10:00:00 AM,215.03,48.37,61.76,79.37,73.9,90.05,90.09,0,0
5/22/2020 9:00:00 AM,215.11,48.45,61.8,79.4,73.91,90.06,90.08,0,0
5/22/2020 8:00:00 AM,215.19,48.53,61.83,79.45,73.9,90.05,90.07,0,0
5/22/2020 7:00:00 AM,215.25,48.59,61.85,79.48,73.92,90.04,90.09,0.03,0
5/22/2020 6:00:00 AM,215.22,48.62,61.85,79.47,73.9,90.04,90.1,0.05,0
5/22/2020 5:00:00 AM,215.19,48.65,61.83,79.46,73.9,90.04,90.09,0.01,0
5/22/2020 4:00:00 AM,215.18,48.64,61.83,79.46,73.89,90.06,90.09,0.04,0
5/22/2020 3:00:00 AM,215.17,48.66,61.84,79.44,73.89,90.04,90.09,0,0
5/22/2020 2:00:00 AM,215.14,48.65,61.81,79.44,73.89,90.05,90.08,-0.01,0
5/22/2020 1:00:00 AM,215.13,48.64,61.8,79.44,73.89,90.06,90.1,-0.03,0
5/22/2020 12:00:00 AM,215.11,48.64,61.78,79.43,73.89,90.05,90.09,-0.01,0
5/21/2020 11:00:00 PM,215.07,48.63,61.78,79.42,73.88,90.07,90.1,-0.03,0
5/21/2020 10:00:00 PM,215.06,48.61,61.77,79.42,73.88,90.07,90.1,-0.03,0
5/21/2020 9:00:00 PM,215.06,48.56,61.77,79.42,73.87,90.05,90.1,-0.02,0
5/21/2020 8:00:00 PM,215.04,48.5,61.75,79.41,73.88,90.07,90.09,-0.04,0
5/21/2020 7:00:00 PM,215.07,48.41,61.77,79.42,73.88,90.06,90.1,-0.07,0
5/21/2020 6:00:00 PM,215.13,48.37,61.81,79.45,73.87,90.07,90.1,-0.09,0
5/21/2020 5:00:00 PM,215.21,48.32,61.87,79.47,73.87,90.07,90.1,-0.13,0
5/21/2020 4:00:00 PM,215.36,48.36,61.95,79.53,73.88,90.08,90.11,-0.13,0
5/21/2020 3:00:00 PM,215.55,48.44,62.07,79.6,73.89,90.08,90.1,-0.13,0
5/21/2020 2:00:00 PM,215.72,48.52,62.16,79.66,73.9,90.09,90.1,-0.08,0
5/21/2020 1:00:00 PM,215.86,48.62,62.25,79.71,73.9,90.09,90.1,-0.06,0
5/21/2020 12:00:00 PM,216.05,48.72,62.35,79.78,73.92,90.1,90.12,-0.03,0
5/21/2020 11:00:00 AM,216.19,48.82,62.44,79.82,73.93,90.1,90.11,-0.03,0
5/21/2020 10:00:00 AM,216.31,48.94,62.5,79.88,73.92,90.1,90.11,-0.01,0
5/21/2020 9:00:00 AM,216.44,49.03,62.56,79.93,73.94,90.11,90.13,0,0
5/21/2020 8:00:00 AM,216.54,49.11,62.61,79.98,73.96,90.1,90.12,0.05,0
5/21/2020 7:00:00 AM,216.58,49.15,62.62,80.01,73.95,90.12,90.13,0.05,0
5/21/2020 6:00:00 AM,216.58,49.19,62.62,80.01,73.95,90.12,90.13,0.05,0
5/21/2020 5:00:00 AM,216.58,49.21,62.61,80.01,73.95,90.11,90.13,0.01,0
5/21/2020 4:00:00 AM,216.58,49.2,62.61,80.01,73.96,90.11,90.13,0.05,0
5/21/2020 3:00:00 AM,216.53,49.23,62.59,79.99,73.95,90.11,90.13,0.04,0
5/21/2020 2:00:00 AM,216.55,49.23,62.61,80,73.95,90.12,90.13,-0.03,0
5/21/2020 1:00:00 AM,216.52,49.24,62.59,79.99,73.94,90.12,90.13,0.01,0
5/21/2020 12:00:00 AM,216.5,49.24,62.57,79.99,73.94,90.12,90.13,0,0
5/20/2020 11:00:00 PM,216.48,49.23,62.57,79.97,73.94,90.12,90.13,-0.01,0
5/20/2020 10:00:00 PM,216.47,49.22,62.56,79.98,73.94,90.11,90.13,-0.04,0
5/20/2020 9:00:00 PM,216.46,49.16,62.56,79.96,73.94,90.11,90.14,-0.03,0
5/20/2020 8:00:00 PM,216.45,49.11,62.56,79.96,73.93,90.11,90.13,-0.04,0
5/20/2020 7:00:00 PM,216.46,49.04,62.56,79.96,73.94,90.11,90.13,-0.07,0
5/20/2020 6:00:00 PM,216.52,48.95,62.59,79.99,73.94,90.11,90.13,-0.07,0
5/20/2020 5:00:00 PM,216.64,48.92,62.67,80.03,73.94,90.13,90.14,-0.13,0
5/20/2020 4:00:00 PM,216.77,48.97,62.74,80.09,73.94,90.13,90.13,-0.13,0
5/20/2020 3:00:00 PM,216.91,49.03,62.84,80.13,73.94,90.13,90.13,-0.08,0
5/20/2020 2:00:00 PM,217.09,49.13,62.92,80.21,73.96,90.13,90.14,-0.07,0
5/20/2020 1:00:00 PM,217.23,49.21,63.02,80.25,73.96,90.13,90.14,-0.02,0
5/20/2020 12:00:00 PM,217.39,49.31,63.09,80.32,73.98,90.15,90.14,0,0
5/20/2020 11:00:00 AM,217.49,49.4,63.16,80.37,73.96,90.15,90.15,-0.01,0
5/20/2020 10:00:00 AM,217.61,49.49,63.22,80.43,73.96,90.15,90.14,0,0
5/20/2020 9:00:00 AM,217.7,49.56,63.26,80.47,73.96,90.16,90.15,0.03,0
5/20/2020 8:00:00 AM,217.78,49.62,63.29,80.52,73.97,90.15,90.15,0.05,0
5/20/2020 7:00:00 AM,217.83,49.65,63.32,80.53,73.98,90.15,90.15,0.05,0
5/20/2020 6:00:00 AM,217.84,49.69,63.31,80.55,73.98,90.13,90.15,0.06,0
5/20/2020 5:00:00 AM,217.86,49.69,63.33,80.55,73.98,90.14,90.15,0.04,0
5/20/2020 4:00:00 AM,217.83,49.71,63.31,80.54,73.98,90.15,90.15,0.05,0
5/20/2020 3:00:00 AM,217.83,49.73,63.32,80.54,73.97,90.14,90.14,0.05,0
5/20/2020 2:00:00 AM,217.85,49.75,63.34,80.55,73.97,90.14,90.15,0.01,0
5/20/2020 1:00:00 AM,217.82,49.76,63.32,80.53,73.97,90.15,90.14,0.04,0
5/20/2020 12:00:00 AM,217.82,49.76,63.32,80.54,73.96,90.14,90.15,0.03,0
5/19/2020 11:00:00 PM,217.81,49.75,63.3,80.53,73.98,90.14,90.15,0,0
5/19/2020 10:00:00 PM,217.8,49.71,63.31,80.52,73.97,90.14,90.13,-0.01,0
5/19/2020 9:00:00 PM,217.77,49.67,63.28,80.52,73.97,90.14,90.14,-0.02,0
5/19/2020 8:00:00 PM,217.79,49.62,63.31,80.51,73.97,90.15,90.15,-0.02,0
5/19/2020 7:00:00 PM,217.8,49.55,63.33,80.51,73.96,90.13,90.15,-0.04,0
5/19/2020 6:00:00 PM,217.9,49.49,63.37,80.55,73.98,90.15,90.15,-0.06,0
5/19/2020 5:00:00 PM,218.01,49.48,63.42,80.59,73.99,90.15,90.15,-0.08,0
5/19/2020 4:00:00 PM,218.15,49.52,63.52,80.64,73.99,90.15,90.15,-0.08,0
5/19/2020 3:00:00 PM,218.3,49.59,63.6,80.7,74,90.15,90.15,-0.06,0
5/19/2020 2:00:00 PM,218.47,49.69,63.71,80.76,74,90.16,90.16,-0.04,0
5/19/2020 1:00:00 PM,218.63,49.77,63.8,80.82,74.01,90.16,90.15,-0.01,0
5/19/2020 12:00:00 PM,218.75,49.85,63.88,80.86,74.01,90.17,90.16,0,0
5/19/2020 11:00:00 AM,218.92,49.94,63.96,80.93,74.03,90.16,90.18,0.01,0
5/19/2020 10:00:00 AM,219.05,50.02,64.03,80.98,74.03,90.16,90.16,0.04,0
5/19/2020 9:00:00 AM,219.14,50.09,64.09,81.02,74.03,90.17,90.15,0.06,0
5/19/2020 8:00:00 AM,219.22,50.09,64.13,81.05,74.04,90.17,90.16,0.08,0
5/19/2020 7:00:00 AM,219.27,50.16,64.16,81.07,74.04,90.17,90.16,0.07,0
5/19/2020 6:00:00 AM,219.28,50.18,64.16,81.08,74.04,90.17,90.16,0.08,0
5/19/2020 5:00:00 AM,219.29,50.2,64.17,81.08,74.04,90.17,90.16,0.08,0
5/19/2020 4:00:00 AM,219.29,50.21,64.17,81.08,74.04,90.17,90.16,0.07,0
5/19/2020 3:00:00 AM,219.28,50.23,64.18,81.08,74.03,90.17,90.16,0.05,0
5/19/2020 2:00:00 AM,219.29,50.25,64.2,81.07,74.03,90.16,90.17,0.06,0
5/19/2020 1:00:00 AM,219.28,50.27,64.19,81.06,74.03,90.16,90.16,0.08,0
5/19/2020 12:00:00 AM,219.29,50.28,64.2,81.07,74.03,90.17,90.15,0.07,0
5/18/2020 11:00:00 PM,219.3,50.29,64.2,81.06,74.03,90.17,90.16,0.05,0
5/18/2020 10:00:00 PM,219.29,50.31,64.21,81.05,74.03,90.16,90.15,0.05,0
5/18/2020 9:00:00 PM,219.3,50.3,64.21,81.06,74.03,90.16,90.17,0.03,0
5/18/2020 8:00:00 PM,219.29,50.28,64.21,81.06,74.02,90.16,90.15,0.04,0
5/18/2020 7:00:00 PM,219.28,50.25,64.23,81.04,74.02,90.16,90.17,0.04,0
5/18/2020 6:00:00 PM,219.31,50.23,64.25,81.04,74.03,90.16,90.16,0,0
5/18/2020 5:00:00 PM,219.36,50.17,64.28,81.06,74.02,90.17,90.16,0,0
5/18/2020 4:00:00 PM,219.44,50.18,64.34,81.08,74.03,90.16,90.15,-0.02,0
5/18/2020 3:00:00 PM,219.55,50.26,64.4,81.12,74.03,90.16,90.14,-0.01,0
5/18/2020 2:00:00 PM,219.7,50.33,64.48,81.17,74.04,90.17,90.15,0,0
5/18/2020 1:00:00 PM,219.81,50.38,64.56,81.22,74.03,90.17,90.16,0.03,0
5/18/2020 12:00:00 PM,219.87,50.36,64.59,81.24,74.04,90.17,90.16,0.01,0
5/18/2020 11:00:00 AM,220,50.46,64.67,81.29,74.04,90.16,90.16,0.01,0
5/18/2020 10:00:00 AM,220.13,50.54,64.75,81.33,74.05,90.17,90.16,0.04,0
5/18/2020 9:00:00 AM,220.24,50.62,64.82,81.37,74.05,90.17,90.16,0.05,0
5/18/2020 8:00:00 AM,220.29,50.67,64.84,81.4,74.05,90.17,90.16,0.05,0
5/18/2020 7:00:00 AM,220.3,50.7,64.86,81.39,74.05,90.16,90.17,0.06,0
5/18/2020 6:00:00 AM,220.32,50.72,64.88,81.39,74.05,90.16,90.17,0.08,0
5/18/2020 5:00:00 AM,220.33,50.75,64.9,81.39,74.04,90.16,90.16,0.05,0
5/18/2020 4:00:00 AM,220.32,50.78,64.89,81.39,74.04,90.16,90.14,0.05,0
5/18/2020 3:00:00 AM,220.31,50.77,64.88,81.37,74.05,90.14,90.14,0.05,0
5/18/2020 2:00:00 AM,220.3,50.76,64.89,81.37,74.04,90.16,90.16,0.05,0
5/18/2020 1:00:00 AM,220.33,50.77,64.9,81.39,74.04,90.15,90.18,0.06,0
5/18/2020 12:00:00 AM,220.33,50.77,64.91,81.38,74.04,90.17,90.17,0.02,0
5/17/2020 11:00:00 PM,220.33,50.78,64.92,81.37,74.04,90.16,90.18,0.03,0
5/17/2020 10:00:00 PM,220.34,50.78,64.92,81.38,74.04,90.16,90.17,0.05,0
5/17/2020 9:00:00 PM,220.33,50.76,64.93,81.36,74.04,90.16,90.17,0.01,0
5/17/2020 8:00:00 PM,220.35,50.73,64.95,81.36,74.04,90.15,90.17,0,0
5/17/2020 7:00:00 PM,220.38,50.7,64.98,81.36,74.03,90.14,90.17,0,0
5/17/2020 6:00:00 PM,220.49,50.74,65.05,81.4,74.04,90.16,90.18,0,0
5/17/2020 5:00:00 PM,220.6,50.76,65.11,81.44,74.04,90.15,90.18,0,0
5/17/2020 4:00:00 PM,220.74,50.83,65.21,81.48,74.05,90.15,90.18,-0.01,0
5/17/2020 3:00:00 PM,220.89,50.98,65.32,81.52,74.05,90.15,90.19,-0.02,0
5/17/2020 2:00:00 PM,221.1,51.18,65.45,81.59,74.06,90.16,90.18,-0.01,0
5/17/2020 1:00:00 PM,221.28,51.35,65.56,81.64,74.08,90.14,90.19,0,0
5/17/2020 12:00:00 PM,221.43,51.48,65.66,81.69,74.08,90.15,90.18,0,0
5/17/2020 11:00:00 AM,221.54,51.57,65.72,81.73,74.09,90.15,90.17,0,0
5/17/2020 10:00:00 AM,221.65,51.65,65.79,81.77,74.09,90.15,90.17,0.02,0
5/17/2020 9:00:00 AM,221.69,51.7,65.83,81.78,74.08,90.16,90.18,0.04,0
5/17/2020 8:00:00 AM,221.7,51.73,65.83,81.78,74.08,90.13,90.18,0.05,0
5/17/2020 7:00:00 AM,221.71,51.75,65.84,81.77,74.09,90.13,90.17,0.05,0
5/17/2020 6:00:00 AM,221.69,51.76,65.84,81.76,74.09,90.13,90.17,0.05,0
5/17/2020 5:00:00 AM,221.69,51.75,65.84,81.77,74.08,90.13,90.18,0,0
5/17/2020 4:00:00 AM,221.7,51.78,65.84,81.77,74.09,90.11,90.18,0,0
5/17/2020 3:00:00 AM,221.66,51.79,65.82,81.76,74.08,90.12,90.18,0.01,0
5/17/2020 2:00:00 AM,221.67,51.8,65.83,81.76,74.08,90.1,90.18,0.03,0
5/17/2020 1:00:00 AM,221.67,51.82,65.84,81.75,74.08,90.11,90.18,0.05,0
5/17/2020 12:00:00 AM,221.64,51.82,65.83,81.73,74.07,90.11,90.17,0.02,0
5/16/2020 11:00:00 PM,221.63,51.82,65.84,81.72,74.07,90.12,90.17,0,0
5/16/2020 10:00:00 PM,221.61,51.79,65.82,81.72,74.08,90.1,90.19,0,0
5/16/2020 9:00:00 PM,221.62,51.74,65.81,81.73,74.08,90.11,90.19,-0.02,0
5/16/2020 8:00:00 PM,221.62,51.71,65.81,81.73,74.08,90.1,90.19,-0.04,0
5/16/2020 7:00:00 PM,221.62,51.63,65.82,81.72,74.08,90.09,90.19,-0.04,0
5/16/2020 6:00:00 PM,221.67,51.59,65.86,81.73,74.08,90.08,90.2,-0.05,0
5/16/2020 5:00:00 PM,221.76,51.6,65.92,81.76,74.08,90.08,90.2,-0.07,0
5/16/2020 4:00:00 PM,221.96,51.68,66.07,81.8,74.08,90.08,90.2,-0.06,0
5/16/2020 3:00:00 PM,222.16,51.8,66.19,81.88,74.09,90.08,90.2,-0.08,0
5/16/2020 2:00:00 PM,222.39,52.01,66.36,81.93,74.11,90.09,90.2,-0.07,0
5/16/2020 1:00:00 PM,222.61,52.18,66.49,82,74.12,90.08,90.21,-0.04,0
5/16/2020 12:00:00 PM,222.82,52.38,66.63,82.05,74.13,90.1,90.21,-0.03,0
5/16/2020 11:00:00 AM,223.01,52.64,66.75,82.12,74.13,90.07,90.21,-0.03,0
5/16/2020 10:00:00 AM,223.16,52.86,66.85,82.18,74.13,90.08,90.21,-0.01,0
5/16/2020 9:00:00 AM,223.3,52.98,66.93,82.22,74.14,90.07,90.2,0.03,0
5/16/2020 8:00:00 AM,223.43,53.1,67,82.27,74.16,90.05,90.22,0.03,0
5/16/2020 7:00:00 AM,223.5,53.15,67.04,82.3,74.16,90.06,90.21,0,0
5/16/2020 6:00:00 AM,223.54,53.19,67.07,82.31,74.16,90.05,90.21,0,0
5/16/2020 5:00:00 AM,223.54,53.2,67.07,82.31,74.17,90.04,90.21,0.02,0
5/16/2020 4:00:00 AM,223.54,53.21,67.07,82.31,74.17,90.04,90.22,0.05,0
5/16/2020 3:00:00 AM,223.53,53.23,67.05,82.32,74.17,90.02,90.21,0.01,0
5/16/2020 2:00:00 AM,223.5,53.24,67.05,82.31,74.15,90.02,90.21,0,0
5/16/2020 1:00:00 AM,223.5,53.24,67.04,82.31,74.15,90.02,90.22,-0.01,0
5/16/2020 12:00:00 AM,223.5,53.24,67.04,82.32,74.14,90.02,90.22,-0.02,0
5/15/2020 11:00:00 PM,223.48,53.23,67.03,82.31,74.14,90,90.22,-0.03,0
5/15/2020 10:00:00 PM,223.47,53.22,67.02,82.31,74.14,90,90.23,-0.01,0
5/15/2020 9:00:00 PM,223.46,53.16,67.01,82.3,74.15,90.01,90.23,-0.04,0
5/15/2020 8:00:00 PM,223.49,53.12,67.03,82.3,74.15,89.99,90.24,-0.04,0
5/15/2020 7:00:00 PM,223.5,53.05,67.06,82.3,74.14,89.98,90.24,-0.06,0
5/15/2020 6:00:00 PM,223.56,52.98,67.11,82.3,74.15,89.98,90.25,-0.08,0
5/15/2020 5:00:00 PM,223.67,52.99,67.19,82.33,74.15,89.97,90.25,-0.13,0
5/15/2020 4:00:00 PM,223.83,53.08,67.28,82.38,74.17,89.96,90.25,-0.12,0
5/15/2020 3:00:00 PM,224.03,53.25,67.41,82.45,74.17,89.95,90.25,-0.08,0
5/15/2020 2:00:00 PM,224.23,53.44,67.54,82.51,74.18,89.96,90.25,-0.07,0
5/15/2020 1:00:00 PM,224.41,53.6,67.65,82.56,74.19,89.95,90.25,-0.03,0
5/15/2020 12:00:00 PM,224.6,53.75,67.77,82.61,74.21,89.94,90.25,-0.03,0
5/15/2020 11:00:00 AM,224.79,53.94,67.88,82.69,74.21,89.92,90.26,-0.01,0
5/15/2020 10:00:00 AM,224.93,54.13,67.99,82.73,74.22,89.91,90.27,0,0
5/15/2020 9:00:00 AM,225.04,54.22,68.05,82.77,74.23,89.88,90.25,0.01,0
5/15/2020 8:00:00 AM,225.15,54.26,68.11,82.81,74.24,89.86,90.25,0.01,0
5/15/2020 7:00:00 AM,225.21,54.3,68.13,82.82,74.25,89.83,90.27,0.05,0
5/15/2020 6:00:00 AM,225.23,54.32,68.15,82.83,74.25,89.83,90.25,0.05,0
5/15/2020 5:00:00 AM,225.24,54.36,68.15,82.84,74.25,89.79,90.28,0.05,0
5/15/2020 4:00:00 AM,225.28,54.35,68.17,82.85,74.26,89.76,90.28,0.05,0
5/15/2020 3:00:00 AM,225.27,54.36,68.16,82.84,74.26,89.75,90.25,0.06,0
5/15/2020 2:00:00 AM,225.26,54.38,68.16,82.84,74.26,89.73,90.25,0.01,0
5/15/2020 1:00:00 AM,225.27,54.38,68.18,82.84,74.26,89.7,90.27,0.04,0
5/15/2020 12:00:00 AM,225.26,54.37,68.18,82.83,74.25,89.67,90.28,0.05,0
5/14/2020 11:00:00 PM,225.23,54.36,68.18,82.82,74.23,89.63,90.25,0.05,0
5/14/2020 10:00:00 PM,225.26,54.34,68.19,82.83,74.24,89.6,90.25,0.04,0
5/14/2020 9:00:00 PM,225.27,54.31,68.21,82.82,74.24,89.56,90.25,0.03,0
5/14/2020 8:00:00 PM,225.31,54.29,68.24,82.83,74.24,89.55,90.25,0.01,0
5/14/2020 7:00:00 PM,225.33,54.26,68.25,82.84,74.24,89.5,90.25,0,0
5/14/2020 6:00:00 PM,225.42,54.26,68.31,82.86,74.25,89.48,90.26,-0.01,0
5/14/2020 5:00:00 PM,225.53,54.3,68.39,82.89,74.25,89.42,90.26,-0.02,0
5/14/2020 4:00:00 PM,225.72,54.37,68.51,82.95,74.26,89.39,90.24,-0.03,0
5/14/2020 3:00:00 PM,225.87,54.53,68.61,83,74.26,89.3,90.25,-0.01,0
5/14/2020 2:00:00 PM,226.04,54.68,68.72,83.04,74.28,89.24,90.27,0,0
5/14/2020 1:00:00 PM,226.25,54.85,68.85,83.11,74.29,89.16,90.25,0,0
5/14/2020 12:00:00 PM,226.42,54.98,68.96,83.15,74.3,89.06,90.25,0.01,0
5/14/2020 11:00:00 AM,226.53,55.08,69.03,83.2,74.31,88.97,90.25,0.02,0
5/14/2020 10:00:00 AM,226.64,55.19,69.12,83.21,74.32,88.87,90.27,0.03,0
5/14/2020 9:00:00 AM,226.71,55.24,69.14,83.25,74.32,88.73,90.27,0.03,0
5/14/2020 8:00:00 AM,226.77,55.29,69.19,83.27,74.32,88.61,90.24,0.05,0
5/14/2020 7:00:00 AM,226.81,55.3,69.22,83.27,74.32,88.43,90.25,0.05,0
5/14/2020 6:00:00 AM,226.84,55.31,69.23,83.28,74.33,88.29,90.25,0.05,0
5/14/2020 5:00:00 AM,226.88,55.33,69.26,83.28,74.33,88.09,90.25,0.05,0
5/14/2020 4:00:00 AM,226.91,55.34,69.28,83.29,74.33,87.84,90.24,0.06,0
5/14/2020 3:00:00 AM,226.93,55.37,69.29,83.31,74.33,87.63,90.25,0.06,0
5/14/2020 2:00:00 AM,226.95,55.38,69.31,83.3,74.34,87.46,90.26,0.06,0
5/14/2020 1:00:00 AM,226.96,55.37,69.32,83.3,74.34,87.3,90.25,0.04,0
5/14/2020 12:00:00 AM,226.99,55.38,69.35,83.3,74.34,87.15,90.26,0.05,0
5/13/2020 11:00:00 PM,227.02,55.38,69.36,83.32,74.34,86.96,90.25,0.05,0
5/13/2020 10:00:00 PM,227.04,55.38,69.38,83.31,74.35,86.83,90.24,0.05,0
5/13/2020 9:00:00 PM,227.05,55.39,69.38,83.31,74.35,86.75,90.25,0.05,0
5/13/2020 8:00:00 PM,227.07,55.38,69.4,83.32,74.35,86.68,90.26,0.05,0
5/13/2020 7:00:00 PM,227.11,55.37,69.43,83.32,74.36,86.6,90.26,0.05,0
5/13/2020 6:00:00 PM,227.18,55.37,69.48,83.34,74.36,86.49,90.24,0.05,0
5/13/2020 5:00:00 PM,227.28,55.38,69.55,83.37,74.36,86.4,90.24,0.05,0
5/13/2020 4:00:00 PM,227.38,55.45,69.64,83.38,74.35,86.28,90.25,0,0
5/13/2020 3:00:00 PM,227.46,55.51,69.7,83.4,74.37,86.17,90.25,0.03,0
5/13/2020 2:00:00 PM,227.55,55.56,69.76,83.42,74.37,86.07,90.24,0.05,0
5/13/2020 1:00:00 PM,227.7,55.64,69.86,83.46,74.38,85.99,90.24,0,0
5/13/2020 12:00:00 PM,227.82,55.75,69.96,83.5,74.36,85.88,90.25,0.03,0
5/13/2020 11:00:00 AM,227.92,55.84,70.03,83.53,74.37,85.79,90.25,0.04,0
5/13/2020 10:00:00 AM,228.05,55.96,70.11,83.57,74.38,85.7,90.23,0.05,0
5/13/2020 9:00:00 AM,228.19,56.08,70.19,83.62,74.38,85.59,90.26,0.05,0
5/13/2020 8:00:00 AM,228.3,56.13,70.26,83.65,74.39,85.49,90.24,0.05,0
5/13/2020 7:00:00 AM,228.32,56.17,70.28,83.64,74.39,85.39,90.23,0.05,0
5/13/2020 6:00:00 AM,228.34,56.21,70.29,83.65,74.39,85.32,90.24,0.08,0
5/13/2020 5:00:00 AM,228.35,56.23,70.31,83.65,74.38,85.23,90.25,0.08,0
5/13/2020 4:00:00 AM,228.38,56.26,70.34,83.66,74.38,85.15,90.26,0.07,0
5/13/2020 3:00:00 AM,228.4,56.28,70.35,83.67,74.39,85.06,90.26,0.05,0
5/13/2020 2:00:00 AM,228.44,56.31,70.38,83.68,74.38,85.02,90.26,0.05,0
5/13/2020 1:00:00 AM,228.45,56.31,70.4,83.67,74.38,84.96,90.26,0.05,0
5/13/2020 12:00:00 AM,228.48,56.34,70.43,83.67,74.39,84.93,90.26,0.06,0
5/12/2020 11:00:00 PM,228.48,56.35,70.44,83.67,74.38,84.86,90.26,0,0
5/12/2020 10:00:00 PM,228.5,56.35,70.47,83.65,74.38,84.84,90.26,0.04,0
5/12/2020 9:00:00 PM,228.51,56.36,70.48,83.65,74.38,84.82,90.26,0.05,0
5/12/2020 8:00:00 PM,228.52,56.34,70.5,83.64,74.39,84.81,90.26,0.05,0
5/12/2020 7:00:00 PM,228.6,56.34,70.55,83.65,74.4,84.79,90.26,0.04,0
5/12/2020 6:00:00 PM,228.68,56.36,70.62,83.67,74.39,84.77,90.26,0,0
5/12/2020 5:00:00 PM,228.79,56.39,70.71,83.69,74.39,84.74,90.26,0,0
5/12/2020 4:00:00 PM,228.92,56.47,70.79,83.72,74.4,84.71,90.26,-0.02,0
5/12/2020 3:00:00 PM,229.03,56.6,70.88,83.75,74.4,84.68,90.26,-0.01,0
5/12/2020 2:00:00 PM,229.19,56.73,70.99,83.8,74.41,84.65,90.26,0,0
5/12/2020 1:00:00 PM,229.36,56.88,71.1,83.85,74.42,84.62,90.25,0.02,0
5/12/2020 12:00:00 PM,229.49,57.01,71.19,83.88,74.42,84.58,90.25,0.02,0
5/12/2020 11:00:00 AM,229.62,57.12,71.26,83.92,74.44,84.55,90.25,0.04,0
5/12/2020 10:00:00 AM,229.75,57.24,71.36,83.96,74.44,84.56,90.25,0.05,0
5/12/2020 9:00:00 AM,229.84,57.3,71.42,83.97,74.45,84.54,90.25,0.05,0
5/12/2020 8:00:00 AM,229.89,57.35,71.46,83.98,74.45,84.52,90.24,0.05,0
5/12/2020 7:00:00 AM,229.89,57.39,71.47,83.98,74.45,84.51,90.24,0.03,0
5/12/2020 6:00:00 AM,229.92,57.39,71.49,83.98,74.45,84.49,90.24,0.03,0
5/12/2020 5:00:00 AM,229.94,57.42,71.52,83.98,74.44,84.46,90.24,0.05,0
5/12/2020 4:00:00 AM,229.94,57.47,71.54,83.97,74.43,84.44,90.24,0.05,0
5/12/2020 3:00:00 AM,229.99,57.47,71.58,83.97,74.44,84.41,90.23,0.05,0
5/12/2020 2:00:00 AM,229.98,57.51,71.6,83.96,74.42,84.4,90.23,0.05,0
5/12/2020 1:00:00 AM,230.02,57.53,71.63,83.96,74.43,84.39,90.24,0.05,0
5/12/2020 12:00:00 AM,230.02,57.56,71.64,83.94,74.43,84.37,90.24,0,0
5/11/2020 11:00:00 PM,230.06,57.57,71.67,83.95,74.44,84.36,90.24,-0.03,0
5/11/2020 10:00:00 PM,230.04,57.58,71.67,83.94,74.42,84.33,90.23,0,0
5/11/2020 9:00:00 PM,230.04,57.59,71.68,83.94,74.42,84.34,90.24,0.02,0
5/11/2020 8:00:00 PM,230.06,57.59,71.72,83.92,74.42,84.31,90.23,0.05,0
5/11/2020 7:00:00 PM,230.09,57.56,71.74,83.92,74.42,84.32,90.23,0.04,0
5/11/2020 6:00:00 PM,230.12,57.55,71.78,83.92,74.42,84.3,90.23,0,0
5/11/2020 5:00:00 PM,230.18,57.53,71.82,83.94,74.42,84.29,90.24,0,0
5/11/2020 4:00:00 PM,230.25,57.56,71.89,83.94,74.42,84.28,90.24,0,0
5/11/2020 3:00:00 PM,230.32,57.6,71.95,83.95,74.42,84.27,90.24,-0.01,0
5/11/2020 2:00:00 PM,230.43,57.67,72.04,83.97,74.42,84.25,90.25,-0.03,0
5/11/2020 1:00:00 PM,230.6,57.78,72.17,84,74.43,84.23,90.24,-0.03,0
5/11/2020 12:00:00 PM,230.72,57.91,72.26,84.01,74.44,84.22,90.24,0,0
5/11/2020 11:00:00 AM,230.88,58.11,72.38,84.06,74.44,84.22,90.24,-0.03,0
5/11/2020 10:00:00 AM,231.05,58.35,72.51,84.1,74.44,84.22,90.25,-0.01,0
5/11/2020 9:00:00 AM,231.21,58.56,72.62,84.13,74.46,84.22,90.24,0,0
5/11/2020 8:00:00 AM,231.31,58.71,72.69,84.16,74.46,84.21,90.25,-0.01,0
5/11/2020 7:00:00 AM,231.37,58.78,72.74,84.17,74.46,84.21,90.25,0.02,0
5/11/2020 6:00:00 AM,231.39,58.83,72.77,84.17,74.46,84.2,90.24,0.05,0
5/11/2020 5:00:00 AM,231.44,58.88,72.79,84.19,74.46,84.2,90.25,0.05,0
5/11/2020 4:00:00 AM,231.44,58.92,72.79,84.18,74.46,84.19,90.25,-0.02,0
5/11/2020 3:00:00 AM,231.44,58.96,72.81,84.18,74.45,84.19,90.24,0.01,0
5/11/2020 2:00:00 AM,231.5,58.98,72.84,84.18,74.47,84.18,90.23,0.05,0
5/11/2020 1:00:00 AM,231.51,59,72.85,84.17,74.49,84.18,90.26,-0.03,0
5/11/2020 12:00:00 AM,231.47,59.01,72.85,84.16,74.46,84.19,90.25,-0.03,0
5/10/2020 11:00:00 PM,231.48,59.03,72.86,84.15,74.46,84.18,90.26,-0.03,0
5/10/2020 10:00:00 PM,231.47,59.01,72.87,84.13,74.47,84.19,90.25,-0.03,0
5/10/2020 9:00:00 PM,231.48,58.98,72.88,84.13,74.46,84.19,90.26,-0.04,0
5/10/2020 8:00:00 PM,231.49,58.95,72.91,84.11,74.47,84.19,90.26,-0.04,0
5/10/2020 7:00:00 PM,231.53,58.9,72.96,84.12,74.46,84.2,90.25,-0.07,0
5/10/2020 6:00:00 PM,231.6,58.89,73.02,84.12,74.46,84.19,90.24,-0.11,0
5/10/2020 5:00:00 PM,231.74,58.93,73.14,84.14,74.46,84.21,90.25,-0.13,0
5/10/2020 4:00:00 PM,231.88,59.06,73.25,84.16,74.47,84.21,90.25,-0.13,0
5/10/2020 3:00:00 PM,232.08,59.24,73.39,84.21,74.47,84.21,90.25,-0.13,0
5/10/2020 2:00:00 PM,232.27,59.44,73.57,84.24,74.47,84.21,90.25,-0.11,0
5/10/2020 1:00:00 PM,232.48,59.66,73.71,84.29,74.48,84.22,90.26,-0.07,0
5/10/2020 12:00:00 PM,232.65,59.87,73.83,84.33,74.48,84.23,90.26,-0.07,0
5/10/2020 11:00:00 AM,232.78,60.09,73.94,84.36,74.49,84.22,90.26,-0.05,0
5/10/2020 10:00:00 AM,232.94,60.31,74.05,84.39,74.5,84.22,90.26,-0.04,0
5/10/2020 9:00:00 AM,233.05,60.48,74.14,84.41,74.5,84.21,90.26,-0.05,0
5/10/2020 8:00:00 AM,233.17,60.63,74.21,84.45,74.51,84.23,90.26,-0.04,0
5/10/2020 7:00:00 AM,233.22,60.69,74.24,84.47,74.51,84.23,90.25,-0.03,0
5/10/2020 6:00:00 AM,233.23,60.74,74.27,84.46,74.51,84.23,90.26,-0.03,0
5/10/2020 5:00:00 AM,233.24,60.77,74.28,84.46,74.51,84.22,90.26,-0.01,0
5/10/2020 4:00:00 AM,233.22,60.8,74.27,84.44,74.5,84.21,90.25,-0.03,0
5/10/2020 3:00:00 AM,233.22,60.84,74.27,84.44,74.51,84.22,90.26,-0.03,0
5/10/2020 2:00:00 AM,233.2,60.87,74.28,84.42,74.5,84.21,90.25,-0.02,0
5/10/2020 1:00:00 AM,233.21,60.89,74.3,84.42,74.5,84.2,90.26,-0.04,0
5/10/2020 12:00:00 AM,233.19,60.91,74.29,84.42,74.49,84.21,90.25,-0.01,0
5/9/2020 11:00:00 PM,233.17,60.89,74.29,84.39,74.49,84.21,90.25,-0.05,0
5/9/2020 10:00:00 PM,233.21,60.86,74.31,84.41,74.5,84.21,90.26,-0.05,0
5/9/2020 9:00:00 PM,233.22,60.82,74.32,84.38,74.52,84.21,90.25,-0.08,0
5/9/2020 8:00:00 PM,233.24,60.77,74.35,84.38,74.51,84.22,90.25,-0.08,0
5/9/2020 7:00:00 PM,233.27,60.7,74.39,84.36,74.51,84.23,90.25,-0.11,0
5/9/2020 6:00:00 PM,233.38,60.69,74.5,84.38,74.5,84.25,90.25,-0.15,0
5/9/2020 5:00:00 PM,233.52,60.76,74.61,84.4,74.51,84.26,90.25,-0.2,0
5/9/2020 4:00:00 PM,233.68,60.92,74.74,84.43,74.51,84.27,90.25,-0.2,0
5/9/2020 3:00:00 PM,233.9,61.16,74.9,84.48,74.53,84.28,90.26,-0.16,0
5/9/2020 2:00:00 PM,234.11,61.4,75.06,84.53,74.53,84.29,90.26,-0.14,0
5/9/2020 1:00:00 PM,234.33,61.69,75.22,84.57,74.53,84.3,90.26,-0.1,0
5/9/2020 12:00:00 PM,234.51,61.93,75.35,84.62,74.54,84.29,90.26,-0.08,0
5/9/2020 11:00:00 AM,234.67,62.19,75.48,84.66,74.53,84.28,90.25,-0.08,0
5/9/2020 10:00:00 AM,234.85,62.49,75.6,84.7,74.55,84.29,90.26,-0.04,0
5/9/2020 9:00:00 AM,235.01,62.74,75.71,84.75,74.55,84.28,90.26,-0.03,0
5/9/2020 8:00:00 AM,235.13,62.94,75.78,84.78,74.57,84.28,90.27,-0.01,0
5/9/2020 7:00:00 AM,235.19,63.05,75.82,84.8,74.57,84.28,90.27,-0.02,0
5/9/2020 6:00:00 AM,235.19,63.11,75.83,84.79,74.57,84.27,90.27,0.03,0
5/9/2020 5:00:00 AM,235.2,63.13,75.84,84.79,74.57,84.27,90.27,0.01,0
5/9/2020 4:00:00 AM,235.18,63.17,75.85,84.78,74.56,84.27,90.26,-0.03,0
5/9/2020 3:00:00 AM,235.17,63.2,75.83,84.78,74.56,84.26,90.26,-0.02,0
5/9/2020 2:00:00 AM,235.17,63.22,75.83,84.79,74.55,84.24,90.27,-0.04,0
5/9/2020 1:00:00 AM,235.19,63.25,75.86,84.78,74.56,84.24,90.26,-0.03,0
5/9/2020 12:00:00 AM,235.2,63.25,75.85,84.78,74.57,84.24,90.25,-0.01,0
5/8/2020 11:00:00 PM,235.17,63.24,75.85,84.76,74.56,84.23,90.25,-0.05,0
5/8/2020 10:00:00 PM,235.16,63.2,75.86,84.75,74.55,84.24,90.26,-0.05,0
5/8/2020 9:00:00 PM,235.16,63.16,75.88,84.74,74.54,84.23,90.27,-0.08,0
5/8/2020 8:00:00 PM,235.18,63.08,75.91,84.73,74.54,84.24,90.27,-0.11,0
5/8/2020 7:00:00 PM,235.22,63.02,75.94,84.72,74.56,84.24,90.27,-0.08,0
5/8/2020 6:00:00 PM,235.28,62.96,76.01,84.72,74.55,84.25,90.27,-0.14,0
5/8/2020 5:00:00 PM,235.43,63.03,76.12,84.75,74.56,84.25,90.27,-0.15,0
5/8/2020 4:00:00 PM,235.59,63.19,76.26,84.77,74.55,84.24,90.27,-0.15,0
5/8/2020 3:00:00 PM,235.8,63.42,76.41,84.83,74.56,84.25,90.27,-0.15,0
5/8/2020 2:00:00 PM,236.01,63.64,76.55,84.88,74.58,84.23,90.29,-0.13,0
5/8/2020 1:00:00 PM,236.15,63.87,76.66,84.92,74.57,84.23,90.29,-0.09,0
5/8/2020 12:00:00 PM,236.37,64.15,76.8,84.97,74.6,84.22,90.3,-0.08,0
5/8/2020 11:00:00 AM,236.56,64.42,76.94,85.02,74.6,84.21,90.3,-0.07,0
5/8/2020 10:00:00 AM,236.71,64.73,77.04,85.06,74.61,84.21,90.3,-0.03,0
5/8/2020 9:00:00 AM,236.83,64.94,77.13,85.09,74.61,84.21,90.3,-0.03,0
5/8/2020 8:00:00 AM,236.94,65.14,77.2,85.12,74.62,84.2,90.3,-0.05,0
5/8/2020 7:00:00 AM,237.01,65.28,77.24,85.13,74.64,84.2,90.3,-0.03,0
5/8/2020 6:00:00 AM,237.04,65.32,77.25,85.13,74.65,84.2,90.3,-0.02,0
5/8/2020 5:00:00 AM,237.06,65.37,77.28,85.14,74.64,84.19,90.3,0.02,0
5/8/2020 4:00:00 AM,237.04,65.4,77.28,85.12,74.64,84.19,90.3,0.01,0
5/8/2020 3:00:00 AM,237.05,65.42,77.27,85.13,74.65,84.21,90.29,-0.03,0
5/8/2020 2:00:00 AM,237.04,65.46,77.27,85.12,74.65,84.2,90.3,-0.03,0
5/8/2020 1:00:00 AM,237.04,65.48,77.27,85.11,74.66,84.19,90.31,-0.04,0
5/8/2020 12:00:00 AM,237.04,65.5,77.29,85.1,74.65,84.19,90.3,-0.04,0
5/7/2020 11:00:00 PM,237.02,65.48,77.28,85.1,74.64,84.18,90.3,-0.03,0
5/7/2020 10:00:00 PM,237.01,65.45,77.28,85.09,74.64,84.18,90.31,-0.05,0
5/7/2020 9:00:00 PM,237.02,65.42,77.28,85.09,74.64,84.19,90.3,-0.06,0
5/7/2020 8:00:00 PM,237.02,65.34,77.31,85.07,74.64,84.19,90.3,-0.09,0
5/7/2020 7:00:00 PM,237.09,65.26,77.37,85.08,74.64,84.19,90.3,-0.11,0
5/7/2020 6:00:00 PM,237.18,65.25,77.45,85.08,74.65,84.19,90.3,-0.15,0
5/7/2020 5:00:00 PM,237.32,65.34,77.55,85.11,74.66,84.19,90.3,-0.19,0
5/7/2020 4:00:00 PM,237.48,65.5,77.66,85.15,74.67,84.18,90.31,-0.18,0
5/7/2020 3:00:00 PM,237.63,65.7,77.77,85.2,74.66,84.18,90.3,-0.15,0
5/7/2020 2:00:00 PM,237.84,65.96,77.92,85.25,74.68,84.18,90.31,-0.13,0
5/7/2020 1:00:00 PM,238.03,66.2,78.04,85.3,74.7,84.19,90.31,-0.09,0
5/7/2020 12:00:00 PM,238.2,66.46,78.17,85.35,74.69,84.17,90.3,-0.07,0
5/7/2020 11:00:00 AM,238.38,66.75,78.28,85.4,74.7,84.17,90.31,-0.04,0
5/7/2020 10:00:00 AM,238.52,67,78.38,85.43,74.72,84.16,90.32,-0.03,0
5/7/2020 9:00:00 AM,238.63,67.23,78.46,85.45,74.71,84.17,90.31,-0.01,0
5/7/2020 8:00:00 AM,238.76,67.48,78.54,85.49,74.72,84.15,90.31,0.01,0
5/7/2020 7:00:00 AM,238.82,67.63,78.58,85.51,74.73,84.15,90.31,0.05,0
5/7/2020 6:00:00 AM,238.85,67.73,78.61,85.52,74.73,84.15,90.3,0.04,0
5/7/2020 5:00:00 AM,238.87,67.77,78.62,85.51,74.74,84.14,90.31,-0.03,0
5/7/2020 4:00:00 AM,238.87,67.81,78.63,85.51,74.73,84.14,90.32,-0.03,0
5/7/2020 3:00:00 AM,238.88,67.83,78.64,85.51,74.73,84.13,90.31,-0.01,0
5/7/2020 2:00:00 AM,238.88,67.87,78.65,85.5,74.73,84.11,90.3,-0.01,0
5/7/2020 1:00:00 AM,238.87,67.92,78.65,85.5,74.72,84.11,90.3,-0.01,0
5/7/2020 12:00:00 AM,238.94,67.93,78.69,85.51,74.74,84.1,90.31,-0.05,0
5/6/2020 11:00:00 PM,238.94,67.94,78.71,85.5,74.73,84.1,90.31,-0.04,0
5/6/2020 10:00:00 PM,238.93,67.95,78.7,85.49,74.73,84.1,90.31,-0.03,0
5/6/2020 9:00:00 PM,238.94,67.92,78.72,85.49,74.73,84.08,90.31,-0.04,0
5/6/2020 8:00:00 PM,238.95,67.91,78.75,85.48,74.72,84.1,90.3,-0.05,0
5/6/2020 7:00:00 PM,239.01,67.87,78.8,85.47,74.74,84.1,90.32,-0.05,0
5/6/2020 6:00:00 PM,239.09,67.92,78.87,85.48,74.74,84.08,90.3,-0.09,0
5/6/2020 5:00:00 PM,239.2,68.02,78.96,85.5,74.74,84.09,90.32,-0.13,0
5/6/2020 4:00:00 PM,239.33,68.24,79.06,85.52,74.74,84.08,90.32,-0.13,0
5/6/2020 3:00:00 PM,239.46,68.43,79.16,85.55,74.74,84.08,90.32,-0.12,0
5/6/2020 2:00:00 PM,239.62,68.67,79.28,85.58,74.76,84.08,90.32,-0.08,0
5/6/2020 1:00:00 PM,239.78,68.95,79.39,85.62,74.77,84.07,90.32,-0.04,0
5/6/2020 12:00:00 PM,239.91,69.21,79.49,85.65,74.77,84.06,90.32,-0.03,0
5/6/2020 11:00:00 AM,240.04,69.52,79.58,85.67,74.78,84.06,90.32,-0.03,0
5/6/2020 10:00:00 AM,240.17,69.8,79.68,85.7,74.8,84.06,90.32,-0.01,0
5/6/2020 9:00:00 AM,240.27,70.04,79.74,85.72,74.8,84.03,90.32,0.03,0
5/6/2020 8:00:00 AM,240.35,70.24,79.81,85.73,74.81,84.04,90.33,0.03,0
5/6/2020 7:00:00 AM,240.41,70.4,79.84,85.74,74.82,84.03,90.32,-0.03,0
5/6/2020 6:00:00 AM,240.4,70.46,79.84,85.76,74.81,84.03,90.33,0.02,0
5/6/2020 5:00:00 AM,240.42,70.5,79.87,85.73,74.82,84.01,90.33,0.05,0
5/6/2020 4:00:00 AM,240.42,70.54,79.86,85.75,74.81,84.01,90.32,0.02,0
5/6/2020 3:00:00 AM,240.42,70.58,79.86,85.74,74.82,84.01,90.32,-0.03,0
5/6/2020 2:00:00 AM,240.4,70.59,79.85,85.73,74.82,84.01,90.34,-0.02,0
5/6/2020 1:00:00 AM,240.42,70.62,79.85,85.74,74.83,84.01,90.34,-0.02,0
5/6/2020 12:00:00 AM,240.44,70.63,79.87,85.75,74.82,84,90.34,-0.04,0
5/5/2020 11:00:00 PM,240.43,70.63,79.86,85.74,74.83,83.99,90.34,-0.03,0
5/5/2020 10:00:00 PM,240.44,70.62,79.86,85.75,74.83,83.98,90.34,-0.04,0
5/5/2020 9:00:00 PM,240.45,70.59,79.86,85.74,74.84,84,90.34,-0.05,0
5/5/2020 8:00:00 PM,240.45,70.55,79.88,85.73,74.84,83.99,90.34,-0.07,0
5/5/2020 7:00:00 PM,240.47,70.5,79.91,85.73,74.82,84,90.34,-0.08,0
5/5/2020 6:00:00 PM,240.55,70.51,79.98,85.73,74.84,83.99,90.34,-0.09,0
5/5/2020 5:00:00 PM,240.66,70.62,80.08,85.74,74.84,83.98,90.34,-0.13,0
5/5/2020 4:00:00 PM,240.79,70.82,80.17,85.76,74.85,83.99,90.34,-0.13,0
5/5/2020 3:00:00 PM,240.94,71.06,80.3,85.79,74.86,83.97,90.34,-0.13,0
5/5/2020 2:00:00 PM,241.09,71.31,80.4,85.81,74.87,83.98,90.35,-0.09,0
5/5/2020 1:00:00 PM,241.21,71.55,80.51,85.83,74.87,83.97,90.36,-0.04,0
5/5/2020 12:00:00 PM,241.38,71.83,80.63,85.87,74.89,83.96,90.34,-0.03,0
5/5/2020 11:00:00 AM,241.49,72.14,80.71,85.89,74.9,83.96,90.35,-0.03,0
5/5/2020 10:00:00 AM,241.58,72.41,80.78,85.9,74.9,83.97,90.34,-0.01,0
5/5/2020 9:00:00 AM,241.68,72.65,80.87,85.92,74.9,83.97,90.34,0.02,0
5/5/2020 8:00:00 AM,241.73,72.82,80.9,85.93,74.9,83.97,90.33,0.05,0
5/5/2020 7:00:00 AM,241.76,72.91,80.92,85.94,74.9,83.97,90.34,0.05,0
5/5/2020 6:00:00 AM,241.79,72.97,80.92,85.94,74.92,83.97,90.34,0.01,0
5/5/2020 5:00:00 AM,241.8,73.03,80.92,85.95,74.92,83.95,90.34,0.04,0
5/5/2020 4:00:00 AM,241.8,73.09,80.93,85.94,74.93,83.95,90.34,0.05,0
5/5/2020 3:00:00 AM,241.81,73.13,80.94,85.95,74.93,83.96,90.33,0.04,0
5/5/2020 2:00:00 AM,241.82,73.17,80.94,85.95,74.93,83.94,90.34,-0.03,0
5/5/2020 1:00:00 AM,241.82,73.2,80.94,85.96,74.92,83.94,90.33,-0.03,0
5/5/2020 12:00:00 AM,241.83,73.22,80.95,85.96,74.93,83.94,90.33,-0.03,0
5/4/2020 11:00:00 PM,241.84,73.22,80.95,85.95,74.95,83.92,90.33,-0.03,0
5/4/2020 10:00:00 PM,241.84,73.21,80.94,85.96,74.94,83.92,90.34,-0.04,0
5/4/2020 9:00:00 PM,241.83,73.2,80.94,85.96,74.93,83.93,90.34,-0.03,0
5/4/2020 8:00:00 PM,241.86,73.15,80.96,85.96,74.95,83.92,90.34,-0.05,0
5/4/2020 7:00:00 PM,241.89,73.11,80.98,85.96,74.95,83.92,90.34,-0.06,0
5/4/2020 6:00:00 PM,241.93,73.12,81.03,85.95,74.96,83.91,90.33,-0.11,0
5/4/2020 5:00:00 PM,242.04,73.22,81.11,85.96,74.97,83.9,90.34,-0.13,0
5/4/2020 4:00:00 PM,242.15,73.39,81.2,85.98,74.97,83.91,90.33,-0.09,0
5/4/2020 3:00:00 PM,242.26,73.59,81.29,86,74.97,83.9,90.35,-0.11,0
5/4/2020 2:00:00 PM,242.39,73.83,81.4,86.01,74.99,83.89,90.35,-0.08,0
5/4/2020 1:00:00 PM,242.5,74.09,81.48,86.02,74.99,83.9,90.34,-0.03,0
5/4/2020 12:00:00 PM,242.61,74.34,81.56,86.05,75,83.88,90.34,-0.03,0
5/4/2020 11:00:00 AM,242.69,74.56,81.63,86.06,75,83.88,90.35,-0.03,0
5/4/2020 10:00:00 AM,242.77,74.77,81.69,86.08,75,83.87,90.35,-0.01,0
5/4/2020 9:00:00 AM,242.87,74.98,81.75,86.1,75.02,83.88,90.34,0.03,0
5/4/2020 8:00:00 AM,242.93,75.14,81.8,86.11,75.02,83.88,90.34,0.05,0
5/4/2020 7:00:00 AM,242.95,75.23,81.81,86.12,75.03,83.89,90.35,0.05,0
5/4/2020 6:00:00 AM,242.97,75.28,81.82,86.12,75.03,83.89,90.35,0.05,0
5/4/2020 5:00:00 AM,242.98,75.34,81.82,86.12,75.03,83.89,90.34,0.03,0
5/4/2020 4:00:00 AM,242.97,75.39,81.82,86.12,75.03,83.88,90.35,0.05,0
5/4/2020 3:00:00 AM,243,75.43,81.82,86.13,75.04,83.88,90.34,0.05,0
5/4/2020 2:00:00 AM,242.97,75.45,81.81,86.13,75.03,83.88,90.35,0.02,0
5/4/2020 1:00:00 AM,242.97,75.49,81.8,86.13,75.05,83.88,90.33,-0.03,0
5/4/2020 12:00:00 AM,242.99,75.51,81.81,86.13,75.05,83.9,90.35,-0.03,0
5/3/2020 11:00:00 PM,242.99,75.53,81.81,86.13,75.05,83.9,90.34,-0.04,0
5/3/2020 10:00:00 PM,243,75.52,81.8,86.14,75.05,83.89,90.35,-0.04,0
5/3/2020 9:00:00 PM,243,75.49,81.81,86.14,75.05,83.88,90.33,-0.03,0
5/3/2020 8:00:00 PM,243.03,75.45,81.82,86.15,75.07,83.91,90.33,-0.05,0
5/3/2020 7:00:00 PM,243.07,75.41,81.85,86.15,75.07,83.91,90.33,-0.05,0
5/3/2020 6:00:00 PM,243.1,75.42,81.88,86.14,75.07,83.91,90.33,-0.09,0
5/3/2020 5:00:00 PM,243.18,75.49,81.94,86.16,75.08,83.92,90.34,-0.13,0
5/3/2020 4:00:00 PM,243.26,75.65,82.02,86.16,75.08,83.91,90.34,-0.12,0
5/3/2020 3:00:00 PM,243.36,75.84,82.1,86.17,75.09,83.91,90.35,-0.08,0
5/3/2020 2:00:00 PM,243.47,76.03,82.18,86.19,75.11,83.92,90.34,-0.05,0
5/3/2020 1:00:00 PM,243.58,76.23,82.26,86.22,75.11,83.92,90.35,-0.03,0
5/3/2020 12:00:00 PM,243.68,76.42,82.32,86.24,75.12,83.91,90.34,-0.03,0
5/3/2020 11:00:00 AM,243.76,76.58,82.4,86.24,75.12,83.91,90.36,-0.01,0
5/3/2020 10:00:00 AM,243.84,76.77,82.46,86.25,75.13,83.91,90.36,0,0
5/3/2020 9:00:00 AM,243.9,76.92,82.5,86.26,75.13,83.92,90.37,0.05,0
5/3/2020 8:00:00 AM,243.91,77.06,82.52,86.26,75.13,83.93,90.37,0.05,0
5/3/2020 7:00:00 AM,243.97,77.16,82.56,86.29,75.13,83.95,90.37,0.07,0
5/3/2020 6:00:00 AM,244,77.22,82.57,86.29,75.14,83.98,90.37,0.01,0
5/3/2020 5:00:00 AM,244.01,77.26,82.57,86.29,75.14,83.99,90.37,0.05,0
5/3/2020 4:00:00 AM,244.02,77.29,82.59,86.28,75.15,83.99,90.37,0.05,0
5/3/2020 3:00:00 AM,244.03,77.35,82.59,86.29,75.16,83.99,90.37,0.05,0
5/3/2020 2:00:00 AM,244.03,77.35,82.59,86.29,75.16,83.99,90.37,0.02,0
5/3/2020 1:00:00 AM,244.02,77.39,82.59,86.28,75.16,84,90.37,-0.02,0
5/3/2020 12:00:00 AM,244.02,77.41,82.59,86.28,75.16,84,90.37,0,0
5/2/2020 11:00:00 PM,244.06,77.44,82.59,86.29,75.18,84,90.36,0,0
5/2/2020 10:00:00 PM,244.03,77.42,82.59,86.26,75.18,84,90.36,0,0
5/2/2020 9:00:00 PM,244.05,77.43,82.6,86.26,75.19,84.01,90.34,0,0
5/2/2020 8:00:00 PM,244.08,77.42,82.61,86.26,75.2,84.02,90.36,0,0
5/2/2020 7:00:00 PM,244.1,77.39,82.62,86.26,75.21,84.01,90.36,-0.01,0
5/2/2020 6:00:00 PM,244.11,77.4,82.65,86.26,75.21,84.03,90.35,-0.02,0
5/2/2020 5:00:00 PM,244.2,77.45,82.7,86.26,75.23,84.03,90.36,-0.04,0
5/2/2020 4:00:00 PM,244.28,77.59,82.77,86.28,75.23,84.04,90.36,-0.05,0
5/2/2020 3:00:00 PM,244.36,77.73,82.84,86.28,75.24,84.05,90.36,-0.05,0
5/2/2020 2:00:00 PM,244.45,77.9,82.9,86.29,75.26,84.05,90.36,-0.05,0
5/2/2020 1:00:00 PM,244.55,78.12,82.96,86.31,75.28,84.06,90.36,-0.03,0
5/2/2020 12:00:00 PM,244.64,78.32,83.03,86.33,75.28,84.07,90.36,-0.02,0
5/2/2020 11:00:00 AM,244.71,78.48,83.09,86.34,75.28,84.07,90.36,-0.03,0
5/2/2020 10:00:00 AM,244.8,78.65,83.14,86.37,75.28,84.06,90.36,0,0
5/2/2020 9:00:00 AM,244.86,78.76,83.18,86.39,75.29,84.08,90.36,0.03,0
5/2/2020 8:00:00 AM,244.89,78.86,83.2,86.39,75.3,84.08,90.36,0.05,0
5/2/2020 7:00:00 AM,244.93,78.92,83.21,86.4,75.32,84.1,90.36,0,0
5/2/2020 6:00:00 AM,244.94,78.98,83.22,86.39,75.32,84.11,90.36,-0.01,0
5/2/2020 5:00:00 AM,244.92,79.02,83.21,86.38,75.33,84.12,90.36,0.05,0
5/2/2020 4:00:00 AM,244.93,79.07,83.21,86.37,75.35,84.14,90.36,0.05,0
5/2/2020 3:00:00 AM,244.91,79.07,83.2,86.38,75.34,84.13,90.36,0.04,0
5/2/2020 2:00:00 AM,244.92,79.11,83.19,86.37,75.36,84.15,90.36,-0.03,0
5/2/2020 1:00:00 AM,244.9,79.12,83.17,86.36,75.37,84.18,90.37,-0.03,0
5/2/2020 12:00:00 AM,244.92,79.13,83.17,86.36,75.39,84.18,90.36,-0.02,0
5/1/2020 11:00:00 PM,244.91,79.12,83.15,86.37,75.38,84.21,90.36,-0.04,0
5/1/2020 10:00:00 PM,244.93,79.11,83.16,86.36,75.41,84.23,90.37,-0.03,0
5/1/2020 9:00:00 PM,244.97,79.07,83.17,86.36,75.43,84.25,90.36,-0.04,0
5/1/2020 8:00:00 PM,244.98,79.01,83.17,86.37,75.44,84.28,90.37,-0.05,0
5/1/2020 7:00:00 PM,244.99,78.94,83.17,86.36,75.46,84.3,90.38,-0.06,0
5/1/2020 6:00:00 PM,245.06,78.93,83.21,86.38,75.48,84.34,90.38,-0.1,0
5/1/2020 5:00:00 PM,245.14,78.98,83.25,86.38,75.51,84.36,90.38,-0.13,0
5/1/2020 4:00:00 PM,245.22,79.08,83.29,86.41,75.52,84.37,90.39,-0.13,0
5/1/2020 3:00:00 PM,245.32,79.2,83.36,86.42,75.54,84.36,90.38,-0.11,0
5/1/2020 2:00:00 PM,245.44,79.38,83.44,86.43,75.56,84.35,90.39,-0.07,0
5/1/2020 1:00:00 PM,245.59,79.54,83.54,86.46,75.59,84.36,90.4,-0.03,0
5/1/2020 12:00:00 PM,245.68,79.71,83.6,86.47,75.61,84.33,90.39,-0.03,0
5/1/2020 11:00:00 AM,245.8,79.87,83.67,86.49,75.64,84.35,90.4,-0.03,0
5/1/2020 10:00:00 AM,245.87,80.02,83.73,86.5,75.64,84.34,90.39,0,0
5/1/2020 9:00:00 AM,245.97,80.15,83.77,86.51,75.68,84.35,90.38,0,0
5/1/2020 8:00:00 AM,246.06,80.28,83.82,86.53,75.72,84.35,90.39,-0.01,0
5/1/2020 7:00:00 AM,246.11,80.35,83.83,86.54,75.74,84.36,90.39,-0.01,0
5/1/2020 6:00:00 AM,246.14,80.39,83.83,86.55,75.76,84.35,90.39,0.05,0
5/1/2020 5:00:00 AM,246.14,80.44,83.82,86.55,75.78,84.37,90.39,0.05,0
5/1/2020 4:00:00 AM,246.19,80.49,83.83,86.54,75.81,84.37,90.38,0.05,0
5/1/2020 3:00:00 AM,246.21,80.52,83.82,86.55,75.85,84.36,90.39,0.02,0
5/1/2020 2:00:00 AM,246.21,80.53,83.81,86.54,75.86,84.36,90.39,-0.03,0
5/1/2020 1:00:00 AM,246.24,80.56,83.79,86.54,75.91,84.36,90.37,-0.03,0
5/1/2020 12:00:00 AM,246.28,80.57,83.8,86.55,75.94,84.37,90.39,-0.03,0
4/30/2020 11:00:00 PM,246.31,80.58,83.79,86.56,75.96,84.36,90.37,-0.05,0
4/30/2020 10:00:00 PM,246.36,80.57,83.79,86.57,76.01,84.38,90.38,-0.05,0
4/30/2020 9:00:00 PM,246.4,80.53,83.79,86.57,76.05,84.38,90.37,-0.03,0
4/30/2020 8:00:00 PM,246.47,80.48,83.79,86.57,76.11,84.38,90.37,-0.04,0
4/30/2020 7:00:00 PM,246.56,80.41,83.8,86.58,76.18,84.4,90.37,-0.05,0
4/30/2020 6:00:00 PM,246.69,80.37,83.84,86.61,76.24,84.4,90.39,-0.08,0
4/30/2020 5:00:00 PM,246.87,80.39,83.91,86.63,76.33,84.4,90.37,-0.09,0
4/30/2020 4:00:00 PM,247.08,80.47,83.98,86.67,76.43,84.4,90.36,-0.1,0
4/30/2020 3:00:00 PM,247.32,80.6,84.07,86.71,76.54,84.39,90.38,-0.1,0
4/30/2020 2:00:00 PM,247.56,80.73,84.18,86.73,76.64,84.38,90.38,-0.07,0
4/30/2020 1:00:00 PM,247.79,80.87,84.29,86.77,76.73,84.38,90.39,-0.03,0
4/30/2020 12:00:00 PM,248.04,81.04,84.41,86.81,76.82,84.38,90.39,-0.02,0
4/30/2020 11:00:00 AM,248.28,81.19,84.52,86.83,76.93,84.4,90.38,-0.02,0
4/30/2020 10:00:00 AM,248.5,81.35,84.58,86.89,77.04,84.45,90.39,-0.02,0
4/30/2020 9:00:00 AM,248.71,81.48,84.64,86.92,77.15,84.49,90.39,0,0
4/30/2020 8:00:00 AM,248.88,81.55,84.68,86.94,77.26,84.56,90.37,0.03,0
4/30/2020 7:00:00 AM,249.05,81.62,84.7,86.96,77.39,84.64,90.38,0.05,0
4/30/2020 6:00:00 AM,249.18,81.67,84.72,86.97,77.49,84.73,90.37,0.03,0
4/30/2020 5:00:00 AM,249.28,81.71,84.74,86.98,77.55,84.87,90.37,-0.03,0
4/30/2020 4:00:00 AM,249.34,81.75,84.76,86.99,77.59,85,90.38,-0.03,0
4/30/2020 3:00:00 AM,249.49,81.79,84.77,87.01,77.72,85.24,90.38,-0.02,0
4/30/2020 2:00:00 AM,249.57,81.82,84.78,87.01,77.78,85.46,90.4,-0.01,0
4/30/2020 1:00:00 AM,249.67,81.84,84.78,87.02,77.87,85.68,90.4,-0.01,0
4/30/2020 12:00:00 AM,249.88,81.87,84.78,87.04,78.05,85.93,90.4,-0.05,0
4/29/2020 11:00:00 PM,250.03,81.89,84.81,87.04,78.18,86.17,90.4,-0.05,0
4/29/2020 10:00:00 PM,250.2,81.9,84.81,87.06,78.32,86.44,90.41,-0.04,0
4/29/2020 9:00:00 PM,250.43,81.87,84.85,87.1,78.48,86.64,90.41,-0.04,0
4/29/2020 8:00:00 PM,250.59,81.84,84.87,87.11,78.61,87.05,90.4,-0.03,0
4/29/2020 7:00:00 PM,250.86,81.8,84.91,87.15,78.8,87.3,90.4,-0.05,0
4/29/2020 6:00:00 PM,251.16,81.82,84.98,87.19,78.99,87.34,90.41,-0.07,0
4/29/2020 5:00:00 PM,251.53,81.88,85.1,87.25,79.18,87.48,90.4,-0.08,0
4/29/2020 4:00:00 PM,252.08,81.99,85.24,87.31,79.52,87.65,90.39,-0.08,0
4/29/2020 3:00:00 PM,252.61,82.12,85.38,87.39,79.83,87.72,90.41,-0.08,0
4/29/2020 2:00:00 PM,252.95,82.3,85.54,87.45,79.96,87.81,90.41,-0.04,0
4/29/2020 1:00:00 PM,253.92,82.46,85.72,87.54,80.66,88.08,90.4,-0.04,0
4/29/2020 12:00:00 PM,254.78,82.65,85.91,87.62,81.26,88.39,90.4,-0.03,0
4/29/2020 11:00:00 AM,255.54,82.81,86.01,87.71,81.82,89.49,90.4,-0.01,0
4/29/2020 10:00:00 AM,256.19,82.99,86.15,87.84,82.2,90.02,90.39,-0.02,0
4/29/2020 9:00:00 AM,256.57,83.18,86.3,87.96,82.31,90.27,90.4,0,0
4/29/2020 8:00:00 AM,256.8,83.33,86.41,88.1,82.29,90.32,90.37,-0.01,0
4/29/2020 7:00:00 AM,257.07,83.48,86.51,88.2,82.36,90.34,90.34,-0.05,0
4/29/2020 6:00:00 AM,257.14,83.61,86.58,88.23,82.33,90.41,90.34,-0.03,0
4/29/2020 5:00:00 AM,257.3,83.78,86.67,88.26,82.37,90.4,90.34,-0.01,0
4/29/2020 4:00:00 AM,257.57,83.97,86.74,88.34,82.49,90.4,90.33,0,0
4/29/2020 3:00:00 AM,257.93,84.16,86.83,88.47,82.64,90.39,90.31,0,0
4/29/2020 2:00:00 AM,258.24,84.32,86.92,88.61,82.71,90.35,90.31,0,0
4/29/2020 1:00:00 AM,258.76,84.53,87.05,88.78,82.93,90.34,90.29,-0.01,0
4/29/2020 12:00:00 AM,259.25,84.78,87.19,89.01,83.05,90.33,90.28,-0.05,0
4/28/2020 11:00:00 PM,259.91,85.15,87.4,89.36,83.16,90.32,90.28,-0.05,0
4/28/2020 10:00:00 PM,260.68,85.52,87.67,89.68,83.33,90.3,90.26,-0.05,0
4/28/2020 9:00:00 PM,261.43,86.08,88.21,89.73,83.49,90.29,90.23,-0.1,0
4/28/2020 8:00:00 PM,262.69,87.01,88.93,89.99,83.76,90.29,90.23,-0.13,0
4/28/2020 7:00:00 PM,263.7,88.09,89.59,90.2,83.91,90.27,90.23,-0.14,0
4/28/2020 6:00:00 PM,263.97,90.83,89.87,90.15,83.96,90.3,90.2,-0.14,0
4/28/2020 5:00:00 PM,264.32,91.78,89.9,90.33,84.08,90.27,90.17,7.14,0.5
4/28/2020 4:00:00 PM,264.32,91.65,89.9,90.35,84.07,90.24,90.15,20.42,1
4/28/2020 3:00:00 PM,264.07,91.48,89.77,90.3,84,90.19,90.13,20.95,1
4/28/2020 2:00:00 PM,263.85,91.36,89.66,90.3,83.89,90.12,90.08,18.96,1
4/28/2020 1:00:00 PM,263.64,91.27,89.57,90.27,83.79,90.07,90.05,20.33,1
4/28/2020 12:00:00 PM,263.53,91.15,89.5,90.33,83.7,90.04,90.03,21.05,1
4/28/2020 11:00:00 AM,263.65,90.99,89.47,90.45,83.73,90.01,90.01,18.99,1
4/28/2020 10:00:00 AM,263.77,90.71,89.53,90.55,83.68,89.99,90,20.72,1
4/28/2020 9:00:00 AM,263.87,88.26,89.65,90.63,83.59,89.96,89.96,21.26,1
4/28/2020 8:00:00 AM,263.32,87.03,89.36,90.48,83.48,89.78,89.79,18.96,1
4/28/2020 7:00:00 AM,262.91,83.55,89.18,90.34,83.39,89.71,89.72,21.35,1
4/28/2020 6:00:00 AM,262.41,82.73,88.77,90.32,83.32,89.65,89.69,19.16,1
4/28/2020 5:00:00 AM,262.19,81.87,88.63,90.33,83.23,89.6,89.63,21.17,1
4/28/2020 4:00:00 AM,261.85,80.88,88.25,90.42,83.19,89.56,89.59,18.08,1
4/28/2020 3:00:00 AM,261.9,79.57,88.41,90.42,83.07,89.49,89.54,19.44,1
4/28/2020 2:00:00 AM,261.29,77.2,87.93,90.38,82.98,89.44,89.52,20.71,1
4/28/2020 1:00:00 AM,260.96,74.47,87.73,90.37,82.87,89.41,89.49,19.15,1
4/28/2020 12:00:00 AM,260.3,70.84,87.32,90.3,82.68,89.36,89.48,19.13,1
