Balthazar Walnuts SMP,Irrigation Zone 24"-48",Soil Moisture 12",Soil Moisture 24",Soil Moisture 36",Soil Moisture 48",Soil Moisture 60",Pressure Switch 1 - Averaged,Pressure Switch 2 - Averaged,JPT Pressure Sensor 0-100 PSI,Pressure Switch - Calculated
5/21/2020 11:00:00 AM,82.19,26.3,27.42,23.06,31.71,48.27,0,1,-0.35,0
5/21/2020 10:00:00 AM,82.48,26.37,27.53,23.17,31.79,48.29,0,1,-0.26,0
5/21/2020 9:00:00 AM,82.71,26.43,27.59,23.25,31.87,48.32,0,1,-0.24,0
5/21/2020 8:00:00 AM,82.91,26.52,27.64,23.31,31.96,48.34,0,1,-0.21,0
5/21/2020 7:00:00 AM,82.97,26.62,27.65,23.33,31.99,48.35,0,1,-0.05,0
5/21/2020 6:00:00 AM,82.97,26.67,27.64,23.33,32,48.35,0,1,0.02,0
5/21/2020 5:00:00 AM,82.95,26.69,27.64,23.33,31.99,48.34,0,1,0.03,0
5/21/2020 4:00:00 AM,82.94,26.7,27.64,23.33,31.98,48.34,0,1,0.03,0
5/21/2020 3:00:00 AM,82.93,26.72,27.63,23.33,31.98,48.33,0,1,0.02,0
5/21/2020 2:00:00 AM,82.92,26.72,27.62,23.32,31.97,48.33,0,1,-0.02,0
5/21/2020 1:00:00 AM,82.91,26.73,27.62,23.32,31.96,48.33,0,1,-0.01,0
5/21/2020 12:00:00 AM,82.9,26.73,27.62,23.32,31.96,48.33,0,1,-0.01,0
5/20/2020 11:00:00 PM,82.89,26.71,27.61,23.32,31.95,48.32,0,1,-0.02,0
5/20/2020 10:00:00 PM,82.87,26.68,27.61,23.32,31.94,48.31,0,1,-0.07,0
5/20/2020 9:00:00 PM,82.85,26.62,27.61,23.32,31.93,48.31,0,1,-0.08,0
5/20/2020 8:00:00 PM,82.84,26.53,27.61,23.32,31.92,48.29,0,1,-0.1,0
5/20/2020 7:00:00 PM,82.86,26.42,27.62,23.32,31.92,48.28,0,1,-0.26,0
5/20/2020 6:00:00 PM,82.97,26.32,27.66,23.36,31.95,48.28,0,1,-0.39,0
5/20/2020 5:00:00 PM,83.19,26.24,27.73,23.45,32.02,48.29,0,1,-0.43,0
5/20/2020 4:00:00 PM,83.45,26.19,27.81,23.55,32.09,48.3,0,1,-0.4,0
5/20/2020 3:00:00 PM,83.73,26.18,27.9,23.66,32.17,48.32,0,1,-0.29,0
5/20/2020 2:00:00 PM,84.06,26.19,28.02,23.79,32.25,48.33,0,1,-0.23,0
5/20/2020 1:00:00 PM,84.36,26.21,28.12,23.91,32.33,48.34,0,1,-0.21,0
5/20/2020 12:00:00 PM,84.65,26.24,28.22,24.02,32.41,48.35,0,1,-0.21,0
5/20/2020 11:00:00 AM,84.96,26.28,28.32,24.15,32.5,48.38,0,1,-0.28,0
5/20/2020 10:00:00 AM,85.2,26.33,28.39,24.24,32.57,48.4,0,1,-0.17,0
5/20/2020 9:00:00 AM,85.39,26.37,28.44,24.3,32.65,48.42,0,1,-0.17,0
5/20/2020 8:00:00 AM,85.53,26.42,28.48,24.34,32.71,48.44,0,1,-0.11,0
5/20/2020 7:00:00 AM,85.59,26.48,28.5,24.36,32.74,48.44,0,1,-0.06,0
5/20/2020 6:00:00 AM,85.61,26.53,28.5,24.36,32.74,48.45,0,1,0.06,0
5/20/2020 5:00:00 AM,85.6,26.55,28.5,24.36,32.74,48.44,0,1,0.04,0
5/20/2020 4:00:00 AM,85.6,26.56,28.49,24.36,32.74,48.44,0,1,0.04,0
5/20/2020 3:00:00 AM,85.59,26.58,28.49,24.37,32.73,48.43,0,1,0.04,0
5/20/2020 2:00:00 AM,85.59,26.58,28.49,24.37,32.73,48.43,0,1,0.02,0
5/20/2020 1:00:00 AM,85.59,26.59,28.49,24.37,32.73,48.42,0,1,0,0
5/20/2020 12:00:00 AM,85.59,26.59,28.49,24.37,32.73,48.42,0,1,0.03,0
5/19/2020 11:00:00 PM,85.58,26.58,28.49,24.37,32.72,48.41,0,1,-0.01,0
5/19/2020 10:00:00 PM,85.57,26.55,28.49,24.38,32.71,48.4,0,1,-0.03,0
5/19/2020 9:00:00 PM,85.57,26.5,28.49,24.38,32.71,48.39,0,1,-0.07,0
5/19/2020 8:00:00 PM,85.59,26.43,28.5,24.38,32.71,48.39,0,1,-0.11,0
5/19/2020 7:00:00 PM,85.62,26.34,28.51,24.4,32.71,48.38,0,1,-0.18,0
5/19/2020 6:00:00 PM,85.72,26.26,28.55,24.44,32.74,48.38,0,1,-0.26,0
5/19/2020 5:00:00 PM,85.98,26.19,28.61,24.55,32.82,48.39,0,1,-0.36,0
5/19/2020 4:00:00 PM,86.26,26.15,28.69,24.67,32.9,48.4,0,1,-0.35,0
5/19/2020 3:00:00 PM,86.55,26.14,28.78,24.79,32.99,48.41,0,1,-0.24,0
5/19/2020 2:00:00 PM,86.88,26.14,28.88,24.93,33.07,48.43,0,1,-0.18,0
5/19/2020 1:00:00 PM,87.18,26.16,28.97,25.06,33.15,48.45,0,1,-0.16,0
5/19/2020 12:00:00 PM,87.47,26.18,29.06,25.18,33.23,48.47,0,1,-0.14,0
5/19/2020 11:00:00 AM,87.76,26.22,29.15,25.29,33.31,48.48,0,1,-0.2,0
5/19/2020 10:00:00 AM,87.98,26.27,29.22,25.38,33.39,48.5,0,1,-0.13,0
5/19/2020 9:00:00 AM,88.16,26.31,29.27,25.43,33.45,48.49,0,1,-0.06,0
5/19/2020 8:00:00 AM,88.24,26.33,29.29,25.46,33.49,48.48,0,1,-0.11,0
5/19/2020 7:00:00 AM,88.31,26.39,29.31,25.48,33.52,48.48,0,1,0.01,0
5/19/2020 6:00:00 AM,88.32,26.43,29.31,25.49,33.52,48.48,0,1,0.09,0
5/19/2020 5:00:00 AM,88.32,26.45,29.31,25.49,33.52,48.48,0,1,0.08,0
5/19/2020 4:00:00 AM,88.32,26.46,29.31,25.49,33.51,48.48,0,1,0.08,0
5/19/2020 3:00:00 AM,88.32,26.48,29.32,25.49,33.51,48.47,0,1,0.11,0
5/19/2020 2:00:00 AM,88.32,26.49,29.32,25.49,33.51,48.47,0,1,0.08,0
5/19/2020 1:00:00 AM,88.31,26.51,29.32,25.49,33.5,48.46,0,1,0.13,0
5/19/2020 12:00:00 AM,88.31,26.52,29.32,25.49,33.49,48.46,0,1,0.08,0
5/18/2020 11:00:00 PM,88.3,26.52,29.32,25.5,33.49,48.46,0,1,0.06,0
5/18/2020 10:00:00 PM,88.3,26.53,29.32,25.5,33.48,48.46,0,1,0.04,0
5/18/2020 9:00:00 PM,88.3,26.53,29.32,25.5,33.48,48.45,0,1,0,0
5/18/2020 8:00:00 PM,88.3,26.52,29.32,25.51,33.47,48.46,0,1,-0.01,0
5/18/2020 7:00:00 PM,88.3,26.5,29.32,25.51,33.47,48.45,0,1,-0.03,0
5/18/2020 6:00:00 PM,88.31,26.46,29.33,25.52,33.47,48.45,0,1,-0.03,0
5/18/2020 5:00:00 PM,88.35,26.4,29.34,25.54,33.47,48.44,0,1,-0.07,0
5/18/2020 4:00:00 PM,88.49,26.36,29.38,25.61,33.51,48.44,0,1,-0.14,0
5/18/2020 3:00:00 PM,88.77,26.35,29.46,25.73,33.58,48.45,0,1,-0.15,0
5/18/2020 2:00:00 PM,89.03,26.35,29.54,25.85,33.64,48.46,0,1,-0.1,0
5/18/2020 1:00:00 PM,89.29,26.38,29.63,25.95,33.71,48.47,0,1,-0.06,0
5/18/2020 12:00:00 PM,89.47,26.36,29.69,26.03,33.76,48.48,0,1,-0.09,0
5/18/2020 11:00:00 AM,89.76,26.38,29.78,26.15,33.83,48.49,0,1,-0.12,0
5/18/2020 10:00:00 AM,90.05,26.44,29.87,26.27,33.91,48.5,0,1,-0.04,0
5/18/2020 9:00:00 AM,90.26,26.48,29.93,26.35,33.97,48.49,0,1,-0.02,0
5/18/2020 8:00:00 AM,90.39,26.53,29.97,26.4,34.01,48.49,0,1,-0.01,0
5/18/2020 7:00:00 AM,90.45,26.59,29.98,26.44,34.03,48.5,0,1,0.06,0
5/18/2020 6:00:00 AM,90.46,26.61,29.98,26.44,34.03,48.5,0,1,0.05,0
5/18/2020 5:00:00 AM,90.46,26.64,29.99,26.44,34.03,48.5,0,1,0.06,0
5/18/2020 4:00:00 AM,90.46,26.65,29.99,26.45,34.02,48.49,0,1,0.06,0
5/18/2020 3:00:00 AM,90.44,26.65,29.97,26.45,34.02,48.48,0,1,0.06,0
5/18/2020 2:00:00 AM,90.41,26.58,29.93,26.46,34.02,48.48,0,1,0.06,0
5/18/2020 1:00:00 AM,90.4,26.49,29.92,26.46,34.02,48.47,0,1,0,0
5/18/2020 12:00:00 AM,90.4,26.5,29.92,26.46,34.02,48.47,0,1,0.01,0
5/17/2020 11:00:00 PM,90.4,26.5,29.92,26.46,34.01,48.47,0,1,-0.03,0
5/17/2020 10:00:00 PM,90.4,26.49,29.92,26.46,34.01,48.47,0,1,-0.04,0
5/17/2020 9:00:00 PM,90.4,26.47,29.92,26.47,34.01,48.47,0,1,-0.05,0
5/17/2020 8:00:00 PM,90.42,26.41,29.93,26.48,34.01,48.46,0,1,-0.03,0
5/17/2020 7:00:00 PM,90.49,26.34,29.95,26.5,34.03,48.46,0,1,-0.1,0
5/17/2020 6:00:00 PM,90.64,26.3,30.01,26.56,34.07,48.46,0,1,-0.19,0
5/17/2020 5:00:00 PM,90.8,26.27,30.07,26.62,34.11,48.46,0,1,-0.18,0
5/17/2020 4:00:00 PM,91.03,26.25,30.15,26.71,34.17,48.47,0,1,-0.17,0
5/17/2020 3:00:00 PM,91.33,26.27,30.25,26.84,34.24,48.48,0,1,-0.2,0
5/17/2020 2:00:00 PM,91.67,26.35,30.38,26.97,34.32,48.5,0,1,-0.17,0
5/17/2020 1:00:00 PM,91.99,26.43,30.49,27.09,34.41,48.52,0,1,-0.13,0
5/17/2020 12:00:00 PM,92.23,26.5,30.58,27.17,34.48,48.53,0,1,-0.13,0
5/17/2020 11:00:00 AM,92.45,26.56,30.65,27.25,34.55,48.53,0,1,-0.14,0
5/17/2020 10:00:00 AM,92.64,26.67,30.71,27.31,34.63,48.56,0,1,-0.05,0
5/17/2020 9:00:00 AM,92.72,26.76,30.73,27.33,34.66,48.56,0,1,-0.03,0
5/17/2020 8:00:00 AM,92.75,26.81,30.73,27.34,34.67,48.55,0,1,-0.03,0
5/17/2020 7:00:00 AM,92.74,26.83,30.72,27.34,34.67,48.55,0,1,0.01,0
5/17/2020 6:00:00 AM,92.73,26.85,30.71,27.34,34.67,48.54,0,1,-0.03,0
5/17/2020 5:00:00 AM,92.72,26.87,30.71,27.34,34.67,48.54,0,1,0,0
5/17/2020 4:00:00 AM,92.72,26.89,30.71,27.35,34.66,48.53,0,1,-0.02,0
5/17/2020 3:00:00 AM,92.71,26.91,30.7,27.35,34.66,48.53,0,1,-0.01,0
5/17/2020 2:00:00 AM,92.7,26.93,30.7,27.35,34.66,48.53,0,1,0,0
5/17/2020 1:00:00 AM,92.69,26.95,30.69,27.35,34.65,48.52,0,1,-0.04,0
5/17/2020 12:00:00 AM,92.68,26.95,30.68,27.35,34.65,48.52,0,1,-0.03,0
5/16/2020 11:00:00 PM,92.67,26.94,30.67,27.35,34.64,48.51,0,1,-0.02,0
5/16/2020 10:00:00 PM,92.65,26.9,30.67,27.35,34.63,48.51,0,1,-0.01,0
5/16/2020 9:00:00 PM,92.65,26.85,30.67,27.35,34.63,48.5,0,1,-0.09,0
5/16/2020 8:00:00 PM,92.66,26.77,30.67,27.36,34.63,48.5,0,1,-0.12,0
5/16/2020 7:00:00 PM,92.7,26.67,30.69,27.37,34.63,48.5,0,1,-0.15,0
5/16/2020 6:00:00 PM,92.77,26.56,30.72,27.4,34.65,48.49,0,1,-0.19,0
5/16/2020 5:00:00 PM,92.95,26.49,30.79,27.47,34.69,48.49,0,1,-0.24,0
5/16/2020 4:00:00 PM,93.19,26.46,30.88,27.56,34.75,48.5,0,1,-0.28,0
5/16/2020 3:00:00 PM,93.47,26.44,30.98,27.67,34.82,48.51,0,1,-0.32,0
5/16/2020 2:00:00 PM,93.83,26.49,31.12,27.8,34.9,48.53,0,1,-0.33,0
5/16/2020 1:00:00 PM,94.14,26.54,31.24,27.92,34.98,48.54,0,1,-0.25,0
5/16/2020 12:00:00 PM,94.44,26.61,31.35,28.03,35.06,48.56,0,1,-0.21,0
5/16/2020 11:00:00 AM,94.75,26.69,31.46,28.14,35.14,48.57,0,1,-0.31,0
5/16/2020 10:00:00 AM,95.02,26.8,31.55,28.23,35.23,48.59,0,1,-0.24,0
5/16/2020 9:00:00 AM,95.24,26.89,31.63,28.3,35.31,48.62,0,1,-0.14,0
5/16/2020 8:00:00 AM,95.37,26.96,31.67,28.35,35.36,48.63,0,1,-0.1,0
5/16/2020 7:00:00 AM,95.44,27.04,31.68,28.37,35.39,48.64,0,1,-0.01,0
5/16/2020 6:00:00 AM,95.47,27.09,31.68,28.38,35.41,48.64,0,1,-0.01,0
5/16/2020 5:00:00 AM,95.48,27.13,31.68,28.38,35.41,48.64,0,1,-0.01,0
5/16/2020 4:00:00 AM,95.48,27.15,31.68,28.38,35.41,48.64,0,1,0.03,0
5/16/2020 3:00:00 AM,95.47,27.17,31.67,28.38,35.41,48.63,0,1,-0.03,0
5/16/2020 2:00:00 AM,95.46,27.18,31.67,28.39,35.41,48.63,0,1,-0.01,0
5/16/2020 1:00:00 AM,95.46,27.19,31.67,28.39,35.4,48.62,0,1,-0.01,0
5/16/2020 12:00:00 AM,95.45,27.19,31.66,28.39,35.4,48.62,0,1,0.02,0
5/15/2020 11:00:00 PM,95.44,27.17,31.66,28.39,35.4,48.61,0,1,0.01,0
5/15/2020 10:00:00 PM,95.43,27.14,31.66,28.39,35.39,48.61,0,1,-0.03,0
5/15/2020 9:00:00 PM,95.43,27.09,31.66,28.39,35.38,48.6,0,1,-0.04,0
5/15/2020 8:00:00 PM,95.44,27,31.67,28.39,35.38,48.59,0,1,-0.11,0
5/15/2020 7:00:00 PM,95.46,26.89,31.68,28.4,35.38,48.58,0,1,-0.2,0
5/15/2020 6:00:00 PM,95.53,26.78,31.71,28.43,35.4,48.58,0,1,-0.28,0
5/15/2020 5:00:00 PM,95.7,26.69,31.76,28.49,35.45,48.58,0,1,-0.36,0
5/15/2020 4:00:00 PM,95.94,26.65,31.85,28.58,35.51,48.59,0,1,-0.39,0
5/15/2020 3:00:00 PM,96.23,26.64,31.95,28.68,35.6,48.6,0,1,-0.31,0
5/15/2020 2:00:00 PM,96.49,26.66,32.05,28.77,35.67,48.62,0,1,-0.28,0
5/15/2020 1:00:00 PM,96.75,26.69,32.14,28.86,35.75,48.63,0,1,-0.27,0
5/15/2020 12:00:00 PM,97.01,26.72,32.24,28.94,35.83,48.65,0,1,-0.27,0
5/15/2020 11:00:00 AM,97.26,26.77,32.32,29.04,35.91,48.67,0,1,-0.32,0
5/15/2020 10:00:00 AM,97.54,26.85,32.4,29.13,36.01,48.69,0,1,-0.23,0
5/15/2020 9:00:00 AM,97.69,26.92,32.44,29.18,36.07,48.72,0,1,-0.12,0
5/15/2020 8:00:00 AM,97.78,26.98,32.46,29.21,36.11,48.72,0,1,-0.11,0
5/15/2020 7:00:00 AM,97.82,27.05,32.47,29.23,36.13,48.72,0,1,-0.03,0
5/15/2020 6:00:00 AM,97.81,27.08,32.46,29.22,36.12,48.72,0,1,0.05,0
5/15/2020 5:00:00 AM,97.8,27.1,32.46,29.22,36.12,48.72,0,1,0.02,0
5/15/2020 4:00:00 AM,97.8,27.1,32.46,29.23,36.11,48.71,0,1,0.02,0
5/15/2020 3:00:00 AM,97.8,27.11,32.46,29.23,36.11,48.71,0,1,0.03,0
5/15/2020 2:00:00 AM,97.79,27.11,32.46,29.23,36.1,48.69,0,1,-0.01,0
5/15/2020 1:00:00 AM,97.79,27.1,32.46,29.23,36.1,48.69,0,1,-0.01,0
5/15/2020 12:00:00 AM,97.8,27.09,32.47,29.24,36.09,48.69,0,1,-0.04,0
5/14/2020 11:00:00 PM,97.8,27.07,32.47,29.24,36.09,48.67,0,1,-0.07,0
5/14/2020 10:00:00 PM,97.81,27.04,32.47,29.25,36.09,48.67,0,1,-0.09,0
5/14/2020 9:00:00 PM,97.83,27.01,32.48,29.25,36.09,48.67,0,1,-0.08,0
5/14/2020 8:00:00 PM,97.85,26.97,32.5,29.26,36.09,48.67,0,1,-0.06,0
5/14/2020 7:00:00 PM,97.87,26.9,32.51,29.27,36.09,48.66,0,1,-0.13,0
5/14/2020 6:00:00 PM,97.96,26.82,32.54,29.3,36.11,48.66,0,1,-0.19,0
5/14/2020 5:00:00 PM,98.09,26.77,32.59,29.34,36.15,48.66,0,1,-0.21,0
5/14/2020 4:00:00 PM,98.27,26.74,32.65,29.41,36.21,48.66,0,1,-0.25,0
5/14/2020 3:00:00 PM,98.49,26.75,32.73,29.48,36.27,48.67,0,1,-0.18,0
5/14/2020 2:00:00 PM,98.7,26.77,32.81,29.56,36.34,48.69,0,1,-0.2,0
5/14/2020 1:00:00 PM,98.96,26.81,32.89,29.64,36.42,48.7,0,1,-0.18,0
5/14/2020 12:00:00 PM,99.15,26.84,32.96,29.71,36.49,48.72,0,1,-0.13,0
5/14/2020 11:00:00 AM,99.33,26.88,33.02,29.77,36.55,48.73,0,1,-0.13,0
5/14/2020 10:00:00 AM,99.52,26.96,33.07,29.83,36.62,48.75,0,1,-0.09,0
5/14/2020 9:00:00 AM,99.61,27.01,33.1,29.85,36.66,48.75,0,1,-0.02,0
5/14/2020 8:00:00 AM,99.65,27.05,33.11,29.86,36.68,48.75,0,1,-0.02,0
5/14/2020 7:00:00 AM,99.67,27.08,33.12,29.87,36.69,48.75,0,1,0.02,0
5/14/2020 6:00:00 AM,99.69,27.1,33.13,29.87,36.69,48.75,0,1,-0.01,0
5/14/2020 5:00:00 AM,99.7,27.11,33.14,29.88,36.69,48.75,0,1,0.02,0
5/14/2020 4:00:00 AM,99.72,27.12,33.14,29.88,36.69,48.74,0,1,0.02,0
5/14/2020 3:00:00 AM,99.73,27.13,33.15,29.89,36.69,48.74,0,1,0.01,0
5/14/2020 2:00:00 AM,99.73,27.14,33.15,29.89,36.69,48.73,0,1,-0.03,0
5/14/2020 1:00:00 AM,99.74,27.15,33.16,29.9,36.69,48.73,0,1,-0.01,0
5/14/2020 12:00:00 AM,99.74,27.15,33.16,29.9,36.69,48.72,0,1,-0.03,0
5/13/2020 11:00:00 PM,99.75,27.15,33.17,29.9,36.69,48.72,0,1,-0.06,0
5/13/2020 10:00:00 PM,99.76,27.15,33.17,29.91,36.69,48.72,0,1,-0.04,0
5/13/2020 9:00:00 PM,99.78,27.14,33.18,29.91,36.69,48.72,0,1,-0.09,0
5/13/2020 8:00:00 PM,99.78,27.12,33.19,29.91,36.68,48.72,0,1,-0.06,0
5/13/2020 7:00:00 PM,99.8,27.09,33.2,29.92,36.68,48.71,0,1,-0.09,0
5/13/2020 6:00:00 PM,99.84,27.05,33.21,29.94,36.69,48.7,0,1,-0.09,0
5/13/2020 5:00:00 PM,99.9,27.02,33.24,29.95,36.7,48.69,0,1,-0.11,0
5/13/2020 4:00:00 PM,100.02,26.99,33.29,30,36.74,48.7,0,1,-0.15,0
5/13/2020 3:00:00 PM,100.17,27,33.33,30.05,36.79,48.71,0,1,-0.13,0
5/13/2020 2:00:00 PM,100.28,26.99,33.38,30.08,36.83,48.71,0,1,-0.11,0
5/13/2020 1:00:00 PM,100.42,26.97,33.43,30.12,36.87,48.71,0,1,-0.15,0
5/13/2020 12:00:00 PM,100.61,27,33.49,30.19,36.93,48.71,0,1,-0.16,0
5/13/2020 11:00:00 AM,100.8,27.02,33.55,30.25,37,48.74,0,1,-0.13,0
5/13/2020 10:00:00 AM,100.97,27.08,33.61,30.31,37.06,48.76,0,1,-0.08,0
5/13/2020 9:00:00 AM,101.09,27.13,33.64,30.34,37.1,48.78,0,1,-0.06,0
5/13/2020 8:00:00 AM,101.18,27.19,33.66,30.38,37.15,48.78,0,1,0,0
5/13/2020 7:00:00 AM,101.21,27.24,33.67,30.39,37.15,48.78,0,1,0.03,0
5/13/2020 6:00:00 AM,101.21,27.28,33.67,30.39,37.15,48.78,0,1,0.06,0
5/13/2020 5:00:00 AM,101.21,27.29,33.68,30.39,37.15,48.77,0,1,0.04,0
5/13/2020 4:00:00 AM,101.21,27.31,33.68,30.38,37.14,48.77,0,1,0.08,0
5/13/2020 3:00:00 AM,101.21,27.32,33.7,30.38,37.14,48.76,0,1,0.05,0
5/13/2020 2:00:00 AM,101.22,27.34,33.7,30.39,37.13,48.76,0,1,0.05,0
5/13/2020 1:00:00 AM,101.22,27.35,33.71,30.38,37.13,48.75,0,1,0.05,0
5/13/2020 12:00:00 AM,101.23,27.36,33.71,30.39,37.13,48.75,0,1,0.02,0
5/12/2020 11:00:00 PM,101.24,27.37,33.73,30.39,37.12,48.74,0,1,0,0
5/12/2020 10:00:00 PM,101.25,27.38,33.73,30.4,37.12,48.73,0,1,-0.02,0
5/12/2020 9:00:00 PM,101.26,27.37,33.74,30.4,37.12,48.73,0,1,-0.01,0
5/12/2020 8:00:00 PM,101.28,27.34,33.75,30.4,37.12,48.73,0,1,-0.06,0
5/12/2020 7:00:00 PM,101.32,27.3,33.78,30.42,37.13,48.72,0,1,-0.11,0
5/12/2020 6:00:00 PM,101.42,27.27,33.81,30.45,37.16,48.72,0,1,-0.14,0
5/12/2020 5:00:00 PM,101.53,27.24,33.86,30.48,37.19,48.73,0,1,-0.14,0
5/12/2020 4:00:00 PM,101.66,27.22,33.9,30.53,37.23,48.73,0,1,-0.17,0
5/12/2020 3:00:00 PM,101.85,27.21,33.97,30.59,37.29,48.74,0,1,-0.17,0
5/12/2020 2:00:00 PM,102.08,27.23,34.05,30.67,37.37,48.75,0,1,-0.14,0
5/12/2020 1:00:00 PM,102.28,27.26,34.11,30.74,37.43,48.76,0,1,-0.16,0
5/12/2020 12:00:00 PM,102.49,27.31,34.18,30.81,37.5,48.78,0,1,-0.13,0
5/12/2020 11:00:00 AM,102.68,27.35,34.23,30.88,37.57,48.81,0,1,-0.14,0
5/12/2020 10:00:00 AM,102.83,27.43,34.29,30.92,37.63,48.82,0,1,-0.08,0
5/12/2020 9:00:00 AM,102.95,27.51,34.32,30.96,37.67,48.82,0,1,0,0
5/12/2020 8:00:00 AM,103,27.57,34.33,30.97,37.69,48.82,0,1,0.03,0
5/12/2020 7:00:00 AM,103,27.61,34.34,30.97,37.69,48.81,0,1,0.03,0
5/12/2020 6:00:00 AM,103,27.64,34.34,30.97,37.69,48.81,0,1,0.02,0
5/12/2020 5:00:00 AM,102.99,27.67,34.34,30.97,37.69,48.81,0,1,0.02,0
5/12/2020 4:00:00 AM,102.99,27.69,34.34,30.97,37.68,48.81,0,1,0.03,0
5/12/2020 3:00:00 AM,102.98,27.71,34.34,30.97,37.68,48.8,0,1,0.01,0
5/12/2020 2:00:00 AM,102.97,27.73,34.34,30.96,37.67,48.8,0,1,0.01,0
5/12/2020 1:00:00 AM,102.96,27.75,34.34,30.96,37.67,48.8,0,1,0,0
5/12/2020 12:00:00 AM,102.96,27.77,34.34,30.96,37.66,48.79,0,1,-0.03,0
5/11/2020 11:00:00 PM,102.94,27.78,34.34,30.95,37.65,48.78,0,1,0,0
5/11/2020 10:00:00 PM,102.93,27.8,34.34,30.95,37.64,48.78,0,1,-0.02,0
5/11/2020 9:00:00 PM,102.91,27.8,34.34,30.95,37.63,48.77,0,1,-0.04,0
5/11/2020 8:00:00 PM,102.89,27.8,34.33,30.94,37.62,48.76,0,1,-0.02,0
5/11/2020 7:00:00 PM,102.87,27.8,34.33,30.94,37.61,48.75,0,1,-0.05,0
5/11/2020 6:00:00 PM,102.87,27.76,34.33,30.94,37.6,48.75,0,1,0.01,0
5/11/2020 5:00:00 PM,102.89,27.7,34.34,30.95,37.6,48.74,0,1,-0.08,0
5/11/2020 4:00:00 PM,102.98,27.67,34.37,30.98,37.63,48.74,0,1,-0.13,0
5/11/2020 3:00:00 PM,103.09,27.63,34.42,31.02,37.66,48.74,0,1,-0.13,0
5/11/2020 2:00:00 PM,103.23,27.59,34.47,31.07,37.7,48.72,0,1,-0.18,0
5/11/2020 1:00:00 PM,103.4,27.58,34.51,31.13,37.76,48.74,0,1,-0.19,0
5/11/2020 12:00:00 PM,103.62,27.58,34.58,31.21,37.83,48.76,0,1,-0.23,0
5/11/2020 11:00:00 AM,103.84,27.63,34.64,31.29,37.91,48.78,0,1,-0.21,0
5/11/2020 10:00:00 AM,104.07,27.71,34.7,31.38,37.99,48.81,0,1,-0.24,0
5/11/2020 9:00:00 AM,104.26,27.83,34.75,31.44,38.07,48.81,0,1,-0.14,0
5/11/2020 8:00:00 AM,104.37,27.9,34.78,31.48,38.11,48.82,0,1,-0.12,0
5/11/2020 7:00:00 AM,104.42,27.99,34.79,31.5,38.13,48.81,0,1,-0.03,0
5/11/2020 6:00:00 AM,104.43,28.04,34.79,31.5,38.14,48.81,0,1,0.03,0
5/11/2020 5:00:00 AM,104.42,28.08,34.79,31.5,38.13,48.8,0,1,0.04,0
5/11/2020 4:00:00 AM,104.42,28.13,34.8,31.5,38.13,48.8,0,1,0.03,0
5/11/2020 3:00:00 AM,104.42,28.16,34.8,31.5,38.13,48.8,0,1,0.03,0
5/11/2020 2:00:00 AM,104.42,28.2,34.8,31.5,38.12,48.79,0,1,0.01,0
5/11/2020 1:00:00 AM,104.42,28.23,34.8,31.5,38.12,48.78,0,1,0.01,0
5/11/2020 12:00:00 AM,104.42,28.24,34.81,31.5,38.11,48.78,0,1,-0.01,0
5/10/2020 11:00:00 PM,104.41,28.25,34.81,31.5,38.1,48.77,0,1,-0.02,0
5/10/2020 10:00:00 PM,104.42,28.25,34.82,31.5,38.1,48.76,0,1,-0.06,0
5/10/2020 9:00:00 PM,104.42,28.22,34.83,31.49,38.1,48.75,0,1,-0.11,0
5/10/2020 8:00:00 PM,104.43,28.16,34.85,31.5,38.09,48.74,0,1,-0.16,0
5/10/2020 7:00:00 PM,104.47,28.06,34.87,31.51,38.09,48.73,0,1,-0.24,0
5/10/2020 6:00:00 PM,104.57,27.95,34.91,31.55,38.11,48.72,0,1,-0.31,0
5/10/2020 5:00:00 PM,104.73,27.88,34.96,31.61,38.16,48.7,0,1,-0.36,0
5/10/2020 4:00:00 PM,104.95,27.85,35.03,31.69,38.23,48.68,0,1,-0.37,0
5/10/2020 3:00:00 PM,105.22,27.85,35.11,31.8,38.32,48.71,0,1,-0.32,0
5/10/2020 2:00:00 PM,105.47,27.89,35.18,31.89,38.4,48.73,0,1,-0.3,0
5/10/2020 1:00:00 PM,105.73,27.95,35.24,31.99,38.49,48.76,0,1,-0.29,0
5/10/2020 12:00:00 PM,105.99,28.03,35.32,32.1,38.58,48.78,0,1,-0.26,0
5/10/2020 11:00:00 AM,106.22,28.11,35.37,32.18,38.66,48.8,0,1,-0.3,0
5/10/2020 10:00:00 AM,106.41,28.21,35.42,32.25,38.73,48.82,0,1,-0.3,0
5/10/2020 9:00:00 AM,106.54,28.3,35.45,32.3,38.79,48.82,0,1,-0.12,0
5/10/2020 8:00:00 AM,106.61,28.38,35.46,32.33,38.83,48.81,0,1,-0.12,0
5/10/2020 7:00:00 AM,106.65,28.47,35.47,32.34,38.84,48.82,0,1,-0.01,0
5/10/2020 6:00:00 AM,106.65,28.52,35.47,32.34,38.84,48.82,0,1,0.02,0
5/10/2020 5:00:00 AM,106.65,28.56,35.47,32.34,38.84,48.81,0,1,0.04,0
5/10/2020 4:00:00 AM,106.64,28.59,35.47,32.34,38.83,48.81,0,1,-0.01,0
5/10/2020 3:00:00 AM,106.63,28.62,35.47,32.33,38.83,48.8,0,1,-0.03,0
5/10/2020 2:00:00 AM,106.63,28.65,35.47,32.33,38.83,48.8,0,1,-0.04,0
5/10/2020 1:00:00 AM,106.64,28.67,35.48,32.34,38.82,48.8,0,1,-0.07,0
5/10/2020 12:00:00 AM,106.63,28.68,35.48,32.33,38.82,48.79,0,1,-0.08,0
5/9/2020 11:00:00 PM,106.63,28.69,35.49,32.33,38.81,48.79,0,1,-0.09,0
5/9/2020 10:00:00 PM,106.62,28.67,35.5,32.33,38.8,48.79,0,1,-0.13,0
5/9/2020 9:00:00 PM,106.63,28.62,35.51,32.32,38.79,48.78,0,1,-0.14,0
5/9/2020 8:00:00 PM,106.65,28.54,35.53,32.33,38.79,48.78,0,1,-0.17,0
5/9/2020 7:00:00 PM,106.7,28.42,35.56,32.35,38.79,48.78,0,1,-0.26,0
5/9/2020 6:00:00 PM,106.84,28.26,35.6,32.41,38.83,48.78,0,1,-0.43,0
5/9/2020 5:00:00 PM,107.04,28.17,35.66,32.49,38.9,48.78,0,1,-0.46,0
5/9/2020 4:00:00 PM,107.31,28.15,35.75,32.58,38.98,48.78,0,1,-0.49,0
5/9/2020 3:00:00 PM,107.6,28.15,35.84,32.69,39.07,48.79,0,1,-0.43,0
5/9/2020 2:00:00 PM,107.85,28.17,35.91,32.79,39.15,48.79,0,1,-0.43,0
5/9/2020 1:00:00 PM,108.11,28.22,35.98,32.89,39.24,48.8,0,1,-0.44,0
5/9/2020 12:00:00 PM,108.37,28.28,36.05,32.99,39.33,48.81,0,1,-0.4,0
5/9/2020 11:00:00 AM,108.62,28.37,36.11,33.09,39.41,48.82,0,1,-0.5,0
5/9/2020 10:00:00 AM,108.87,28.5,36.17,33.2,39.5,48.83,0,1,-0.42,0
5/9/2020 9:00:00 AM,109.05,28.62,36.21,33.27,39.57,48.84,0,1,-0.24,0
5/9/2020 8:00:00 AM,109.16,28.73,36.23,33.31,39.62,48.83,0,1,-0.23,0
5/9/2020 7:00:00 AM,109.24,28.86,36.25,33.34,39.65,48.84,0,1,-0.09,0
5/9/2020 6:00:00 AM,109.23,28.91,36.24,33.34,39.65,48.84,0,1,0,0
5/9/2020 5:00:00 AM,109.24,28.95,36.25,33.34,39.65,48.84,0,1,-0.03,0
5/9/2020 4:00:00 AM,109.22,28.97,36.25,33.33,39.64,48.83,0,1,0,0
5/9/2020 3:00:00 AM,109.22,29,36.25,33.33,39.64,48.83,0,1,-0.06,0
5/9/2020 2:00:00 AM,109.21,29.02,36.25,33.33,39.63,48.83,0,1,-0.04,0
5/9/2020 1:00:00 AM,109.2,29.03,36.25,33.32,39.63,48.83,0,1,-0.05,0
5/9/2020 12:00:00 AM,109.2,29.04,36.25,33.32,39.62,48.82,0,1,-0.1,0
5/8/2020 11:00:00 PM,109.19,29.04,36.25,33.32,39.62,48.82,0,1,-0.11,0
5/8/2020 10:00:00 PM,109.19,29.02,36.26,33.32,39.61,48.82,0,1,-0.13,0
5/8/2020 9:00:00 PM,109.19,28.99,36.27,33.32,39.6,48.81,0,1,-0.15,0
5/8/2020 8:00:00 PM,109.2,28.93,36.28,33.32,39.6,48.81,0,1,-0.21,0
5/8/2020 7:00:00 PM,109.23,28.83,36.3,33.33,39.59,48.8,0,1,-0.28,0
5/8/2020 6:00:00 PM,109.32,28.66,36.34,33.37,39.61,48.79,0,1,-0.43,0
5/8/2020 5:00:00 PM,109.49,28.58,36.39,33.44,39.66,48.79,0,1,-0.47,0
5/8/2020 4:00:00 PM,109.69,28.54,36.45,33.52,39.72,48.8,0,1,-0.48,0
5/8/2020 3:00:00 PM,109.92,28.51,36.52,33.61,39.79,48.8,0,1,-0.46,0
5/8/2020 2:00:00 PM,110.15,28.54,36.57,33.71,39.87,48.81,0,1,-0.43,0
5/8/2020 1:00:00 PM,110.41,28.59,36.65,33.81,39.95,48.82,0,1,-0.42,0
5/8/2020 12:00:00 PM,110.64,28.65,36.71,33.9,40.03,48.83,0,1,-0.38,0
5/8/2020 11:00:00 AM,110.87,28.74,36.76,34,40.1,48.83,0,1,-0.41,0
5/8/2020 10:00:00 AM,111.07,28.85,36.81,34.09,40.17,48.84,0,1,-0.45,0
5/8/2020 9:00:00 AM,111.24,28.96,36.84,34.16,40.23,48.83,0,1,-0.29,0
5/8/2020 8:00:00 AM,111.37,29.1,36.87,34.21,40.29,48.83,0,1,-0.28,0
5/8/2020 7:00:00 AM,111.43,29.22,36.89,34.23,40.31,48.83,0,1,-0.07,0
5/8/2020 6:00:00 AM,111.42,29.27,36.88,34.23,40.31,48.83,0,1,-0.02,0
5/8/2020 5:00:00 AM,111.42,29.31,36.88,34.23,40.3,48.83,0,1,0.03,0
5/8/2020 4:00:00 AM,111.41,29.34,36.88,34.23,40.3,48.83,0,1,0.03,0
5/8/2020 3:00:00 AM,111.41,29.36,36.88,34.23,40.3,48.83,0,1,-0.02,0
5/8/2020 2:00:00 AM,111.4,29.39,36.88,34.22,40.29,48.82,0,1,-0.01,0
5/8/2020 1:00:00 AM,111.39,29.41,36.88,34.22,40.29,48.82,0,1,-0.02,0
5/8/2020 12:00:00 AM,111.39,29.42,36.89,34.22,40.28,48.82,0,1,-0.06,0
5/7/2020 11:00:00 PM,111.38,29.42,36.89,34.21,40.27,48.81,0,1,-0.03,0
5/7/2020 10:00:00 PM,111.39,29.4,36.9,34.21,40.27,48.81,0,1,-0.08,0
5/7/2020 9:00:00 PM,111.38,29.37,36.9,34.21,40.26,48.81,0,1,-0.09,0
5/7/2020 8:00:00 PM,111.39,29.3,36.92,34.21,40.25,48.81,0,1,-0.17,0
5/7/2020 7:00:00 PM,111.41,29.19,36.94,34.23,40.25,48.8,0,1,-0.28,0
5/7/2020 6:00:00 PM,111.49,29.03,36.97,34.26,40.26,48.79,0,1,-0.5,0
5/7/2020 5:00:00 PM,111.65,28.93,37.02,34.32,40.3,48.79,0,1,-0.48,0
5/7/2020 4:00:00 PM,111.9,28.89,37.1,34.42,40.38,48.78,0,1,-0.52,0
5/7/2020 3:00:00 PM,112.11,28.88,37.16,34.51,40.44,48.79,0,1,-0.43,0
5/7/2020 2:00:00 PM,112.31,28.9,37.21,34.6,40.5,48.79,0,1,-0.39,0
5/7/2020 1:00:00 PM,112.56,28.94,37.28,34.7,40.58,48.8,0,1,-0.38,0
5/7/2020 12:00:00 PM,112.77,29,37.33,34.8,40.65,48.8,0,1,-0.38,0
5/7/2020 11:00:00 AM,112.97,29.07,37.38,34.88,40.71,48.81,0,1,-0.44,0
5/7/2020 10:00:00 AM,113.16,29.17,37.43,34.97,40.76,48.82,0,1,-0.39,0
5/7/2020 9:00:00 AM,113.33,29.27,37.47,35.05,40.81,48.8,0,1,-0.26,0
5/7/2020 8:00:00 AM,113.46,29.38,37.49,35.11,40.86,48.8,0,1,-0.21,0
5/7/2020 7:00:00 AM,113.53,29.48,37.52,35.14,40.87,48.81,0,1,-0.03,0
5/7/2020 6:00:00 AM,113.56,29.52,37.53,35.14,40.88,48.81,0,1,0.02,0
5/7/2020 5:00:00 AM,113.57,29.55,37.55,35.14,40.88,48.81,0,1,-0.04,0
5/7/2020 4:00:00 AM,113.58,29.57,37.55,35.15,40.88,48.81,0,1,-0.1,0
5/7/2020 3:00:00 AM,113.61,29.6,37.56,35.16,40.88,48.81,0,1,-0.11,0
5/7/2020 2:00:00 AM,113.62,29.62,37.57,35.17,40.89,48.81,0,1,-0.12,0
5/7/2020 1:00:00 AM,113.64,29.64,37.57,35.18,40.89,48.81,0,1,-0.18,0
5/7/2020 12:00:00 AM,113.66,29.66,37.57,35.19,40.9,48.8,0,1,-0.14,0
5/6/2020 11:00:00 PM,113.66,29.65,37.58,35.19,40.89,48.8,0,1,-0.19,0
5/6/2020 10:00:00 PM,113.69,29.64,37.59,35.2,40.9,48.8,0,1,-0.22,0
5/6/2020 9:00:00 PM,113.7,29.62,37.6,35.21,40.9,48.8,0,1,-0.17,0
5/6/2020 8:00:00 PM,113.72,29.56,37.62,35.21,40.89,48.8,0,1,-0.22,0
5/6/2020 7:00:00 PM,113.76,29.46,37.64,35.23,40.9,48.81,0,1,-0.32,0
5/6/2020 6:00:00 PM,113.85,29.39,37.67,35.27,40.91,48.81,0,1,-0.43,0
5/6/2020 5:00:00 PM,113.99,29.33,37.71,35.32,40.95,48.81,0,1,-0.44,0
5/6/2020 4:00:00 PM,114.16,29.29,37.78,35.39,40.99,48.8,0,1,-0.44,0
5/6/2020 3:00:00 PM,114.33,29.29,37.82,35.48,41.03,48.8,0,1,-0.41,0
5/6/2020 2:00:00 PM,114.5,29.31,37.88,35.56,41.07,48.79,0,1,-0.4,0
5/6/2020 1:00:00 PM,114.69,29.34,37.93,35.65,41.11,48.77,0,1,-0.35,0
5/6/2020 12:00:00 PM,114.84,29.39,37.97,35.73,41.15,48.77,0,1,-0.33,0
5/6/2020 11:00:00 AM,115.03,29.47,38.01,35.82,41.19,48.77,0,1,-0.38,0
5/6/2020 10:00:00 AM,115.16,29.56,38.05,35.9,41.22,48.77,0,1,-0.32,0
5/6/2020 9:00:00 AM,115.27,29.64,38.07,35.95,41.24,48.77,0,1,-0.23,0
5/6/2020 8:00:00 AM,115.35,29.71,38.1,35.99,41.26,48.76,0,1,-0.18,0
5/6/2020 7:00:00 AM,115.41,29.83,38.1,36.02,41.28,48.75,0,1,-0.03,0
5/6/2020 6:00:00 AM,115.41,29.89,38.1,36.02,41.28,48.74,0,1,0.01,0
5/6/2020 5:00:00 AM,115.41,29.92,38.1,36.02,41.28,48.74,0,1,0.03,0
5/6/2020 4:00:00 AM,115.4,29.94,38.1,36.02,41.27,48.74,0,1,0.01,0
5/6/2020 3:00:00 AM,115.4,29.95,38.11,36.02,41.27,48.73,0,1,-0.04,0
5/6/2020 2:00:00 AM,115.41,29.97,38.11,36.02,41.27,48.73,0,1,-0.04,0
5/6/2020 1:00:00 AM,115.4,29.98,38.11,36.02,41.27,48.73,0,1,-0.09,0
5/6/2020 12:00:00 AM,115.41,29.99,38.12,36.02,41.26,48.73,0,1,-0.09,0
5/5/2020 11:00:00 PM,115.41,29.99,38.12,36.02,41.26,48.73,0,1,-0.12,0
5/5/2020 10:00:00 PM,115.41,29.96,38.13,36.02,41.25,48.73,0,1,-0.14,0
5/5/2020 9:00:00 PM,115.41,29.92,38.14,36.03,41.25,48.73,0,1,-0.2,0
5/5/2020 8:00:00 PM,115.43,29.86,38.15,36.04,41.25,48.73,0,1,-0.22,0
5/5/2020 7:00:00 PM,115.47,29.78,38.17,36.06,41.25,48.72,0,1,-0.32,0
5/5/2020 6:00:00 PM,115.55,29.7,38.2,36.09,41.26,48.73,0,1,-0.4,0
5/5/2020 5:00:00 PM,115.67,29.64,38.24,36.15,41.28,48.72,0,1,-0.39,0
5/5/2020 4:00:00 PM,115.81,29.6,38.29,36.22,41.31,48.72,0,1,-0.47,0
5/5/2020 3:00:00 PM,115.96,29.58,38.33,36.29,41.34,48.72,0,1,-0.43,0
5/5/2020 2:00:00 PM,116.13,29.59,38.39,36.38,41.37,48.72,0,1,-0.41,0
5/5/2020 1:00:00 PM,116.29,29.61,38.43,36.46,41.4,48.72,0,1,-0.43,0
5/5/2020 12:00:00 PM,116.44,29.67,38.47,36.54,41.43,48.72,0,1,-0.42,0
5/5/2020 11:00:00 AM,116.58,29.73,38.51,36.62,41.46,48.72,0,1,-0.43,0
5/5/2020 10:00:00 AM,116.69,29.8,38.53,36.68,41.48,48.72,0,1,-0.35,0
5/5/2020 9:00:00 AM,116.78,29.87,38.56,36.73,41.49,48.72,0,1,-0.22,0
5/5/2020 8:00:00 AM,116.84,29.94,38.57,36.76,41.51,48.72,0,1,-0.16,0
5/5/2020 7:00:00 AM,116.88,30.03,38.58,36.77,41.52,48.73,0,1,0.01,0
5/5/2020 6:00:00 AM,116.89,30.1,38.59,36.78,41.52,48.73,0,1,0.04,0
5/5/2020 5:00:00 AM,116.88,30.13,38.59,36.77,41.52,48.72,0,1,0.04,0
5/5/2020 4:00:00 AM,116.88,30.15,38.59,36.77,41.52,48.72,0,1,0.06,0
5/5/2020 3:00:00 AM,116.88,30.18,38.6,36.77,41.52,48.72,0,1,0.02,0
5/5/2020 2:00:00 AM,116.88,30.19,38.6,36.77,41.52,48.72,0,1,-0.02,0
5/5/2020 1:00:00 AM,116.89,30.22,38.6,36.77,41.52,48.72,0,1,-0.01,0
5/5/2020 12:00:00 AM,116.89,30.23,38.6,36.77,41.51,48.72,0,1,-0.01,0
5/4/2020 11:00:00 PM,116.9,30.24,38.61,36.77,41.51,48.72,0,1,-0.06,0
5/4/2020 10:00:00 PM,116.9,30.22,38.62,36.77,41.51,48.72,0,1,-0.07,0
5/4/2020 9:00:00 PM,116.91,30.2,38.63,36.78,41.5,48.72,0,1,-0.08,0
5/4/2020 8:00:00 PM,116.91,30.14,38.64,36.78,41.5,48.72,0,1,-0.16,0
5/4/2020 7:00:00 PM,116.93,30.08,38.65,36.79,41.49,48.72,0,1,-0.28,0
5/4/2020 6:00:00 PM,116.98,29.99,38.67,36.82,41.49,48.71,0,1,-0.44,0
5/4/2020 5:00:00 PM,117.09,29.93,38.71,36.87,41.51,48.71,0,1,-0.47,0
5/4/2020 4:00:00 PM,117.21,29.91,38.74,36.94,41.53,48.71,0,1,-0.38,0
5/4/2020 3:00:00 PM,117.31,29.89,38.78,36.99,41.54,48.72,0,1,-0.39,0
5/4/2020 2:00:00 PM,117.44,29.88,38.81,37.06,41.56,48.72,0,1,-0.45,0
5/4/2020 1:00:00 PM,117.58,29.9,38.85,37.15,41.59,48.72,0,1,-0.38,0
5/4/2020 12:00:00 PM,117.72,29.94,38.88,37.23,41.61,48.72,0,1,-0.31,0
5/4/2020 11:00:00 AM,117.83,29.99,38.91,37.3,41.62,48.72,0,1,-0.38,0
5/4/2020 10:00:00 AM,117.93,30.04,38.93,37.35,41.64,48.72,0,1,-0.37,0
5/4/2020 9:00:00 AM,118.01,30.11,38.95,37.4,41.66,48.72,0,1,-0.25,0
5/4/2020 8:00:00 AM,118.06,30.2,38.96,37.42,41.67,48.72,0,1,-0.14,0
5/4/2020 7:00:00 AM,118.08,30.29,38.97,37.43,41.68,48.72,0,1,0.01,0
5/4/2020 6:00:00 AM,118.08,30.33,38.97,37.43,41.68,48.72,0,1,0.07,0
5/4/2020 5:00:00 AM,118.08,30.36,38.97,37.43,41.68,48.72,0,1,0.1,0
5/4/2020 4:00:00 AM,118.08,30.39,38.97,37.43,41.67,48.72,0,1,0.08,0
5/4/2020 3:00:00 AM,118.08,30.41,38.97,37.43,41.67,48.72,0,1,0.04,0
5/4/2020 2:00:00 AM,118.08,30.43,38.98,37.43,41.67,48.72,0,1,0.04,0
5/4/2020 1:00:00 AM,118.08,30.45,38.98,37.43,41.67,48.72,0,1,0.03,0
5/4/2020 12:00:00 AM,118.08,30.46,38.99,37.43,41.67,48.72,0,1,0.04,0
5/3/2020 11:00:00 PM,118.08,30.46,38.99,37.43,41.66,48.71,0,1,-0.02,0
5/3/2020 10:00:00 PM,118.09,30.44,39,37.43,41.66,48.71,0,1,-0.06,0
5/3/2020 9:00:00 PM,118.11,30.41,39.01,37.44,41.66,48.71,0,1,-0.1,0
5/3/2020 8:00:00 PM,118.12,30.37,39.02,37.44,41.65,48.71,0,1,-0.12,0
5/3/2020 7:00:00 PM,118.14,30.3,39.04,37.45,41.65,48.71,0,1,-0.27,0
5/3/2020 6:00:00 PM,118.18,30.23,39.05,37.48,41.65,48.7,0,1,-0.4,0
5/3/2020 5:00:00 PM,118.26,30.17,39.08,37.53,41.66,48.7,0,1,-0.39,0
5/3/2020 4:00:00 PM,118.37,30.13,39.11,37.59,41.67,48.7,0,1,-0.37,0
5/3/2020 3:00:00 PM,118.49,30.11,39.14,37.66,41.69,48.71,0,1,-0.28,0
5/3/2020 2:00:00 PM,118.61,30.12,39.18,37.73,41.7,48.71,0,1,-0.27,0
5/3/2020 1:00:00 PM,118.73,30.13,39.2,37.81,41.72,48.7,0,1,-0.22,0
5/3/2020 12:00:00 PM,118.84,30.16,39.23,37.88,41.73,48.71,0,1,-0.22,0
5/3/2020 11:00:00 AM,118.94,30.19,39.25,37.94,41.75,48.71,0,1,-0.29,0
5/3/2020 10:00:00 AM,119.03,30.25,39.28,37.99,41.76,48.72,0,1,-0.24,0
5/3/2020 9:00:00 AM,119.08,30.3,39.29,38.03,41.77,48.72,0,1,-0.16,0
5/3/2020 8:00:00 AM,119.12,30.35,39.3,38.05,41.77,48.72,0,1,-0.11,0
5/3/2020 7:00:00 AM,119.16,30.39,39.31,38.07,41.78,48.72,0,1,-0.08,0
5/3/2020 6:00:00 AM,119.18,30.43,39.32,38.08,41.78,48.72,0,1,-0.05,0
5/3/2020 5:00:00 AM,119.19,30.48,39.33,38.08,41.78,48.72,0,1,-0.04,0
5/3/2020 4:00:00 AM,119.2,30.52,39.33,38.09,41.78,48.72,0,1,-0.01,0
5/3/2020 3:00:00 AM,119.21,30.54,39.34,38.09,41.78,48.72,0,1,-0.01,0
5/3/2020 2:00:00 AM,119.22,30.56,39.34,38.09,41.78,48.72,0,1,-0.04,0
5/3/2020 1:00:00 AM,119.22,30.56,39.35,38.09,41.78,48.72,0,1,-0.08,0
5/3/2020 12:00:00 AM,119.22,30.57,39.35,38.09,41.77,48.72,0,1,-0.09,0
5/2/2020 11:00:00 PM,119.23,30.57,39.36,38.1,41.77,48.72,0,1,-0.11,0
5/2/2020 10:00:00 PM,119.23,30.56,39.36,38.1,41.77,48.72,0,1,-0.16,0
5/2/2020 9:00:00 PM,119.23,30.55,39.37,38.1,41.76,48.72,0,1,-0.14,0
5/2/2020 8:00:00 PM,119.24,30.53,39.37,38.11,41.76,48.72,0,1,-0.15,0
5/2/2020 7:00:00 PM,119.26,30.49,39.38,38.12,41.76,48.72,0,1,-0.17,0
5/2/2020 6:00:00 PM,119.31,30.44,39.41,38.14,41.76,48.72,0,1,-0.22,0
5/2/2020 5:00:00 PM,119.36,30.4,39.42,38.17,41.76,48.72,0,1,-0.25,0
5/2/2020 4:00:00 PM,119.44,30.38,39.45,38.22,41.78,48.72,0,1,-0.27,0
5/2/2020 3:00:00 PM,119.55,30.38,39.47,38.29,41.78,48.72,0,1,-0.26,0
5/2/2020 2:00:00 PM,119.65,30.39,39.5,38.35,41.8,48.72,0,1,-0.28,0
5/2/2020 1:00:00 PM,119.78,30.42,39.54,38.43,41.81,48.72,0,1,-0.29,0
5/2/2020 12:00:00 PM,119.89,30.47,39.57,38.49,41.82,48.73,0,1,-0.27,0
5/2/2020 11:00:00 AM,119.99,30.53,39.58,38.57,41.84,48.73,0,1,-0.26,0
5/2/2020 10:00:00 AM,120.06,30.58,39.6,38.61,41.85,48.73,0,1,-0.22,0
5/2/2020 9:00:00 AM,120.1,30.64,39.61,38.64,41.85,48.73,0,1,-0.17,0
5/2/2020 8:00:00 AM,120.14,30.7,39.62,38.66,41.86,48.74,0,1,-0.11,0
5/2/2020 7:00:00 AM,120.15,30.75,39.63,38.66,41.86,48.74,0,1,-0.08,0
5/2/2020 6:00:00 AM,120.15,30.8,39.63,38.66,41.86,48.74,0,1,-0.07,0
5/2/2020 5:00:00 AM,120.15,30.83,39.63,38.66,41.86,48.74,0,1,-0.06,0
5/2/2020 4:00:00 AM,120.15,30.84,39.63,38.66,41.86,48.74,0,1,-0.05,0
5/2/2020 3:00:00 AM,120.15,30.87,39.64,38.66,41.85,48.74,0,1,-0.06,0
5/2/2020 2:00:00 AM,120.15,30.89,39.64,38.66,41.85,48.74,0,1,-0.07,0
5/2/2020 1:00:00 AM,120.14,30.9,39.64,38.66,41.85,48.74,0,1,-0.06,0
5/2/2020 12:00:00 AM,120.15,30.92,39.65,38.66,41.85,48.74,0,1,-0.09,0
5/1/2020 11:00:00 PM,120.15,30.92,39.65,38.66,41.84,48.74,0,1,-0.1,0
5/1/2020 10:00:00 PM,120.15,30.91,39.66,38.66,41.84,48.75,0,1,-0.14,0
5/1/2020 9:00:00 PM,120.15,30.88,39.67,38.66,41.83,48.75,0,1,-0.18,0
5/1/2020 8:00:00 PM,120.16,30.83,39.67,38.66,41.83,48.75,0,1,-0.25,0
5/1/2020 7:00:00 PM,120.17,30.78,39.68,38.67,41.82,48.75,0,1,-0.28,0
5/1/2020 6:00:00 PM,120.21,30.7,39.7,38.69,41.82,48.74,0,1,-0.43,0
5/1/2020 5:00:00 PM,120.28,30.63,39.72,38.74,41.82,48.75,0,1,-0.45,0
5/1/2020 4:00:00 PM,120.4,30.59,39.74,38.82,41.84,48.75,0,1,-0.44,0
5/1/2020 3:00:00 PM,120.51,30.57,39.77,38.88,41.85,48.76,0,1,-0.37,0
5/1/2020 2:00:00 PM,120.61,30.57,39.8,38.95,41.86,48.77,0,1,-0.39,0
5/1/2020 1:00:00 PM,120.73,30.59,39.82,39.04,41.87,48.77,0,1,-0.32,0
5/1/2020 12:00:00 PM,120.83,30.63,39.85,39.1,41.88,48.78,0,1,-0.32,0
5/1/2020 11:00:00 AM,120.91,30.67,39.87,39.15,41.89,48.79,0,1,-0.35,0
5/1/2020 10:00:00 AM,120.98,30.72,39.89,39.2,41.89,48.79,0,1,-0.33,0
5/1/2020 9:00:00 AM,121.03,30.77,39.9,39.22,41.9,48.79,0,1,-0.2,0
5/1/2020 8:00:00 AM,121.07,30.83,39.92,39.25,41.91,48.8,0,1,-0.12,0
5/1/2020 7:00:00 AM,121.09,30.91,39.93,39.25,41.91,48.81,0,1,-0.05,0
5/1/2020 6:00:00 AM,121.09,30.94,39.93,39.25,41.91,48.81,0,1,0.01,0
5/1/2020 5:00:00 AM,121.1,30.96,39.94,39.25,41.91,48.81,0,1,-0.03,0
5/1/2020 4:00:00 AM,121.1,30.99,39.95,39.25,41.91,48.82,0,1,0.01,0
5/1/2020 3:00:00 AM,121.1,31.02,39.95,39.25,41.9,48.82,0,1,-0.01,0
5/1/2020 2:00:00 AM,121.1,31.04,39.96,39.25,41.89,48.83,0,1,-0.04,0
5/1/2020 1:00:00 AM,121.11,31.05,39.97,39.25,41.89,48.83,0,1,-0.06,0
5/1/2020 12:00:00 AM,121.11,31.06,39.97,39.25,41.88,48.84,0,1,-0.11,0
4/30/2020 11:00:00 PM,121.12,31.07,39.99,39.25,41.88,48.84,0,1,-0.13,0
4/30/2020 10:00:00 PM,121.12,31.07,40,39.26,41.87,48.85,0,1,-0.17,0
4/30/2020 9:00:00 PM,121.13,31.05,40,39.26,41.87,48.85,0,1,-0.26,0
4/30/2020 8:00:00 PM,121.14,31.01,40.01,39.27,41.86,48.86,0,1,-0.29,0
4/30/2020 7:00:00 PM,121.17,30.96,40.03,39.28,41.85,48.87,0,1,-0.33,0
4/30/2020 6:00:00 PM,121.21,30.92,40.04,39.31,41.85,48.88,0,1,-0.45,0
4/30/2020 5:00:00 PM,121.29,30.89,40.06,39.37,41.86,48.89,0,1,-0.43,0
4/30/2020 4:00:00 PM,121.37,30.86,40.09,39.42,41.86,48.9,0,1,-0.43,0
4/30/2020 3:00:00 PM,121.45,30.85,40.11,39.48,41.86,48.92,0,1,-0.68,0
4/30/2020 2:00:00 PM,121.58,30.86,40.14,39.56,41.87,48.93,0,1,-0.46,0
4/30/2020 1:00:00 PM,121.69,30.88,40.17,39.65,41.88,48.95,0.353,1,12.97,0.667
4/30/2020 12:00:00 PM,121.81,30.93,40.19,39.73,41.89,48.95,0.315,1,-0.59,0
4/30/2020 11:00:00 AM,121.92,30.99,40.22,39.81,41.89,48.97,0,1,-0.58,0
4/30/2020 10:00:00 AM,122,31.05,40.24,39.86,41.91,48.98,0,1,-0.5,0
4/30/2020 9:00:00 AM,122.05,31.12,40.25,39.89,41.91,48.99,0,1,-0.36,0
4/30/2020 8:00:00 AM,122.08,31.17,40.26,39.91,41.92,49,0,1,-0.28,0
4/30/2020 7:00:00 AM,122.09,31.24,40.27,39.91,41.92,49.01,0,1,-0.24,0
4/30/2020 6:00:00 AM,122.09,31.27,40.27,39.9,41.91,49.01,0,1,-0.22,0
4/30/2020 5:00:00 AM,122.08,31.3,40.27,39.9,41.91,49.01,0,1,-0.18,0
4/30/2020 4:00:00 AM,122.08,31.33,40.28,39.9,41.9,49.01,0,1,-0.22,0
4/30/2020 3:00:00 AM,122.07,31.35,40.29,39.89,41.89,49,0,1,-0.27,0
4/30/2020 2:00:00 AM,122.07,31.37,40.29,39.89,41.89,48.98,0,1,-0.28,0
4/30/2020 1:00:00 AM,122.06,31.4,40.29,39.88,41.89,48.93,0,1,-0.25,0
4/30/2020 12:00:00 AM,122.06,31.41,40.3,39.88,41.88,48.84,0,1,-0.29,0
4/29/2020 11:00:00 PM,122.06,31.43,40.3,39.88,41.88,48.68,0,1,-0.31,0
4/29/2020 10:00:00 PM,122.05,31.44,40.3,39.88,41.87,48.53,0,1,-0.36,0
4/29/2020 9:00:00 PM,122.05,31.44,40.31,39.87,41.87,48.49,0,1,-0.4,0
4/29/2020 8:00:00 PM,122.04,31.42,40.31,39.87,41.86,48.48,0,1,-0.42,0
4/29/2020 7:00:00 PM,122.04,31.38,40.32,39.86,41.86,48.47,0,1,-0.53,0
4/29/2020 6:00:00 PM,122.04,31.33,40.32,39.87,41.85,48.46,0.715,1,-0.46,0
4/29/2020 5:00:00 PM,122.09,31.26,40.33,39.91,41.86,48.46,0.713,1,6.99,0.25
4/29/2020 4:00:00 PM,122.16,31.2,40.33,39.96,41.86,48.46,0,1,35.1,1
4/29/2020 3:00:00 PM,122.25,31.13,40.33,40.04,41.87,48.45,0,1,36.28,1
4/29/2020 2:00:00 PM,122.37,31.07,40.36,40.14,41.88,48.43,0.165,1,-0.06,0
4/29/2020 1:00:00 PM,122.5,31.12,40.38,40.23,41.9,48.44,0,1,-0.33,0
4/29/2020 12:00:00 PM,122.61,31.18,40.4,40.3,41.91,48.44,0,1,-0.31,0
4/29/2020 11:00:00 AM,122.71,31.25,40.42,40.37,41.92,48.44,0,1,-0.3,0
4/29/2020 10:00:00 AM,122.81,31.33,40.44,40.44,41.93,48.45,0,1,-0.26,0
4/29/2020 9:00:00 AM,122.89,31.4,40.46,40.5,41.94,48.45,0,1,-0.26,0
4/29/2020 8:00:00 AM,122.94,31.49,40.47,40.53,41.94,48.45,0,1,-0.14,0
4/29/2020 7:00:00 AM,122.96,31.56,40.48,40.54,41.94,48.46,0,1,-0.07,0
4/29/2020 6:00:00 AM,122.96,31.6,40.48,40.54,41.94,48.46,0,1,-0.03,0
4/29/2020 5:00:00 AM,122.95,31.63,40.48,40.54,41.94,48.46,0,1,-0.06,0
4/29/2020 4:00:00 AM,122.96,31.66,40.48,40.55,41.94,48.45,0,1,-0.06,0
4/29/2020 3:00:00 AM,122.96,31.69,40.48,40.55,41.94,48.46,0,1,-0.09,0
4/29/2020 2:00:00 AM,122.97,31.71,40.49,40.55,41.94,48.46,0,1,-0.11,0
4/29/2020 1:00:00 AM,122.98,31.74,40.49,40.56,41.94,48.45,0,1,-0.1,0
4/29/2020 12:00:00 AM,122.98,31.76,40.49,40.56,41.94,48.46,0,1,-0.15,0
4/28/2020 11:00:00 PM,122.98,31.77,40.49,40.56,41.93,48.45,0,1,-0.12,0
4/28/2020 10:00:00 PM,122.98,31.77,40.49,40.56,41.93,48.45,0,1,-0.13,0
4/28/2020 9:00:00 PM,122.98,31.75,40.49,40.56,41.93,48.45,0,1,-0.16,0
4/28/2020 8:00:00 PM,123,31.72,40.5,40.57,41.93,48.45,0,1,-0.19,0
4/28/2020 7:00:00 PM,123.03,31.68,40.51,40.59,41.92,48.44,0,1,-0.29,0
4/28/2020 6:00:00 PM,123.07,31.59,40.52,40.63,41.92,48.44,0,1,-0.47,0
4/28/2020 5:00:00 PM,123.16,31.53,40.55,40.68,41.93,48.44,0,1,-0.55,0
4/28/2020 4:00:00 PM,123.29,31.53,40.58,40.76,41.95,48.44,0,1,-0.48,0
4/28/2020 3:00:00 PM,123.45,31.54,40.63,40.86,41.97,48.45,0,1,-0.49,0
4/28/2020 2:00:00 PM,123.59,31.57,40.66,40.94,41.99,48.45,0,1,-0.43,0
4/28/2020 1:00:00 PM,123.72,31.61,40.69,41.03,42.01,48.46,0,1,-0.46,0
4/28/2020 12:00:00 PM,123.88,31.68,40.73,41.12,42.03,48.46,0,1,-0.48,0
4/28/2020 11:00:00 AM,124,31.75,40.76,41.19,42.05,48.47,0,1,-0.46,0
4/28/2020 10:00:00 AM,124.1,31.83,40.78,41.25,42.07,48.47,0,1,-0.38,0
4/28/2020 9:00:00 AM,124.2,31.93,40.8,41.3,42.1,48.48,0,1,-0.26,0
4/28/2020 8:00:00 AM,124.27,32.01,40.82,41.34,42.11,48.48,0,1,-0.19,0
4/28/2020 7:00:00 AM,124.31,32.1,40.83,41.36,42.12,48.49,0,1,-0.13,0
4/28/2020 6:00:00 AM,124.33,32.13,40.84,41.37,42.13,48.49,0,1,-0.12,0
4/28/2020 5:00:00 AM,124.35,32.17,40.85,41.38,42.13,48.48,0,1,-0.11,0
4/28/2020 4:00:00 AM,124.36,32.21,40.86,41.38,42.13,48.48,0,1,-0.12,0
4/28/2020 3:00:00 AM,124.38,32.25,40.86,41.39,42.13,48.48,0,1,-0.03,0
4/28/2020 2:00:00 AM,124.39,32.27,40.87,41.39,42.13,48.49,0,1,-0.09,0
4/28/2020 1:00:00 AM,124.4,32.3,40.88,41.39,42.13,48.48,0,1,-0.13,0
4/28/2020 12:00:00 AM,124.41,32.33,40.88,41.4,42.13,48.49,0,1,-0.09,0
4/27/2020 11:00:00 PM,124.42,32.35,40.89,41.4,42.13,48.49,0,1,-0.05,0
4/27/2020 10:00:00 PM,124.42,32.35,40.9,41.4,42.13,48.48,0,1,-0.07,0
4/27/2020 9:00:00 PM,124.43,32.34,40.9,41.4,42.13,48.49,0,1,-0.13,0
4/27/2020 8:00:00 PM,124.44,32.31,40.91,41.4,42.13,48.49,0,1,-0.15,0
4/27/2020 7:00:00 PM,124.44,32.28,40.92,41.4,42.13,48.48,0,1,-0.25,0
4/27/2020 6:00:00 PM,124.47,32.21,40.93,41.42,42.13,48.48,0,1,-0.42,0
4/27/2020 5:00:00 PM,124.54,32.17,40.96,41.45,42.14,48.48,0,1,-0.44,0
4/27/2020 4:00:00 PM,124.63,32.17,41,41.48,42.15,48.48,0,1,-0.39,0
4/27/2020 3:00:00 PM,124.74,32.19,41.04,41.53,42.17,48.49,0,1,-0.42,0
4/27/2020 2:00:00 PM,124.84,32.24,41.09,41.57,42.18,48.49,0,1,-0.41,0
4/27/2020 1:00:00 PM,124.94,32.31,41.13,41.61,42.2,48.49,0,1,-0.43,0
4/27/2020 12:00:00 PM,125.03,32.39,41.17,41.64,42.21,48.49,0,1,-0.44,0
4/27/2020 11:00:00 AM,125.1,32.47,41.2,41.67,42.22,48.49,0,1,-0.38,0
4/27/2020 10:00:00 AM,125.17,32.58,41.24,41.7,42.24,48.49,0,1,-0.29,0
4/27/2020 9:00:00 AM,125.21,32.65,41.26,41.71,42.24,48.49,0,1,-0.17,0
4/27/2020 8:00:00 AM,125.24,32.73,41.28,41.72,42.25,48.5,0,1,-0.11,0
4/27/2020 7:00:00 AM,125.26,32.82,41.28,41.73,42.25,48.51,0,1,0.01,0
4/27/2020 6:00:00 AM,125.25,32.87,41.28,41.73,42.25,48.51,0,1,0.08,0
4/27/2020 5:00:00 AM,125.25,32.9,41.28,41.73,42.24,48.51,0,1,0.07,0
4/27/2020 4:00:00 AM,125.26,32.93,41.29,41.73,42.24,48.51,0,1,0.07,0
4/27/2020 3:00:00 AM,125.25,32.96,41.29,41.72,42.24,48.51,0,1,0.06,0
4/27/2020 2:00:00 AM,125.26,32.99,41.29,41.72,42.24,48.5,0,1,0.04,0
4/27/2020 1:00:00 AM,125.25,33.01,41.3,41.72,42.23,48.5,0,1,0.01,0
4/27/2020 12:00:00 AM,125.26,33.03,41.3,41.72,42.23,48.5,0,1,-0.09,0
4/26/2020 11:00:00 PM,125.26,33.06,41.31,41.72,42.23,48.5,0,1,-0.07,0
4/26/2020 10:00:00 PM,125.27,33.07,41.32,41.72,42.23,48.5,0,1,-0.06,0
4/26/2020 9:00:00 PM,125.27,33.06,41.32,41.71,42.23,48.5,0,1,-0.14,0
4/26/2020 8:00:00 PM,125.28,33.05,41.33,41.72,42.23,48.5,0,1,-0.19,0
4/26/2020 7:00:00 PM,125.3,33.04,41.35,41.72,42.23,48.5,0,1,-0.28,0
4/26/2020 6:00:00 PM,125.34,33,41.37,41.73,42.24,48.5,0,1,-0.42,0
4/26/2020 5:00:00 PM,125.39,32.98,41.4,41.75,42.24,48.5,0,1,-0.47,0
4/26/2020 4:00:00 PM,125.46,32.99,41.43,41.77,42.25,48.5,0,1,-0.48,0
4/26/2020 3:00:00 PM,125.54,33.01,41.47,41.8,42.27,48.5,0,1,-0.44,0
4/26/2020 2:00:00 PM,125.62,33.04,41.51,41.83,42.28,48.5,0,1,-0.42,0
4/26/2020 1:00:00 PM,125.7,33.1,41.54,41.86,42.29,48.5,0,1,-0.46,0
4/26/2020 12:00:00 PM,125.78,33.18,41.58,41.9,42.3,48.5,0,1,-0.43,0
4/26/2020 11:00:00 AM,125.83,33.26,41.61,41.92,42.31,48.5,0,1,-0.43,0
4/26/2020 10:00:00 AM,125.88,33.36,41.63,41.93,42.32,48.5,0,1,-0.36,0
4/26/2020 9:00:00 AM,125.91,33.44,41.65,41.94,42.32,48.51,0,1,-0.2,0
4/26/2020 8:00:00 AM,125.93,33.52,41.65,41.95,42.33,48.51,0,1,-0.14,0
4/26/2020 7:00:00 AM,125.94,33.59,41.65,41.96,42.33,48.52,0,1,-0.02,0
4/26/2020 6:00:00 AM,125.93,33.63,41.65,41.96,42.33,48.52,0,1,0.04,0
4/26/2020 5:00:00 AM,125.93,33.66,41.65,41.95,42.33,48.52,0,1,0.04,0
4/26/2020 4:00:00 AM,125.93,33.68,41.66,41.95,42.32,48.52,0,1,0.03,0
4/26/2020 3:00:00 AM,125.92,33.7,41.66,41.95,42.32,48.52,0,1,0.01,0
4/26/2020 2:00:00 AM,125.92,33.72,41.66,41.94,42.32,48.52,0,1,-0.03,0
4/26/2020 1:00:00 AM,125.91,33.75,41.66,41.94,42.32,48.52,0,1,-0.06,0
4/26/2020 12:00:00 AM,125.91,33.77,41.66,41.94,42.32,48.52,0,1,-0.06,0
4/25/2020 11:00:00 PM,125.9,33.79,41.66,41.93,42.31,48.52,0,1,-0.08,0
4/25/2020 10:00:00 PM,125.9,33.79,41.66,41.93,42.31,48.52,0,1,-0.09,0
4/25/2020 9:00:00 PM,125.89,33.78,41.66,41.93,42.31,48.52,0,1,-0.15,0
4/25/2020 8:00:00 PM,125.88,33.76,41.66,41.92,42.31,48.52,0,1,-0.17,0
4/25/2020 7:00:00 PM,125.88,33.74,41.66,41.91,42.31,48.52,0,1,-0.24,0
4/25/2020 6:00:00 PM,125.88,33.71,41.67,41.91,42.3,48.52,0,1,-0.34,0
4/25/2020 5:00:00 PM,125.91,33.68,41.68,41.92,42.31,48.52,0,1,-0.49,0
4/25/2020 4:00:00 PM,125.95,33.68,41.7,41.93,42.31,48.52,0,1,-0.49,0
4/25/2020 3:00:00 PM,126,33.7,41.72,41.96,42.33,48.52,0,1,-0.48,0
4/25/2020 2:00:00 PM,126.06,33.75,41.75,41.98,42.33,48.52,0,1,-0.46,0
4/25/2020 1:00:00 PM,126.12,33.81,41.77,42.01,42.34,48.52,0,1,-0.45,0
4/25/2020 12:00:00 PM,126.18,33.88,41.79,42.03,42.35,48.52,0,1,-0.47,0
4/25/2020 11:00:00 AM,126.23,33.98,41.81,42.06,42.36,48.53,0,1,-0.44,0
4/25/2020 10:00:00 AM,126.26,34.08,41.82,42.07,42.36,48.53,0,1,-0.38,0
4/25/2020 9:00:00 AM,126.28,34.16,41.83,42.08,42.37,48.53,0,1,-0.25,0
4/25/2020 8:00:00 AM,126.31,34.24,41.84,42.09,42.38,48.53,0,1,-0.17,0
4/25/2020 7:00:00 AM,126.32,34.31,41.84,42.1,42.38,48.54,0,1,-0.05,0
4/25/2020 6:00:00 AM,126.32,34.34,41.84,42.1,42.38,48.54,0,1,0,0
4/25/2020 5:00:00 AM,126.3,34.36,41.83,42.1,42.38,48.54,0,1,0.01,0
4/25/2020 4:00:00 AM,126.3,34.39,41.83,42.09,42.38,48.54,0,1,-0.01,0
4/25/2020 3:00:00 AM,126.3,34.43,41.83,42.09,42.38,48.54,0,1,-0.02,0
4/25/2020 2:00:00 AM,126.3,34.46,41.83,42.09,42.38,48.54,0,1,-0.01,0
4/25/2020 1:00:00 AM,126.29,34.48,41.83,42.08,42.37,48.54,0,1,0,0
4/25/2020 12:00:00 AM,126.28,34.5,41.83,42.08,42.37,48.54,0,1,-0.03,0
4/24/2020 11:00:00 PM,126.27,34.52,41.83,42.08,42.37,48.54,0,1,-0.04,0
4/24/2020 10:00:00 PM,126.27,34.52,41.83,42.07,42.37,48.54,0,1,-0.08,0
4/24/2020 9:00:00 PM,126.25,34.51,41.82,42.06,42.36,48.54,0,1,-0.12,0
4/24/2020 8:00:00 PM,126.24,34.5,41.82,42.06,42.36,48.54,0,1,-0.14,0
4/24/2020 7:00:00 PM,126.24,34.49,41.82,42.06,42.36,48.54,0,1,-0.28,0
4/24/2020 6:00:00 PM,126.24,34.45,41.82,42.06,42.37,48.54,0,1,-0.42,0
4/24/2020 5:00:00 PM,126.27,34.41,41.83,42.06,42.37,48.54,0,1,-0.47,0
4/24/2020 4:00:00 PM,126.3,34.41,41.84,42.08,42.38,48.54,0,1,-0.5,0
4/24/2020 3:00:00 PM,126.33,34.42,41.85,42.09,42.39,48.55,0,1,-0.47,0
4/24/2020 2:00:00 PM,126.38,34.45,41.87,42.11,42.4,48.55,0,1,-0.5,0
4/24/2020 1:00:00 PM,126.42,34.51,41.88,42.13,42.4,48.56,0,1,-0.49,0
4/24/2020 12:00:00 PM,126.47,34.58,41.9,42.16,42.41,48.56,0,1,-0.49,0
4/24/2020 11:00:00 AM,126.51,34.66,41.91,42.17,42.42,48.56,0,1,-0.46,0
4/24/2020 10:00:00 AM,126.54,34.73,41.92,42.19,42.43,48.56,0,1,-0.38,0
4/24/2020 9:00:00 AM,126.56,34.81,41.93,42.2,42.43,48.57,0,1,-0.27,0
4/24/2020 8:00:00 AM,126.57,34.88,41.93,42.21,42.43,48.57,0,1,-0.2,0
4/24/2020 7:00:00 AM,126.58,34.96,41.93,42.21,42.44,48.57,0,1,-0.13,0
4/24/2020 6:00:00 AM,126.6,35.01,41.93,42.22,42.44,48.57,0,1,-0.05,0
4/24/2020 5:00:00 AM,126.59,35.05,41.93,42.22,42.44,48.57,0,1,0.03,0
4/24/2020 4:00:00 AM,126.59,35.08,41.93,42.22,42.44,48.57,0,1,-0.03,0
4/24/2020 3:00:00 AM,126.59,35.12,41.92,42.22,42.44,48.57,0,1,-0.08,0
4/24/2020 2:00:00 AM,126.58,35.17,41.92,42.22,42.44,48.57,0,1,-0.02,0
4/24/2020 1:00:00 AM,126.57,35.2,41.91,42.22,42.44,48.57,0,1,-0.11,0
4/24/2020 12:00:00 AM,126.57,35.23,41.91,42.22,42.44,48.58,0,1,-0.03,0
4/23/2020 11:00:00 PM,126.58,35.26,41.92,42.22,42.44,48.58,0,1,-0.03,0
4/23/2020 10:00:00 PM,126.57,35.27,41.92,42.21,42.44,48.57,0,1,-0.07,0
4/23/2020 9:00:00 PM,126.57,35.27,41.92,42.21,42.44,48.58,0,1,-0.12,0
4/23/2020 8:00:00 PM,126.57,35.27,41.92,42.21,42.44,48.58,0,1,-0.13,0
4/23/2020 7:00:00 PM,126.57,35.25,41.92,42.21,42.45,48.58,0,1,-0.22,0
4/23/2020 6:00:00 PM,126.57,35.24,41.91,42.21,42.45,48.58,0,1,-0.37,0
4/23/2020 5:00:00 PM,126.59,35.21,41.92,42.21,42.46,48.58,0,1,-0.41,0
4/23/2020 4:00:00 PM,126.61,35.2,41.92,42.22,42.46,48.58,0,1,-0.48,0
4/23/2020 3:00:00 PM,126.63,35.19,41.93,42.23,42.47,48.58,0,1,-0.47,0
4/23/2020 2:00:00 PM,126.66,35.21,41.94,42.24,42.47,48.58,0,1,-0.47,0
4/23/2020 1:00:00 PM,126.69,35.25,41.96,42.26,42.48,48.58,0,1,-0.47,0
4/23/2020 12:00:00 PM,126.72,35.3,41.96,42.27,42.49,48.58,0,1,-0.43,0
4/23/2020 11:00:00 AM,126.74,35.35,41.97,42.28,42.49,48.58,0,1,-0.41,0
4/23/2020 10:00:00 AM,126.76,35.43,41.98,42.29,42.49,48.59,0,1,-0.35,0
4/23/2020 9:00:00 AM,126.78,35.49,41.98,42.31,42.49,48.59,0,1,-0.23,0
4/23/2020 8:00:00 AM,126.79,35.56,41.98,42.31,42.5,48.59,0,1,-0.17,0
4/23/2020 7:00:00 AM,126.79,35.6,41.98,42.32,42.5,48.59,0,1,-0.05,0
4/23/2020 6:00:00 AM,126.8,35.65,41.97,42.32,42.5,48.59,0,1,0.04,0
4/23/2020 5:00:00 AM,126.78,35.67,41.97,42.32,42.5,48.59,0,1,0.03,0
4/23/2020 4:00:00 AM,126.78,35.7,41.96,42.32,42.5,48.59,0,1,0.02,0
4/23/2020 3:00:00 AM,126.77,35.72,41.96,42.31,42.5,48.59,0,1,-0.01,0
4/23/2020 2:00:00 AM,126.76,35.74,41.95,42.31,42.49,48.59,0,1,-0.04,0
4/23/2020 1:00:00 AM,126.76,35.76,41.95,42.31,42.49,48.58,0,1,-0.03,0
4/23/2020 12:00:00 AM,126.76,35.77,41.95,42.31,42.49,48.59,0,1,-0.06,0
4/22/2020 11:00:00 PM,126.74,35.78,41.94,42.31,42.49,48.59,0,1,-0.11,0
4/22/2020 10:00:00 PM,126.74,35.79,41.94,42.31,42.5,48.59,0,1,-0.11,0
4/22/2020 9:00:00 PM,126.74,35.78,41.94,42.31,42.5,48.59,0,1,-0.14,0
4/22/2020 8:00:00 PM,126.74,35.77,41.94,42.31,42.5,48.59,0,1,-0.17,0
4/22/2020 7:00:00 PM,126.74,35.74,41.94,42.31,42.49,48.59,0,1,-0.28,0
4/22/2020 6:00:00 PM,126.74,35.71,41.94,42.31,42.5,48.58,0,1,-0.38,0
4/22/2020 5:00:00 PM,126.74,35.66,41.94,42.31,42.5,48.59,0,1,-0.41,0
4/22/2020 4:00:00 PM,126.76,35.62,41.95,42.31,42.5,48.58,0,1,-0.46,0
4/22/2020 3:00:00 PM,126.79,35.59,41.96,42.32,42.51,48.58,0,1,-0.46,0
4/22/2020 2:00:00 PM,126.8,35.58,41.97,42.33,42.51,48.58,0,1,-0.41,0
4/22/2020 1:00:00 PM,126.82,35.59,41.97,42.34,42.51,48.58,0,1,-0.43,0
4/22/2020 12:00:00 PM,126.82,35.61,41.97,42.34,42.51,48.58,0,1,-0.35,0
4/22/2020 11:00:00 AM,126.83,35.65,41.97,42.34,42.51,48.58,0,1,-0.39,0
4/22/2020 10:00:00 AM,126.83,35.69,41.97,42.35,42.51,48.58,0,1,-0.32,0
4/22/2020 9:00:00 AM,126.84,35.73,41.98,42.35,42.51,48.58,0,1,-0.17,0
4/22/2020 8:00:00 AM,126.84,35.78,41.98,42.36,42.51,48.58,0,1,-0.06,0
4/22/2020 7:00:00 AM,126.84,35.82,41.97,42.36,42.51,48.58,0,1,0.02,0
4/22/2020 6:00:00 AM,126.83,35.84,41.97,42.36,42.51,48.58,0,1,0.1,0
4/22/2020 5:00:00 AM,126.84,35.87,41.97,42.36,42.51,48.58,0,1,0.11,0
4/22/2020 4:00:00 AM,126.84,35.9,41.97,42.37,42.51,48.58,0,1,0.09,0
4/22/2020 3:00:00 AM,126.84,35.92,41.96,42.37,42.51,48.58,0,1,0.05,0
4/22/2020 2:00:00 AM,126.83,35.94,41.96,42.37,42.51,48.58,0,1,0.02,0
4/22/2020 1:00:00 AM,126.83,35.97,41.96,42.36,42.51,48.57,0,1,-0.01,0
4/22/2020 12:00:00 AM,126.82,35.98,41.95,42.36,42.51,48.57,0,1,-0.02,0
4/21/2020 11:00:00 PM,126.81,35.98,41.95,42.36,42.51,48.57,0,1,-0.03,0
4/21/2020 10:00:00 PM,126.82,35.99,41.95,42.36,42.51,48.57,0,1,-0.06,0
4/21/2020 9:00:00 PM,126.82,35.97,41.95,42.36,42.51,48.57,0,1,-0.12,0
4/21/2020 8:00:00 PM,126.81,35.95,41.95,42.36,42.51,48.57,0,1,-0.13,0
4/21/2020 7:00:00 PM,126.82,35.92,41.95,42.36,42.51,48.57,0,1,-0.22,0
4/21/2020 6:00:00 PM,126.82,35.85,41.95,42.36,42.51,48.57,0,1,-0.39,0
4/21/2020 5:00:00 PM,126.83,35.79,41.95,42.36,42.51,48.57,0,1,-0.37,0
4/21/2020 4:00:00 PM,126.85,35.73,41.97,42.36,42.51,48.57,0,1,-0.47,0
4/21/2020 3:00:00 PM,126.86,35.68,41.98,42.37,42.51,48.57,0,1,-0.42,0
4/21/2020 2:00:00 PM,126.87,35.65,41.99,42.37,42.51,48.57,0,1,-0.41,0
4/21/2020 1:00:00 PM,126.87,35.64,41.99,42.37,42.51,48.57,0,1,-0.41,0
4/21/2020 12:00:00 PM,126.87,35.65,42,42.37,42.51,48.56,0,1,-0.35,0
4/21/2020 11:00:00 AM,126.88,35.67,42,42.37,42.51,48.56,0,1,-0.31,0
4/21/2020 10:00:00 AM,126.89,35.7,42,42.38,42.5,48.57,0,1,-0.25,0
4/21/2020 9:00:00 AM,126.89,35.74,42.01,42.37,42.51,48.57,0,1,-0.12,0
4/21/2020 8:00:00 AM,126.89,35.78,42.01,42.38,42.5,48.57,0,1,-0.01,0
4/21/2020 7:00:00 AM,126.9,35.81,42.01,42.38,42.5,48.57,0,1,0.06,0
4/21/2020 6:00:00 AM,126.91,35.84,42.02,42.38,42.51,48.57,0,1,0.13,0
4/21/2020 5:00:00 AM,126.92,35.87,42.03,42.39,42.5,48.56,0,1,0.13,0
4/21/2020 4:00:00 AM,126.92,35.9,42.03,42.39,42.5,48.56,0,1,0.16,0
4/21/2020 3:00:00 AM,126.92,35.92,42.03,42.39,42.5,48.56,0,1,0.13,0
4/21/2020 2:00:00 AM,126.92,35.94,42.04,42.39,42.5,48.56,0,1,0.09,0
4/21/2020 1:00:00 AM,126.93,35.97,42.04,42.39,42.5,48.56,0,1,0.08,0
4/21/2020 12:00:00 AM,126.93,35.98,42.05,42.39,42.5,48.56,0,1,0.03,0
