Buttehouse Prunes Northwest SMP 1,Irrigation Zone 16"-36",Soil Moisture 12",Soil Moisture 16",Soil Moisture 20",Soil Moisture 36",Soil Moisture 48",Pressure Switch Port B
5/23/2020 12:00:00 AM,60.46,3.56,6.79,12.79,40.88,34.84,1
5/22/2020 12:00:00 AM,61.08,3.64,6.92,13.06,41.1,34.7,1
5/21/2020 12:00:00 AM,61.99,3.74,7.08,13.44,41.47,34.61,1
5/20/2020 12:00:00 AM,62.8,3.74,7.18,13.78,41.84,34.58,1
5/19/2020 12:00:00 AM,63.59,3.77,7.29,14.12,42.19,34.57,1
5/18/2020 12:00:00 AM,64.26,3.75,7.38,14.45,42.43,34.46,1
5/17/2020 12:00:00 AM,65.25,3.85,7.58,14.93,42.74,34.37,0.814
5/16/2020 12:00:00 AM,66.39,4.03,7.82,15.48,43.09,34.38,1
5/15/2020 12:00:00 AM,67.71,4.2,8.1,16.07,43.54,34.58,1
5/14/2020 12:00:00 AM,69,4.35,8.34,16.65,44.01,34.73,1
5/13/2020 12:00:00 AM,70.2,4.55,8.59,17.19,44.43,34.79,1
5/12/2020 12:00:00 AM,71.64,4.71,8.89,17.86,44.88,34.84,0.92
5/11/2020 12:00:00 AM,73.01,5,9.22,18.57,45.22,34.81,1
5/10/2020 12:00:00 AM,74.92,5.35,9.69,19.58,45.65,34.81,1
5/9/2020 12:00:00 AM,77.21,5.75,10.33,20.74,46.14,34.96,1
5/8/2020 12:00:00 AM,79.65,6.22,11.07,21.92,46.65,35.21,1
5/7/2020 12:00:00 AM,82.22,6.59,11.88,23.16,47.19,35.44,1
5/6/2020 12:00:00 AM,85.39,7.46,13.01,24.62,47.76,35.67,1
5/5/2020 12:00:00 AM,88.37,8.39,14.16,25.99,48.22,35.83,1
5/4/2020 12:00:00 AM,91.18,9.13,15.28,27.28,48.62,35.94,1
5/3/2020 12:00:00 AM,93.86,9.67,16.36,28.54,48.96,36,1
5/2/2020 12:00:00 AM,96.71,10.59,17.65,29.92,49.13,36.01,1
5/1/2020 12:00:00 AM,99.64,11.75,19.07,31.3,49.27,36,1
4/30/2020 12:00:00 AM,103.09,13.06,20.82,32.92,49.35,36,1
4/29/2020 12:00:00 AM,106.56,14.75,22.65,34.53,49.37,35.98,1
4/28/2020 12:00:00 AM,110.23,16.84,24.66,36.15,49.43,35.96,1
4/27/2020 12:00:00 AM,114.49,19.36,27.1,37.92,49.47,35.97,1
4/26/2020 12:00:00 AM,118.52,21.54,29.56,39.47,49.48,35.94,1
4/25/2020 12:00:00 AM,122.13,23.23,32.05,40.61,49.47,35.92,1
4/24/2020 12:00:00 AM,121.72,22.1,32.07,40.16,49.49,35.95,1
4/23/2020 12:00:00 AM,104.99,15.04,19.99,35.52,49.48,36.09,1
4/22/2020 12:00:00 AM,104.72,15.12,19.74,35.4,49.57,36.23,1
4/21/2020 12:00:00 AM,104.32,14.87,19.57,35.03,49.72,36.36,1
4/20/2020 12:00:00 AM,106.01,15.64,20.39,35.87,49.75,36.4,1
4/19/2020 12:00:00 AM,108.18,16.98,21.47,36.95,49.76,36.41,1
4/18/2020 12:00:00 AM,110.8,18.57,22.82,38.2,49.78,36.43,1
4/17/2020 12:00:00 AM,113.38,20.39,24.24,39.38,49.76,36.46,1
4/16/2020 12:00:00 AM,115.75,22.22,25.62,40.39,49.74,36.49,1
4/15/2020 12:00:00 AM,118.22,24.19,27.13,41.4,49.69,36.54,1
4/14/2020 12:00:00 AM,120.8,26.31,28.74,42.4,49.66,36.58,1
4/13/2020 12:00:00 AM,123.32,28.79,30.44,43.3,49.59,36.61,1
4/12/2020 12:00:00 AM,125.22,30.96,31.76,43.95,49.51,36.62,1
4/11/2020 12:00:00 AM,126.6,32.91,32.78,44.38,49.44,36.64,1
4/10/2020 12:00:00 AM,127.75,34.67,33.62,44.71,49.42,36.65,1
4/9/2020 12:00:00 AM,129.1,36.29,34.55,45.15,49.4,36.67,1
4/8/2020 12:00:00 AM,130,37.53,35.2,45.42,49.38,36.69,1
4/7/2020 12:00:00 AM,130.71,38.25,35.74,45.59,49.38,36.72,1
4/6/2020 12:00:00 AM,131.55,38.34,36.28,45.84,49.43,36.74,1
4/5/2020 12:00:00 AM,132.58,33.84,36.91,46.22,49.45,36.74,1
4/4/2020 12:00:00 AM,133.2,30.68,37.28,46.49,49.43,36.74,1
4/3/2020 12:00:00 AM,134.22,31.8,38.05,46.76,49.4,36.74,1
4/2/2020 12:00:00 AM,135.95,33.16,39.35,47.2,49.4,36.75,1
4/1/2020 12:00:00 AM,137.83,34.84,40.86,47.6,49.38,36.76,1
3/31/2020 12:00:00 AM,139.23,36.23,42.1,47.77,49.36,36.77,1
3/30/2020 12:00:00 AM,140.21,37.22,43.04,47.82,49.34,36.79,1
3/29/2020 12:00:00 AM,140.99,38.07,43.8,47.85,49.34,36.8,1
3/28/2020 12:00:00 AM,141.53,38.73,44.3,47.9,49.32,36.82,1
3/27/2020 12:00:00 AM,141.94,39.34,44.73,47.87,49.33,36.85,1
3/26/2020 12:00:00 AM,142.42,39.83,45.14,47.91,49.37,36.87,1
3/25/2020 12:00:00 AM,142.95,40.33,45.55,48,49.4,36.89,1
3/24/2020 12:00:00 AM,143.69,41.1,46.11,48.17,49.4,36.9,1
3/23/2020 12:00:00 AM,144.14,41.93,46.59,48.19,49.36,36.9,1
3/22/2020 12:00:00 AM,144.27,42.38,46.82,48.1,49.34,36.92,1
3/21/2020 12:00:00 AM,144.32,42.61,46.95,48.03,49.34,36.96,1
3/20/2020 12:00:00 AM,144.29,42.76,46.98,47.94,49.37,37.01,1
3/19/2020 12:00:00 AM,144.27,42.64,46.94,47.91,49.43,37.06,1
3/18/2020 12:00:00 AM,144.7,42.86,47.14,48.05,49.51,37.11,1
3/17/2020 12:00:00 AM,145.04,43.15,47.31,48.16,49.57,37.15,1
3/16/2020 12:00:00 AM,145.41,43.43,47.5,48.29,49.62,37.17,1
3/15/2020 12:00:00 AM,145.9,43.91,47.79,48.46,49.65,37.18,1
3/14/2020 12:00:00 AM,146.39,44.54,48.12,48.62,49.65,37.18,1
3/13/2020 12:00:00 AM,146.55,45.04,48.3,48.63,49.61,37.18,1
3/12/2020 12:00:00 AM,146.61,45.35,48.39,48.62,49.59,37.18,1
3/11/2020 12:00:00 AM,146.52,45.53,48.38,48.56,49.58,37.18,1
3/10/2020 12:00:00 AM,146.43,45.5,48.33,48.52,49.59,37.19,1
3/9/2020 12:00:00 AM,146.4,45.56,48.31,48.49,49.59,37.2,1
3/8/2020 12:00:00 AM,146.46,45.59,48.34,48.53,49.59,37.21,1
3/7/2020 12:00:00 AM,146.77,45.92,48.53,48.65,49.59,37.21,1
3/6/2020 12:00:00 AM,146.87,46.25,48.64,48.67,49.56,37.21,1
3/5/2020 12:00:00 AM,146.74,46.34,48.6,48.61,49.52,37.21,1
3/4/2020 12:00:00 AM,146.59,46.34,48.53,48.55,49.51,37.21,1
3/3/2020 12:00:00 AM,146.44,46.33,48.44,48.49,49.51,37.23,1
3/2/2020 12:00:00 AM,146.4,46.19,48.39,48.51,49.5,37.24,1
3/1/2020 12:00:00 AM,146.69,46.53,48.59,48.62,49.49,37.23,1
2/29/2020 12:00:00 AM,146.66,46.7,48.6,48.6,49.46,37.23,1
2/28/2020 12:00:00 AM,146.57,46.71,48.56,48.57,49.43,37.23,1
2/27/2020 12:00:00 AM,146.48,46.75,48.53,48.54,49.41,37.23,1
2/26/2020 12:00:00 AM,146.35,46.75,48.48,48.49,49.38,37.24,1
2/25/2020 12:00:00 AM,146.24,46.76,48.43,48.45,49.36,37.25,1
2/24/2020 12:00:00 AM,146.19,46.7,48.39,48.44,49.36,37.26,1
2/23/2020 12:00:00 AM,146.22,46.85,48.42,48.46,49.33,37.27,1
2/22/2020 12:00:00 AM,146.09,46.85,48.36,48.41,49.32,37.3,1
2/21/2020 12:00:00 AM,146.03,46.8,48.32,48.39,49.32,37.32,1
2/20/2020 12:00:00 AM,146.03,46.85,48.32,48.39,49.31,37.33,1
2/19/2020 12:00:00 AM,146.02,46.85,48.32,48.39,49.31,37.35,1
2/18/2020 12:00:00 AM,146.09,46.96,48.37,48.42,49.3,37.37,1
2/17/2020 12:00:00 AM,146.13,47.1,48.42,48.43,49.27,37.39,1
2/16/2020 12:00:00 AM,145.96,47.1,48.34,48.37,49.25,37.42,1
2/15/2020 12:00:00 AM,145.17,47.05,47.61,48.31,49.25,37.44,1
2/14/2020 12:00:00 AM,145.88,46.98,48.28,48.35,49.25,37.47,1
2/13/2020 12:00:00 AM,145.93,47.08,48.33,48.36,49.24,37.5,1
2/12/2020 12:00:00 AM,145.91,47.14,48.34,48.35,49.22,37.53,1
2/11/2020 12:00:00 AM,145.79,47.2,48.3,48.28,49.21,37.58,1
2/10/2020 12:00:00 AM,145.63,47.06,48.19,48.23,49.21,37.63,1
2/9/2020 12:00:00 AM,145.67,47.06,48.2,48.25,49.22,37.68,1
2/8/2020 12:00:00 AM,145.69,47.1,48.21,48.25,49.23,37.75,1
2/7/2020 12:00:00 AM,145.67,47.08,48.18,48.23,49.26,37.83,1
2/6/2020 12:00:00 AM,145.71,47.06,48.17,48.23,49.31,37.91,1
2/5/2020 12:00:00 AM,145.84,47.05,48.19,48.28,49.38,38.01,1
2/4/2020 12:00:00 AM,146.19,47.08,48.32,48.41,49.46,38.1,1
2/3/2020 12:00:00 AM,146.75,47.39,48.61,48.63,49.51,38.19,1
2/2/2020 12:00:00 AM,147.3,47.86,48.95,48.82,49.54,38.28,1
2/1/2020 12:00:00 AM,147.46,48.02,49.04,48.85,49.57,38.36,1
1/31/2020 12:00:00 AM,147.61,48.16,49.16,48.87,49.58,38.46,1
1/30/2020 12:00:00 AM,147.74,48.35,49.29,48.87,49.59,38.58,1
1/29/2020 12:00:00 AM,147.86,48.57,49.35,48.92,49.6,38.67,1
1/28/2020 12:00:00 AM,147.96,48.95,49.4,48.97,49.6,38.75,1
1/27/2020 12:00:00 AM,147.96,49.1,49.4,48.97,49.59,38.71,1
1/26/2020 12:00:00 AM,147.55,49.1,49.32,48.84,49.39,38.11,1
1/25/2020 12:00:00 AM,146.62,47.9,48.79,48.58,49.25,38.04,1
1/24/2020 12:00:00 AM,146.46,47.75,48.72,48.5,49.23,38.07,1
1/23/2020 12:00:00 AM,146.45,47.74,48.75,48.48,49.22,38.11,1
1/22/2020 12:00:00 AM,146.36,47.95,48.79,48.38,49.19,38.13,1
1/21/2020 12:00:00 AM,145.95,47.57,48.51,48.25,49.18,38.2,1
1/20/2020 12:00:00 AM,145.85,47.3,48.4,48.23,49.22,38.28,1
1/19/2020 12:00:00 AM,146.06,47.53,48.53,48.27,49.26,38.29,1
1/18/2020 12:00:00 AM,146.13,47.88,48.55,48.29,49.29,38.22,1
1/17/2020 12:00:00 AM,146.19,47.99,48.58,48.33,49.27,38.09,1
1/16/2020 12:00:00 AM,145.75,47.53,48.36,48.2,49.18,38.1,1
1/15/2020 12:00:00 AM,145.59,46.95,48.17,48.21,49.21,38.14,1
1/14/2020 12:00:00 AM,145.92,47.32,48.37,48.31,49.24,38.2,1
1/13/2020 12:00:00 AM,146,47.33,48.42,48.32,49.27,38.26,1
1/12/2020 12:00:00 AM,146.26,47.52,48.58,48.38,49.3,38.28,1
1/11/2020 12:00:00 AM,146.41,47.82,48.72,48.39,49.31,38.28,1
1/10/2020 12:00:00 AM,146.42,47.99,48.72,48.41,49.29,38.26,1
1/9/2020 12:00:00 AM,146.16,47.85,48.57,48.33,49.26,38.33,1
1/8/2020 12:00:00 AM,145.87,47.24,48.32,48.24,49.3,38.41,1
1/7/2020 12:00:00 AM,146.04,47.23,48.39,48.32,49.33,38.47,1
1/6/2020 12:00:00 AM,146.36,47.51,48.58,48.43,49.35,38.52,1
1/5/2020 12:00:00 AM,146.52,47.67,48.69,48.48,49.35,38.58,1
1/4/2020 12:00:00 AM,146.48,47.73,48.68,48.46,49.34,38.69,1
1/3/2020 12:00:00 AM,146.41,47.62,48.59,48.46,49.36,38.83,1
1/2/2020 12:00:00 AM,146.62,47.82,48.74,48.49,49.39,38.96,1
1/1/2020 12:00:00 AM,146.72,48.1,48.83,48.5,49.39,39.07,1
12/31/2019 12:00:00 AM,146.7,48.26,48.8,48.49,49.41,39.15,1
12/30/2019 12:00:00 AM,146.64,48.38,48.75,48.46,49.43,39.19,1
12/29/2019 12:00:00 AM,146.54,47.94,48.7,48.42,49.42,39.27,1
12/28/2019 12:00:00 AM,146.57,47.86,48.65,48.43,49.49,39.44,1
12/27/2019 12:00:00 AM,146.82,48.27,48.71,48.52,49.59,39.68,1
12/26/2019 12:00:00 AM,147.04,48.44,48.79,48.58,49.67,39.86,1
12/25/2019 12:00:00 AM,147.17,48.51,48.85,48.61,49.71,39.88,1
12/24/2019 12:00:00 AM,147.32,48.51,48.9,48.68,49.74,39.84,1
12/23/2019 12:00:00 AM,147.51,48.62,49.03,48.72,49.76,39.63,1
12/22/2019 12:00:00 AM,147.46,48.31,49.05,48.72,49.69,39.32,1
12/21/2019 12:00:00 AM,147.6,48.3,49.11,48.77,49.72,39.38,1
12/20/2019 12:00:00 AM,147.66,48.59,49.12,48.77,49.77,39.38,1
12/19/2019 12:00:00 AM,147.6,48.56,49.1,48.72,49.78,39.17,1
12/18/2019 12:00:00 AM,147.43,47.94,48.97,48.68,49.78,39.14,1
12/17/2019 12:00:00 AM,147.64,47.82,49.02,48.75,49.87,39.24,1
12/16/2019 12:00:00 AM,148.04,48.34,49.2,48.89,49.95,39.34,1
12/15/2019 12:00:00 AM,148.38,48.64,49.35,49.02,50.01,39.4,1
12/14/2019 12:00:00 AM,148.58,48.95,49.54,49.13,49.92,39.24,1
12/13/2019 12:00:00 AM,148.5,49.15,49.63,49.12,49.74,38.44,1
12/12/2019 12:00:00 AM,148.15,49.14,49.61,49.05,49.49,36.9,1
12/11/2019 12:00:00 AM,146.23,49.02,49.58,48.99,47.65,35.02,1
12/10/2019 12:00:00 AM,143.47,48.87,49.6,48.98,44.89,34.09,1
12/9/2019 12:00:00 AM,139.97,49.17,49.85,49.04,41.07,33.38,1
12/8/2019 12:00:00 AM,137.05,49.37,49.9,49.11,38.04,33.12,1
12/7/2019 12:00:00 AM,136.02,49.25,49.81,49.08,37.13,33.29,1
12/6/2019 12:00:00 AM,135.27,48.2,49.59,48.83,36.84,33.4,1
12/5/2019 12:00:00 AM,135.01,48.8,49.53,48.73,36.75,33.46,1
12/4/2019 12:00:00 AM,134.64,49.09,49.41,48.6,36.64,33.54,1
12/3/2019 12:00:00 AM,134.09,49.18,49.26,48.32,36.51,33.69,0.766
12/2/2019 12:00:00 AM,133.12,48.98,49.07,47.8,36.24,33.8,0.517
12/1/2019 12:00:00 AM,85.79,31.5,22.1,27.35,36.34,33.52,0.226
11/30/2019 12:00:00 AM,71.52,3.3,12.89,22.28,36.35,33.43,1
11/29/2019 12:00:00 AM,71.8,3.23,12.97,22.4,36.43,33.47,1
11/28/2019 12:00:00 AM,72.18,3.21,13.1,22.57,36.51,33.5,1
11/27/2019 12:00:00 AM,72.53,3.13,13.28,22.68,36.57,33.48,0.661
11/26/2019 12:00:00 AM,72.82,2.94,13.45,22.76,36.61,33.44,0.706
11/25/2019 12:00:00 AM,72.93,3.27,13.42,22.87,36.64,33.46,0.834
11/24/2019 12:00:00 AM,73.17,3.58,13.51,22.99,36.67,33.49,0.832
11/23/2019 12:00:00 AM,73.35,3.54,13.56,23.08,36.71,33.5,0.931
11/22/2019 12:00:00 AM,73.55,3.49,13.66,23.15,36.74,33.51,0.949
11/21/2019 12:00:00 AM,73.78,3.41,13.81,23.21,36.76,33.48,1
11/20/2019 12:00:00 AM,73.84,3.44,13.81,23.26,36.77,33.46,1
11/19/2019 12:00:00 AM,73.87,4.1,13.77,23.33,36.77,33.51,1
11/18/2019 12:00:00 AM,73.88,4.1,13.77,23.33,36.77,33.55,1
11/17/2019 12:00:00 AM,73.93,4.08,13.78,23.37,36.78,33.56,1
11/16/2019 12:00:00 AM,74.01,4.06,13.81,23.42,36.79,33.56,1
11/15/2019 12:00:00 AM,74.1,4.06,13.84,23.47,36.79,33.55,0.99
11/14/2019 12:00:00 AM,74.15,4.08,13.87,23.49,36.79,33.5,0.962
11/13/2019 12:00:00 AM,74.17,4.03,13.9,23.49,36.78,33.51,0.637
11/12/2019 12:00:00 AM,74.26,4.02,13.95,23.52,36.79,33.48,0.695
11/11/2019 12:00:00 AM,74.34,4,14.01,23.54,36.78,33.49,0.989
11/10/2019 12:00:00 AM,74.42,3.97,14.07,23.56,36.78,33.47,1
11/9/2019 12:00:00 AM,74.5,3.93,14.14,23.59,36.78,33.49,1
11/8/2019 12:00:00 AM,74.6,3.94,14.19,23.62,36.79,33.46,1
11/7/2019 12:00:00 AM,74.7,3.9,14.26,23.66,36.79,33.54,1
11/6/2019 12:00:00 AM,74.81,3.86,14.35,23.67,36.79,33.55,1
11/5/2019 12:00:00 AM,74.9,3.79,14.45,23.66,36.8,33.6,0.994
11/4/2019 12:00:00 AM,75.09,3.71,14.6,23.67,36.81,33.67,1
11/3/2019 12:00:00 AM,75.37,3.6,14.83,23.69,36.85,33.73,1
11/2/2019 12:00:00 AM,75.76,3.47,15.14,23.72,36.9,33.8,1
11/1/2019 12:00:00 AM,76.26,3.33,15.52,23.77,36.97,33.85,1
10/31/2019 12:00:00 AM,76.97,3.18,16.1,23.81,37.06,33.87,1
10/30/2019 12:00:00 AM,77.73,2.92,16.7,23.86,37.17,33.79,1
10/29/2019 12:00:00 AM,78.42,3.47,17.12,24.06,37.24,33.96,1
10/28/2019 12:00:00 AM,79.17,3.53,17.65,24.18,37.35,33.8,1
10/27/2019 12:00:00 AM,79.8,3.91,17.98,24.41,37.41,33.76,1
10/26/2019 12:00:00 AM,80.4,5.39,18.35,24.63,37.42,33.87,1
10/25/2019 12:00:00 AM,80.94,5.29,18.84,24.67,37.43,33.81,1
10/24/2019 12:00:00 AM,81.31,5.41,19.14,24.72,37.44,33.64,1
10/23/2019 12:00:00 AM,81.41,6.57,19.18,24.78,37.45,33.78,1
10/22/2019 12:00:00 AM,81.4,7.19,19.19,24.74,37.47,33.94,1
10/21/2019 12:00:00 AM,81.49,7.52,19.23,24.74,37.52,34.19,0.932
10/20/2019 12:00:00 AM,81.7,7.71,19.32,24.8,37.58,34.45,0.64
10/19/2019 12:00:00 AM,81.93,7.79,19.46,24.85,37.62,34.65,0.743
10/18/2019 12:00:00 AM,82.14,7.79,19.57,24.91,37.67,34.57,1
10/17/2019 12:00:00 AM,82.36,7.91,19.68,24.97,37.71,34.67,1
10/16/2019 12:00:00 AM,82.92,8.76,20.18,24.99,37.75,34.85,1
10/15/2019 12:00:00 AM,82.83,8.1,19.98,25.04,37.8,34.96,1
10/14/2019 12:00:00 AM,83.11,8.13,20.14,25.09,37.87,35.15,1
10/13/2019 12:00:00 AM,83.4,8.17,20.31,25.15,37.94,35.34,1
10/12/2019 12:00:00 AM,83.71,8.12,20.5,25.19,38.02,35.5,0.998
10/11/2019 12:00:00 AM,83.98,8.01,20.62,25.22,38.14,35.58,0
10/10/2019 12:00:00 AM,84.39,8.37,20.75,25.36,38.27,35.63,0
10/9/2019 12:00:00 AM,85.19,10.03,21.15,25.7,38.34,35.96,0
10/8/2019 12:00:00 AM,85.53,10.78,21.37,25.79,38.37,36.28,0
10/7/2019 12:00:00 AM,85.88,11.21,21.66,25.81,38.42,36.65,0
10/6/2019 12:00:00 AM,85.88,10.9,21.57,25.83,38.49,37.04,0
10/5/2019 12:00:00 AM,86.07,11,21.65,25.85,38.57,37.55,0
10/4/2019 12:00:00 AM,86.4,11.17,21.8,25.95,38.65,38.05,0
10/3/2019 12:00:00 AM,86.73,11.33,21.98,26.03,38.72,38.46,0
10/2/2019 12:00:00 AM,87.04,11.39,22.12,26.1,38.82,38.83,0
10/1/2019 12:00:00 AM,87.39,11.41,22.21,26.24,38.94,39.11,0
9/30/2019 12:00:00 AM,87.76,11.48,22.32,26.4,39.03,39.35,0
9/29/2019 12:00:00 AM,88.13,11.62,22.5,26.57,39.05,39.44,0
9/28/2019 12:00:00 AM,88.52,11.61,22.67,26.78,39.06,39.58,0
9/27/2019 12:00:00 AM,88.75,11.78,22.84,26.9,39,39.65,0
9/26/2019 12:00:00 AM,88.85,12.06,23,26.92,38.93,39.73,0
9/25/2019 12:00:00 AM,88.82,12.19,23.07,26.87,38.88,39.86,0
9/24/2019 12:00:00 AM,88.73,12.18,23.04,26.82,38.87,39.99,0
9/23/2019 12:00:00 AM,88.82,12.24,23.09,26.87,38.86,40.1,0
9/22/2019 12:00:00 AM,88.96,12.34,23.23,26.92,38.82,40.23,0
9/21/2019 12:00:00 AM,89.06,12.35,23.35,26.92,38.79,40.33,0
9/20/2019 12:00:00 AM,89.22,12.36,23.49,26.95,38.78,40.45,0
9/19/2019 12:00:00 AM,89.5,12.41,23.68,27.06,38.76,40.56,0
9/18/2019 12:00:00 AM,89.8,12.47,23.88,27.18,38.74,40.7,0
9/17/2019 12:00:00 AM,90,12.64,24.05,27.26,38.69,40.81,0
9/16/2019 12:00:00 AM,90.5,12.95,24.41,27.46,38.62,40.92,0
9/15/2019 12:00:00 AM,90.62,13.59,24.58,27.54,38.51,40.99,0
9/14/2019 12:00:00 AM,90.69,13.85,24.69,27.59,38.41,41.09,0
9/13/2019 12:00:00 AM,90.69,14.01,24.74,27.61,38.33,41.2,0
9/12/2019 12:00:00 AM,90.67,14.14,24.76,27.64,38.26,41.33,0
9/11/2019 12:00:00 AM,90.72,14.28,24.81,27.7,38.21,41.47,0
9/10/2019 12:00:00 AM,90.83,14.41,24.88,27.79,38.16,41.63,0
9/9/2019 12:00:00 AM,90.87,14.57,24.9,27.85,38.12,41.73,0
9/8/2019 12:00:00 AM,90.83,14.62,24.84,27.91,38.09,41.77,0
9/7/2019 12:00:00 AM,90.94,14.8,24.84,28.03,38.06,41.79,0
9/6/2019 12:00:00 AM,90.47,14.3,24.51,27.97,38,41.79,0.45
9/5/2019 12:00:00 AM,89.29,12.98,23.93,27.39,37.97,41.66,0.328
9/4/2019 12:00:00 AM,89.47,13.32,24,27.43,38.03,41.64,0
9/3/2019 12:00:00 AM,89.8,13.73,24.14,27.54,38.11,41.62,0
9/2/2019 12:00:00 AM,90.2,14.11,24.29,27.68,38.23,41.59,0
9/1/2019 12:00:00 AM,90.57,14.46,24.39,27.82,38.36,41.58,0
8/31/2019 12:00:00 AM,90.81,14.92,24.45,27.89,38.47,41.56,0
8/30/2019 12:00:00 AM,91.21,15.38,24.55,28.04,38.62,41.56,0
8/29/2019 12:00:00 AM,91.74,15.77,24.7,28.27,38.78,41.51,0
8/28/2019 12:00:00 AM,92.4,16.36,24.91,28.55,38.94,41.49,0
8/27/2019 12:00:00 AM,93.04,17.04,25.14,28.8,39.1,41.46,0
8/26/2019 12:00:00 AM,93.69,17.72,25.35,29.05,39.28,41.44,0
8/25/2019 12:00:00 AM,94.3,18.34,25.54,29.3,39.46,41.43,0
8/24/2019 12:00:00 AM,94.97,19.01,25.76,29.57,39.64,41.42,0
8/23/2019 12:00:00 AM,95.58,19.66,25.98,29.81,39.79,41.41,0
8/22/2019 12:00:00 AM,96.21,20.34,26.18,30.03,40,41.42,0
8/21/2019 12:00:00 AM,96.76,21.16,26.38,30.23,40.15,41.4,0
8/20/2019 12:00:00 AM,97.33,21.94,26.59,30.43,40.31,41.39,0
8/19/2019 12:00:00 AM,98.01,22.79,26.84,30.68,40.5,41.43,0
8/18/2019 12:00:00 AM,98.7,23.62,27.12,30.96,40.62,41.46,0
8/17/2019 12:00:00 AM,99.4,24.44,27.45,31.25,40.71,41.46,0
8/16/2019 12:00:00 AM,99.99,25.26,27.76,31.46,40.76,41.48,0
8/15/2019 12:00:00 AM,100.46,26,28.05,31.6,40.81,41.47,0
8/14/2019 12:00:00 AM,100.85,26.52,28.24,31.75,40.86,41.52,0
8/13/2019 12:00:00 AM,101.13,26.83,28.32,31.9,40.91,41.54,0
8/12/2019 12:00:00 AM,101.32,27.26,28.35,32.02,40.94,41.58,0
8/11/2019 12:00:00 AM,101.48,27.56,28.3,32.2,40.99,41.59,0
8/10/2019 12:00:00 AM,101.38,27.82,28.07,32.3,41.02,41.63,0
8/9/2019 12:00:00 AM,100.44,27.11,27.1,32.36,40.97,41.6,0.487
8/8/2019 12:00:00 AM,99.44,26.09,26.49,31.94,41,41.51,0.332
8/7/2019 12:00:00 AM,100.68,27,26.85,32.56,41.27,41.52,0
8/6/2019 12:00:00 AM,102.15,27.87,27.27,33.32,41.56,41.53,0
8/5/2019 12:00:00 AM,103.64,28.79,27.7,34.07,41.87,41.56,0
8/4/2019 12:00:00 AM,105.28,29.57,28.2,34.94,42.15,41.63,0
8/3/2019 12:00:00 AM,106.96,30.34,28.74,35.83,42.4,41.66,0
8/2/2019 12:00:00 AM,108.96,31.09,29.43,36.87,42.67,41.67,0
8/1/2019 12:00:00 AM,111.1,31.84,30.23,37.99,42.88,41.66,0
7/31/2019 12:00:00 AM,113.39,32.64,31.17,39.15,43.07,41.61,0
7/30/2019 12:00:00 AM,116.65,33.58,32.6,40.76,43.29,41.6,0
7/29/2019 12:00:00 AM,119.99,34.62,34.2,42.35,43.44,41.58,0
7/28/2019 12:00:00 AM,123.16,35.75,35.93,43.69,43.54,41.59,0
7/27/2019 12:00:00 AM,126.61,36.82,37.95,45.02,43.64,41.6,0
7/26/2019 12:00:00 AM,131.24,38.43,40.85,46.63,43.76,41.65,0
7/25/2019 12:00:00 AM,135.28,40.49,43.74,47.74,43.8,41.66,0
7/24/2019 12:00:00 AM,139.05,43.04,46.67,48.57,43.82,41.67,0
7/23/2019 12:00:00 AM,142.63,46.17,49.49,49.32,43.82,41.65,0
7/22/2019 12:00:00 AM,144.88,48.11,51.13,49.96,43.79,41.67,0
7/21/2019 12:00:00 AM,134.68,40.52,45.28,45.91,43.49,41.46,0.559
7/20/2019 12:00:00 AM,105.15,23.45,26.21,35.68,43.25,41.13,0.333
7/19/2019 12:00:00 AM,106.77,24.11,26.64,36.5,43.62,41.15,0
7/18/2019 12:00:00 AM,108.87,24.84,27.24,37.58,44.05,41.19,0
7/17/2019 12:00:00 AM,111.02,25.72,28,38.67,44.36,41.23,0
7/16/2019 12:00:00 AM,112.92,26.14,28.5,39.84,44.58,41.27,0
7/15/2019 12:00:00 AM,114.54,26.77,29.13,40.71,44.7,41.27,0
7/14/2019 12:00:00 AM,116,27.13,29.75,41.47,44.77,41.29,0
7/13/2019 12:00:00 AM,116.84,27.28,30.11,41.95,44.78,41.26,0
7/12/2019 12:00:00 AM,114.17,26.99,28.51,40.96,44.71,41.18,0.526
7/11/2019 12:00:00 AM,105.2,26.17,25.7,34.74,44.76,41.15,0.246
7/10/2019 12:00:00 AM,106.26,26.64,25.92,34.98,45.36,41.18,0
7/9/2019 12:00:00 AM,107.35,27.25,26.15,35.29,45.91,41.22,0
7/8/2019 12:00:00 AM,108.52,27.9,26.4,35.71,46.41,41.28,0
7/7/2019 12:00:00 AM,109.82,28.69,26.75,36.23,46.84,41.32,0
7/6/2019 12:00:00 AM,111.08,29.51,27.14,36.69,47.25,41.34,0
7/5/2019 12:00:00 AM,112.3,30.19,27.53,37.12,47.65,41.39,0
7/4/2019 12:00:00 AM,113.52,30.84,27.94,37.55,48.03,41.47,0
7/3/2019 12:00:00 AM,114.83,31.56,28.38,38.04,48.41,41.54,0
7/2/2019 12:00:00 AM,116.19,32.21,28.88,38.53,48.79,41.62,0
7/1/2019 12:00:00 AM,117.67,32.93,29.45,39.07,49.15,41.69,0
6/30/2019 12:00:00 AM,119.28,33.79,30.12,39.67,49.49,41.74,0
6/29/2019 12:00:00 AM,121.08,34.6,30.9,40.34,49.85,41.78,0
6/28/2019 12:00:00 AM,122.93,35.24,31.69,41.01,50.22,41.81,0
6/27/2019 12:00:00 AM,124.72,35.76,32.48,41.72,50.52,41.84,0
6/26/2019 12:00:00 AM,126.91,36.56,33.54,42.59,50.78,41.9,0
6/25/2019 12:00:00 AM,129.49,37.61,34.97,43.49,51.03,42,0
6/24/2019 12:00:00 AM,132.06,38.51,36.52,44.32,51.22,42.1,0
6/23/2019 12:00:00 AM,134.77,39.31,38.25,45.14,51.37,42.29,0
6/22/2019 12:00:00 AM,138.06,40.38,40.41,46.12,51.53,42.57,0
6/21/2019 12:00:00 AM,142,42.04,43.09,47.26,51.65,42.94,0
6/20/2019 12:00:00 AM,145.58,44.04,45.75,48.12,51.72,43.34,0
6/19/2019 12:00:00 AM,148.61,45.93,48.17,48.67,51.77,43.77,0
6/18/2019 12:00:00 AM,151.33,47.83,50.33,49.21,51.79,44.61,0
6/17/2019 12:00:00 AM,152.93,49.06,51.46,49.67,51.79,46.91,0
6/16/2019 12:00:00 AM,154.13,50.33,52.32,50.06,51.75,48.4,0
6/15/2019 12:00:00 AM,145.86,48.46,49.21,47.47,49.17,44.67,0.783
6/14/2019 12:00:00 AM,116.29,35.61,30.65,38.41,47.23,41.44,0.397
6/13/2019 12:00:00 AM,116.61,35.98,30.69,38.67,47.25,41.29,0
6/12/2019 12:00:00 AM,117.09,36.43,30.89,38.95,47.25,41.17,0.107
6/11/2019 12:00:00 AM,118,37.22,31.39,39.27,47.34,41.12,0
6/10/2019 12:00:00 AM,118.99,37.86,31.92,39.61,47.45,41.2,0
6/9/2019 12:00:00 AM,120.21,38.46,32.55,40.1,47.56,41.47,0
6/8/2019 12:00:00 AM,121.9,39.24,33.37,40.89,47.64,41.77,0
6/7/2019 12:00:00 AM,123.9,40.38,34.44,41.83,47.62,41.98,0
6/6/2019 12:00:00 AM,126.06,41.64,35.76,42.78,47.51,42.58,0
6/5/2019 12:00:00 AM,128.22,42.68,37.29,43.6,47.32,43.6,0
6/4/2019 12:00:00 AM,130.22,43.38,38.86,44.31,47.04,45,0
6/3/2019 12:00:00 AM,132.29,44.01,40.56,45.05,46.68,46.87,0
6/2/2019 12:00:00 AM,134.48,44.73,42.36,45.86,46.26,47.8,0
6/1/2019 12:00:00 AM,136.77,45.5,44.31,46.62,45.85,48.64,0
5/31/2019 12:00:00 AM,139.16,46.17,46.3,47.32,45.54,48.11,0
5/30/2019 12:00:00 AM,141.01,47.02,47.9,47.81,45.29,47.5,0
5/29/2019 12:00:00 AM,142.32,47.68,49.09,48.07,45.16,47.21,0
5/28/2019 12:00:00 AM,143.13,48.04,49.75,48.25,45.12,44.93,0
5/27/2019 12:00:00 AM,143.97,48.31,50.35,48.51,45.12,42.09,0
5/26/2019 12:00:00 AM,142.39,47.89,49.08,48.29,45.02,41.08,0
5/25/2019 12:00:00 AM,140.05,45.67,47.1,48.03,44.92,40.16,0
5/24/2019 12:00:00 AM,141.39,46.4,48.2,48.32,44.88,39.29,0
5/23/2019 12:00:00 AM,142.3,46.92,48.95,48.46,44.89,38.67,0
