Home Walnuts WS,Irrigation Zone 24"-48",Soil Moisture 12",Soil Moisture 24",Soil Moisture 36",Soil Moisture 48",Soil Moisture 60",Pressure Switch - Calculated
5/22/2020 1:00:00 AM,102.83,16.78,29.74,34.53,38.56,32.58,0
5/22/2020 12:00:00 AM,102.8,16.79,29.73,34.52,38.56,32.56,0
5/21/2020 11:00:00 PM,102.77,16.8,29.7,34.51,38.56,32.55,0
5/21/2020 10:00:00 PM,102.74,16.81,29.67,34.5,38.57,32.53,0
5/21/2020 9:00:00 PM,102.71,16.81,29.65,34.49,38.57,32.52,0
5/21/2020 8:00:00 PM,102.67,16.79,29.62,34.48,38.58,32.5,0
5/21/2020 7:00:00 PM,102.66,16.77,29.6,34.47,38.59,32.5,0
5/21/2020 6:00:00 PM,102.67,16.74,29.59,34.48,38.6,32.5,0
5/21/2020 5:00:00 PM,102.71,16.72,29.61,34.5,38.6,32.51,0
5/21/2020 4:00:00 PM,102.79,16.72,29.64,34.54,38.61,32.53,0
5/21/2020 3:00:00 PM,102.91,16.7,29.7,34.59,38.62,32.56,0
5/21/2020 2:00:00 PM,103.03,16.69,29.76,34.65,38.62,32.59,0
5/21/2020 1:00:00 PM,103.17,16.67,29.83,34.71,38.63,32.63,0
5/21/2020 12:00:00 PM,103.32,16.67,29.91,34.77,38.64,32.67,0
5/21/2020 11:00:00 AM,103.47,16.68,29.99,34.82,38.65,32.71,0
5/21/2020 10:00:00 AM,103.61,16.7,30.08,34.87,38.66,32.74,0
5/21/2020 9:00:00 AM,103.73,16.71,30.16,34.9,38.67,32.76,0
5/21/2020 8:00:00 AM,103.84,16.73,30.24,34.92,38.68,32.78,0
5/21/2020 7:00:00 AM,103.92,16.76,30.3,34.93,38.68,32.77,0
5/21/2020 6:00:00 AM,103.92,16.78,30.3,34.94,38.68,32.76,0
5/21/2020 5:00:00 AM,103.9,16.8,30.29,34.93,38.68,32.75,0
5/21/2020 4:00:00 AM,103.89,16.82,30.27,34.93,38.69,32.74,0
5/21/2020 3:00:00 AM,103.87,16.84,30.26,34.92,38.69,32.73,0
5/21/2020 2:00:00 AM,103.85,16.86,30.24,34.92,38.69,32.71,0
5/21/2020 1:00:00 AM,103.84,16.88,30.23,34.91,38.7,32.7,0
5/21/2020 12:00:00 AM,103.83,16.89,30.22,34.91,38.7,32.69,0
5/20/2020 11:00:00 PM,103.79,16.9,30.19,34.9,38.7,32.67,0
5/20/2020 10:00:00 PM,103.76,16.9,30.16,34.9,38.71,32.66,0
5/20/2020 9:00:00 PM,103.73,16.9,30.13,34.89,38.71,32.64,0
5/20/2020 8:00:00 PM,103.69,16.9,30.1,34.87,38.71,32.63,0
5/20/2020 7:00:00 PM,103.65,16.88,30.07,34.87,38.72,32.62,0
5/20/2020 6:00:00 PM,103.64,16.85,30.05,34.87,38.72,32.61,0
5/20/2020 5:00:00 PM,103.68,16.83,30.06,34.88,38.73,32.62,0
5/20/2020 4:00:00 PM,103.75,16.82,30.09,34.91,38.74,32.64,0
5/20/2020 3:00:00 PM,103.84,16.8,30.14,34.95,38.75,32.66,0
5/20/2020 2:00:00 PM,103.95,16.8,30.2,35,38.75,32.69,0
5/20/2020 1:00:00 PM,104.1,16.8,30.27,35.06,38.77,32.72,0
5/20/2020 12:00:00 PM,104.23,16.81,30.34,35.11,38.78,32.76,0
5/20/2020 11:00:00 AM,104.37,16.83,30.42,35.16,38.79,32.79,0
5/20/2020 10:00:00 AM,104.49,16.84,30.5,35.2,38.79,32.82,0
5/20/2020 9:00:00 AM,104.59,16.86,30.56,35.22,38.8,32.84,0
5/20/2020 8:00:00 AM,104.67,16.88,30.62,35.24,38.81,32.84,0
5/20/2020 7:00:00 AM,104.71,16.89,30.65,35.24,38.82,32.83,0
5/20/2020 6:00:00 AM,104.73,16.92,30.67,35.24,38.82,32.82,0
5/20/2020 5:00:00 AM,104.72,16.94,30.66,35.24,38.82,32.81,0
5/20/2020 4:00:00 AM,104.71,16.95,30.65,35.24,38.82,32.8,0
5/20/2020 3:00:00 AM,104.71,16.97,30.64,35.24,38.83,32.79,0
5/20/2020 2:00:00 AM,104.7,16.98,30.64,35.24,38.83,32.78,0
5/20/2020 1:00:00 AM,104.69,16.99,30.63,35.23,38.83,32.77,0
5/20/2020 12:00:00 AM,104.68,17,30.62,35.23,38.84,32.75,0
5/19/2020 11:00:00 PM,104.66,17.01,30.6,35.22,38.84,32.74,0
5/19/2020 10:00:00 PM,104.65,17.02,30.59,35.22,38.84,32.73,0
5/19/2020 9:00:00 PM,104.63,17.01,30.57,35.21,38.85,32.72,0
5/19/2020 8:00:00 PM,104.59,17,30.54,35.21,38.85,32.7,0
5/19/2020 7:00:00 PM,104.57,16.98,30.52,35.2,38.85,32.69,0
5/19/2020 6:00:00 PM,104.57,16.96,30.51,35.2,38.86,32.69,0
5/19/2020 5:00:00 PM,104.61,16.95,30.53,35.22,38.87,32.7,0
5/19/2020 4:00:00 PM,104.69,16.94,30.56,35.25,38.88,32.71,0
5/19/2020 3:00:00 PM,104.78,16.9,30.61,35.29,38.89,32.74,0
5/19/2020 2:00:00 PM,104.9,16.9,30.67,35.34,38.89,32.77,0
5/19/2020 1:00:00 PM,105.02,16.9,30.73,35.39,38.9,32.81,0
5/19/2020 12:00:00 PM,105.15,16.91,30.8,35.43,38.91,32.84,0
5/19/2020 11:00:00 AM,105.27,16.92,30.88,35.47,38.92,32.87,0
5/19/2020 10:00:00 AM,105.37,16.93,30.94,35.5,38.93,32.89,0
5/19/2020 9:00:00 AM,105.47,16.94,31.02,35.52,38.94,32.9,0
5/19/2020 8:00:00 AM,105.55,16.96,31.08,35.53,38.95,32.9,0
5/19/2020 7:00:00 AM,105.6,16.98,31.12,35.54,38.95,32.89,0
5/19/2020 6:00:00 AM,105.62,17,31.13,35.54,38.95,32.88,0
5/19/2020 5:00:00 AM,105.61,17.01,31.12,35.53,38.96,32.87,0
5/19/2020 4:00:00 AM,105.6,17.02,31.11,35.53,38.96,32.86,0
5/19/2020 3:00:00 AM,105.59,17.04,31.1,35.53,38.96,32.85,0
5/19/2020 2:00:00 AM,105.57,17.05,31.09,35.52,38.96,32.83,0
5/19/2020 1:00:00 AM,105.56,17.07,31.07,35.52,38.96,32.82,0
5/19/2020 12:00:00 AM,105.55,17.09,31.06,35.52,38.96,32.81,0
5/18/2020 11:00:00 PM,105.53,17.1,31.05,35.52,38.97,32.8,0
5/18/2020 10:00:00 PM,105.51,17.12,31.03,35.52,38.97,32.79,0
5/18/2020 9:00:00 PM,105.49,17.14,31.01,35.51,38.97,32.78,0
5/18/2020 8:00:00 PM,105.46,17.15,30.99,35.5,38.97,32.76,0
5/18/2020 7:00:00 PM,105.43,17.15,30.97,35.49,38.97,32.75,0
5/18/2020 6:00:00 PM,105.4,17.14,30.93,35.5,38.97,32.73,0
5/18/2020 5:00:00 PM,105.39,17.14,30.91,35.49,38.98,32.72,0
5/18/2020 4:00:00 PM,105.39,17.13,30.91,35.49,38.99,32.73,0
5/18/2020 3:00:00 PM,105.44,17.13,30.93,35.51,39,32.74,0
5/18/2020 2:00:00 PM,105.54,17.14,30.98,35.55,39.01,32.76,0
5/18/2020 1:00:00 PM,105.63,17.15,31.03,35.59,39.01,32.79,0
5/18/2020 12:00:00 PM,105.72,17.16,31.07,35.62,39.02,32.81,0
5/18/2020 11:00:00 AM,105.83,17.16,31.14,35.66,39.03,32.84,0
5/18/2020 10:00:00 AM,105.94,17.18,31.21,35.69,39.04,32.87,0
5/18/2020 9:00:00 AM,106.05,17.2,31.28,35.72,39.05,32.88,0
5/18/2020 8:00:00 AM,106.13,17.21,31.34,35.73,39.06,32.88,0
5/18/2020 7:00:00 AM,106.17,17.25,31.37,35.74,39.06,32.88,0
5/18/2020 6:00:00 AM,106.16,17.26,31.37,35.73,39.06,32.86,0
5/18/2020 5:00:00 AM,106.15,17.29,31.36,35.73,39.06,32.85,0
5/18/2020 4:00:00 AM,106.13,17.31,31.34,35.72,39.07,32.84,0
5/18/2020 3:00:00 AM,106.1,17.32,31.31,35.71,39.08,32.83,0
5/18/2020 2:00:00 AM,106.07,17.34,31.28,35.71,39.08,32.82,0
5/18/2020 1:00:00 AM,106.06,17.35,31.27,35.71,39.08,32.81,0
5/18/2020 12:00:00 AM,106.04,17.37,31.26,35.7,39.09,32.79,0
5/17/2020 11:00:00 PM,106.03,17.38,31.24,35.7,39.09,32.78,0
5/17/2020 10:00:00 PM,106.01,17.4,31.22,35.69,39.1,32.76,0
5/17/2020 9:00:00 PM,105.98,17.4,31.21,35.68,39.1,32.75,0
5/17/2020 8:00:00 PM,105.96,17.41,31.18,35.67,39.1,32.74,0
5/17/2020 7:00:00 PM,105.93,17.43,31.16,35.67,39.11,32.73,0
5/17/2020 6:00:00 PM,105.96,17.43,31.16,35.68,39.12,32.74,0
5/17/2020 5:00:00 PM,105.99,17.43,31.17,35.69,39.13,32.75,0
5/17/2020 4:00:00 PM,106.04,17.46,31.18,35.72,39.13,32.76,0
5/17/2020 3:00:00 PM,106.16,17.48,31.24,35.78,39.15,32.8,0
5/17/2020 2:00:00 PM,106.32,17.5,31.31,35.85,39.16,32.84,0
5/17/2020 1:00:00 PM,106.47,17.52,31.39,35.91,39.17,32.89,0
5/17/2020 12:00:00 PM,106.61,17.54,31.46,35.97,39.18,32.93,0
5/17/2020 11:00:00 AM,106.75,17.56,31.54,36.02,39.19,32.96,0
5/17/2020 10:00:00 AM,106.9,17.58,31.63,36.06,39.21,32.99,0
5/17/2020 9:00:00 AM,106.96,17.6,31.68,36.07,39.21,32.99,0
5/17/2020 8:00:00 AM,106.99,17.61,31.71,36.07,39.21,32.98,0
5/17/2020 7:00:00 AM,106.99,17.64,31.7,36.07,39.22,32.97,0
5/17/2020 6:00:00 AM,106.98,17.66,31.69,36.07,39.22,32.96,0
5/17/2020 5:00:00 AM,106.96,17.67,31.67,36.06,39.22,32.95,0
5/17/2020 4:00:00 AM,106.97,17.68,31.67,36.06,39.23,32.94,0
5/17/2020 3:00:00 AM,106.96,17.69,31.67,36.06,39.23,32.93,0
5/17/2020 2:00:00 AM,106.96,17.71,31.67,36.05,39.24,32.92,0
5/17/2020 1:00:00 AM,106.95,17.72,31.66,36.04,39.24,32.9,0
5/17/2020 12:00:00 AM,106.92,17.74,31.64,36.04,39.24,32.89,0
5/16/2020 11:00:00 PM,106.89,17.77,31.62,36.03,39.25,32.88,0
5/16/2020 10:00:00 PM,106.87,17.78,31.59,36.02,39.25,32.86,0
5/16/2020 9:00:00 PM,106.83,17.77,31.56,36.01,39.25,32.85,0
5/16/2020 8:00:00 PM,106.81,17.76,31.54,36.01,39.26,32.84,0
5/16/2020 7:00:00 PM,106.79,17.76,31.52,36,39.27,32.83,0
5/16/2020 6:00:00 PM,106.77,17.75,31.49,36,39.27,32.83,0
5/16/2020 5:00:00 PM,106.81,17.74,31.5,36.02,39.28,32.84,0
5/16/2020 4:00:00 PM,106.88,17.75,31.53,36.06,39.3,32.87,0
5/16/2020 3:00:00 PM,106.96,17.75,31.56,36.09,39.31,32.9,0
5/16/2020 2:00:00 PM,107.08,17.77,31.61,36.15,39.32,32.93,0
5/16/2020 1:00:00 PM,107.25,17.79,31.69,36.22,39.33,32.98,0
5/16/2020 12:00:00 PM,107.39,17.82,31.76,36.29,39.34,33.01,0
5/16/2020 11:00:00 AM,107.53,17.84,31.83,36.34,39.36,33.06,0
5/16/2020 10:00:00 AM,107.7,17.86,31.92,36.41,39.37,33.1,0
5/16/2020 9:00:00 AM,107.81,17.89,31.99,36.44,39.38,33.12,0
5/16/2020 8:00:00 AM,107.89,17.91,32.03,36.47,39.39,33.13,0
5/16/2020 7:00:00 AM,107.96,17.93,32.08,36.48,39.4,33.14,0
5/16/2020 6:00:00 AM,107.99,17.97,32.1,36.48,39.4,33.13,0
5/16/2020 5:00:00 AM,108,17.99,32.11,36.48,39.41,33.12,0
5/16/2020 4:00:00 AM,108,18.02,32.11,36.48,39.42,33.11,0
5/16/2020 3:00:00 AM,108,18.02,32.11,36.48,39.42,33.1,0
5/16/2020 2:00:00 AM,108,18.03,32.1,36.47,39.42,33.09,0
5/16/2020 1:00:00 AM,107.99,18.03,32.09,36.47,39.42,33.08,0
5/16/2020 12:00:00 AM,107.98,18.05,32.08,36.47,39.43,33.06,0
5/15/2020 11:00:00 PM,107.96,18.07,32.07,36.46,39.43,33.05,0
5/15/2020 10:00:00 PM,107.95,18.07,32.05,36.46,39.44,33.04,0
5/15/2020 9:00:00 PM,107.93,18.08,32.04,36.45,39.44,33.03,0
5/15/2020 8:00:00 PM,107.91,18.07,32.02,36.44,39.45,33.02,0
5/15/2020 7:00:00 PM,107.89,18.07,32,36.44,39.45,33.01,0
5/15/2020 6:00:00 PM,107.87,18.03,31.98,36.43,39.46,33,0
5/15/2020 5:00:00 PM,107.89,18.01,31.98,36.45,39.47,33.01,0
5/15/2020 4:00:00 PM,107.97,18,32,36.48,39.48,33.03,0
5/15/2020 3:00:00 PM,108.07,18,32.05,36.54,39.49,33.07,0
5/15/2020 2:00:00 PM,108.19,18.01,32.1,36.58,39.5,33.1,0
5/15/2020 1:00:00 PM,108.31,18.02,32.16,36.64,39.51,33.13,0
5/15/2020 12:00:00 PM,108.43,18.03,32.22,36.69,39.53,33.17,0
5/15/2020 11:00:00 AM,108.56,18.06,32.28,36.74,39.54,33.21,0
5/15/2020 10:00:00 AM,108.71,18.08,32.36,36.79,39.56,33.25,0
5/15/2020 9:00:00 AM,108.81,18.1,32.43,36.82,39.57,33.26,0
5/15/2020 8:00:00 AM,108.88,18.12,32.47,36.83,39.58,33.26,0
5/15/2020 7:00:00 AM,108.91,18.14,32.49,36.84,39.58,33.25,0
5/15/2020 6:00:00 AM,108.92,18.16,32.49,36.84,39.58,33.24,0
5/15/2020 5:00:00 AM,108.91,18.18,32.48,36.83,39.59,33.22,0
5/15/2020 4:00:00 AM,108.9,18.19,32.48,36.83,39.59,33.22,0
5/15/2020 3:00:00 AM,108.89,18.21,32.47,36.83,39.59,33.2,0
5/15/2020 2:00:00 AM,108.89,18.22,32.46,36.83,39.6,33.19,0
5/15/2020 1:00:00 AM,108.87,18.23,32.45,36.82,39.6,33.18,0
5/15/2020 12:00:00 AM,108.86,18.23,32.44,36.82,39.6,33.17,0
5/14/2020 11:00:00 PM,108.84,18.24,32.43,36.82,39.6,33.16,0
5/14/2020 10:00:00 PM,108.85,18.23,32.42,36.82,39.61,33.15,0
5/14/2020 9:00:00 PM,108.84,18.23,32.42,36.81,39.61,33.14,0
5/14/2020 8:00:00 PM,108.84,18.23,32.42,36.81,39.62,33.13,0
5/14/2020 7:00:00 PM,108.83,18.21,32.4,36.81,39.62,33.12,0
5/14/2020 6:00:00 PM,108.83,18.2,32.4,36.81,39.62,33.12,0
5/14/2020 5:00:00 PM,108.84,18.19,32.4,36.81,39.63,33.12,0
5/14/2020 4:00:00 PM,108.9,18.2,32.42,36.84,39.64,33.13,0
5/14/2020 3:00:00 PM,108.99,18.2,32.46,36.88,39.65,33.16,0
5/14/2020 2:00:00 PM,109.09,18.21,32.5,36.92,39.66,33.2,0
5/14/2020 1:00:00 PM,109.19,18.23,32.55,36.96,39.68,33.22,0
5/14/2020 12:00:00 PM,109.31,18.24,32.61,37.01,39.69,33.25,0
5/14/2020 11:00:00 AM,109.41,18.27,32.67,37.04,39.7,33.28,0
5/14/2020 10:00:00 AM,109.5,18.29,32.72,37.07,39.71,33.29,0
5/14/2020 9:00:00 AM,109.56,18.31,32.75,37.09,39.72,33.29,0
5/14/2020 8:00:00 AM,109.61,18.33,32.78,37.1,39.73,33.28,0
5/14/2020 7:00:00 AM,109.63,18.34,32.79,37.1,39.73,33.27,0
5/14/2020 6:00:00 AM,109.64,18.37,32.8,37.1,39.74,33.27,0
5/14/2020 5:00:00 AM,109.65,18.38,32.81,37.1,39.74,33.26,0
5/14/2020 4:00:00 AM,109.65,18.39,32.81,37.1,39.74,33.25,0
5/14/2020 3:00:00 AM,109.65,18.4,32.81,37.1,39.75,33.24,0
5/14/2020 2:00:00 AM,109.66,18.41,32.82,37.1,39.75,33.22,0
5/14/2020 1:00:00 AM,109.66,18.43,32.82,37.1,39.75,33.21,0
5/14/2020 12:00:00 AM,109.67,18.44,32.82,37.1,39.75,33.2,0
5/13/2020 11:00:00 PM,109.67,18.44,32.82,37.1,39.75,33.19,0
5/13/2020 10:00:00 PM,109.67,18.45,32.82,37.09,39.76,33.18,0
5/13/2020 9:00:00 PM,109.66,18.45,32.82,37.09,39.76,33.17,0
5/13/2020 8:00:00 PM,109.66,18.45,32.81,37.09,39.77,33.16,0
5/13/2020 7:00:00 PM,109.65,18.45,32.8,37.08,39.77,33.15,0
5/13/2020 6:00:00 PM,109.65,18.45,32.8,37.08,39.77,33.14,0
5/13/2020 5:00:00 PM,109.67,18.45,32.8,37.09,39.78,33.14,0
5/13/2020 4:00:00 PM,109.7,18.46,32.81,37.1,39.79,33.15,0
5/13/2020 3:00:00 PM,109.77,18.47,32.85,37.12,39.8,33.16,0
5/13/2020 2:00:00 PM,109.82,18.48,32.87,37.14,39.81,33.17,0
5/13/2020 1:00:00 PM,109.86,18.49,32.89,37.16,39.81,33.18,0
5/13/2020 12:00:00 PM,109.98,18.51,32.95,37.2,39.83,33.21,0
5/13/2020 11:00:00 AM,110.06,18.53,32.99,37.23,39.84,33.23,0
5/13/2020 10:00:00 AM,110.15,18.56,33.04,37.26,39.85,33.24,0
5/13/2020 9:00:00 AM,110.23,18.58,33.09,37.29,39.86,33.25,0
5/13/2020 8:00:00 AM,110.32,18.61,33.14,37.31,39.87,33.25,0
5/13/2020 7:00:00 AM,110.36,18.63,33.17,37.32,39.87,33.24,0
5/13/2020 6:00:00 AM,110.37,18.65,33.18,37.32,39.88,33.23,0
5/13/2020 5:00:00 AM,110.37,18.67,33.18,37.32,39.88,33.21,0
5/13/2020 4:00:00 AM,110.36,18.69,33.17,37.32,39.88,33.2,0
5/13/2020 3:00:00 AM,110.36,18.71,33.17,37.31,39.88,33.19,0
5/13/2020 2:00:00 AM,110.35,18.74,33.16,37.31,39.88,33.18,0
5/13/2020 1:00:00 AM,110.36,18.76,33.16,37.31,39.88,33.17,0
5/13/2020 12:00:00 AM,110.36,18.78,33.16,37.31,39.88,33.15,0
5/12/2020 11:00:00 PM,110.36,18.8,33.16,37.3,39.89,33.14,0
5/12/2020 10:00:00 PM,110.36,18.82,33.16,37.3,39.89,33.13,0
5/12/2020 9:00:00 PM,110.34,18.83,33.16,37.29,39.89,33.12,0
5/12/2020 8:00:00 PM,110.33,18.84,33.14,37.29,39.89,33.11,0
5/12/2020 7:00:00 PM,110.33,18.84,33.14,37.29,39.9,33.1,0
5/12/2020 6:00:00 PM,110.34,18.85,33.14,37.29,39.91,33.1,0
5/12/2020 5:00:00 PM,110.38,18.85,33.15,37.31,39.92,33.11,0
5/12/2020 4:00:00 PM,110.42,18.87,33.17,37.33,39.93,33.12,0
5/12/2020 3:00:00 PM,110.5,18.88,33.2,37.36,39.94,33.14,0
5/12/2020 2:00:00 PM,110.6,18.9,33.25,37.4,39.95,33.17,0
5/12/2020 1:00:00 PM,110.73,18.94,33.32,37.45,39.96,33.21,0
5/12/2020 12:00:00 PM,110.83,18.96,33.36,37.49,39.97,33.24,0
5/12/2020 11:00:00 AM,110.94,18.99,33.43,37.53,39.98,33.27,0
5/12/2020 10:00:00 AM,111.09,19.02,33.51,37.58,40,33.3,0
5/12/2020 9:00:00 AM,111.2,19.04,33.58,37.61,40.01,33.3,0
5/12/2020 8:00:00 AM,111.25,19.06,33.62,37.62,40.02,33.29,0
5/12/2020 7:00:00 AM,111.26,19.08,33.63,37.61,40.02,33.28,0
5/12/2020 6:00:00 AM,111.26,19.1,33.63,37.61,40.02,33.27,0
5/12/2020 5:00:00 AM,111.26,19.12,33.64,37.61,40.02,33.26,0
5/12/2020 4:00:00 AM,111.26,19.14,33.64,37.6,40.02,33.25,0
5/12/2020 3:00:00 AM,111.25,19.16,33.63,37.6,40.02,33.24,0
5/12/2020 2:00:00 AM,111.24,19.19,33.63,37.59,40.02,33.22,0
5/12/2020 1:00:00 AM,111.23,19.22,33.63,37.59,40.02,33.21,0
5/12/2020 12:00:00 AM,111.22,19.24,33.62,37.58,40.02,33.2,0
5/11/2020 11:00:00 PM,111.21,19.26,33.62,37.57,40.02,33.19,0
5/11/2020 10:00:00 PM,111.19,19.28,33.6,37.57,40.02,33.17,0
5/11/2020 9:00:00 PM,111.18,19.3,33.59,37.57,40.02,33.16,0
5/11/2020 8:00:00 PM,111.16,19.31,33.58,37.56,40.03,33.15,0
5/11/2020 7:00:00 PM,111.13,19.32,33.56,37.55,40.03,33.13,0
5/11/2020 6:00:00 PM,111.1,19.33,33.53,37.54,40.02,33.12,0
5/11/2020 5:00:00 PM,111.05,19.34,33.5,37.53,40.02,33.12,0
5/11/2020 4:00:00 PM,111.1,19.36,33.52,37.55,40.03,33.12,0
5/11/2020 3:00:00 PM,111.13,19.37,33.53,37.56,40.04,33.12,0
5/11/2020 2:00:00 PM,111.16,19.39,33.54,37.57,40.05,33.13,0
5/11/2020 1:00:00 PM,111.22,19.42,33.57,37.6,40.06,33.15,0
5/11/2020 12:00:00 PM,111.3,19.45,33.61,37.63,40.07,33.18,0
5/11/2020 11:00:00 AM,111.43,19.49,33.67,37.68,40.08,33.22,0
5/11/2020 10:00:00 AM,111.56,19.54,33.74,37.72,40.09,33.25,0
5/11/2020 9:00:00 AM,111.68,19.57,33.82,37.76,40.1,33.28,0
5/11/2020 8:00:00 AM,111.77,19.58,33.87,37.79,40.11,33.28,0
5/11/2020 7:00:00 AM,111.82,19.61,33.91,37.8,40.12,33.27,0
5/11/2020 6:00:00 AM,111.85,19.63,33.92,37.8,40.13,33.26,0
5/11/2020 5:00:00 AM,111.85,19.65,33.93,37.8,40.13,33.25,0
5/11/2020 4:00:00 AM,111.84,19.69,33.92,37.79,40.13,33.24,0
5/11/2020 3:00:00 AM,111.84,19.71,33.92,37.79,40.13,33.23,0
5/11/2020 2:00:00 AM,111.84,19.73,33.92,37.78,40.14,33.22,0
5/11/2020 1:00:00 AM,111.83,19.77,33.91,37.78,40.14,33.21,0
5/11/2020 12:00:00 AM,111.82,19.8,33.91,37.77,40.14,33.19,0
5/10/2020 11:00:00 PM,111.81,19.83,33.9,37.76,40.15,33.18,0
5/10/2020 10:00:00 PM,111.79,19.86,33.89,37.75,40.15,33.17,0
5/10/2020 9:00:00 PM,111.77,19.88,33.87,37.74,40.15,33.16,0
5/10/2020 8:00:00 PM,111.74,19.89,33.86,37.73,40.16,33.15,0
5/10/2020 7:00:00 PM,111.72,19.9,33.84,37.72,40.16,33.14,0
5/10/2020 6:00:00 PM,111.71,19.9,33.82,37.72,40.17,33.15,0
5/10/2020 5:00:00 PM,111.77,19.9,33.83,37.75,40.18,33.17,0
5/10/2020 4:00:00 PM,111.85,19.92,33.87,37.79,40.19,33.2,0
5/10/2020 3:00:00 PM,111.95,19.94,33.91,37.84,40.2,33.23,0
5/10/2020 2:00:00 PM,112.08,19.97,33.97,37.9,40.22,33.27,0
5/10/2020 1:00:00 PM,112.21,20.01,34.03,37.95,40.23,33.31,0
5/10/2020 12:00:00 PM,112.34,20.05,34.09,38,40.24,33.35,0
5/10/2020 11:00:00 AM,112.47,20.08,34.16,38.05,40.26,33.39,0
5/10/2020 10:00:00 AM,112.58,20.12,34.23,38.09,40.27,33.41,0
5/10/2020 9:00:00 AM,112.7,20.14,34.29,38.12,40.28,33.42,0
5/10/2020 8:00:00 AM,112.76,20.17,34.33,38.14,40.29,33.42,0
5/10/2020 7:00:00 AM,112.79,20.2,34.35,38.15,40.3,33.41,0
5/10/2020 6:00:00 AM,112.81,20.22,34.36,38.15,40.3,33.4,0
5/10/2020 5:00:00 AM,112.81,20.25,34.35,38.15,40.31,33.38,0
5/10/2020 4:00:00 AM,112.8,20.29,34.35,38.14,40.31,33.37,0
5/10/2020 3:00:00 AM,112.79,20.33,34.34,38.14,40.31,33.37,0
5/10/2020 2:00:00 AM,112.79,20.37,34.34,38.13,40.31,33.36,0
5/10/2020 1:00:00 AM,112.77,20.4,34.33,38.13,40.31,33.35,0
5/10/2020 12:00:00 AM,112.76,20.43,34.32,38.12,40.32,33.34,0
5/9/2020 11:00:00 PM,112.73,20.47,34.31,38.1,40.32,33.33,0
5/9/2020 10:00:00 PM,112.71,20.5,34.29,38.09,40.32,33.32,0
5/9/2020 9:00:00 PM,112.68,20.51,34.27,38.08,40.33,33.31,0
5/9/2020 8:00:00 PM,112.65,20.53,34.25,38.07,40.33,33.3,0
5/9/2020 7:00:00 PM,112.63,20.52,34.22,38.07,40.34,33.3,0
5/9/2020 6:00:00 PM,112.66,20.52,34.22,38.09,40.35,33.32,0
5/9/2020 5:00:00 PM,112.71,20.51,34.23,38.12,40.36,33.35,0
5/9/2020 4:00:00 PM,112.81,20.53,34.27,38.17,40.38,33.39,0
5/9/2020 3:00:00 PM,112.95,20.55,34.32,38.24,40.39,33.44,0
5/9/2020 2:00:00 PM,113.08,20.58,34.38,38.3,40.41,33.48,0
5/9/2020 1:00:00 PM,113.22,20.62,34.43,38.37,40.42,33.52,0
5/9/2020 12:00:00 PM,113.37,20.66,34.49,38.44,40.44,33.56,0
5/9/2020 11:00:00 AM,113.51,20.69,34.56,38.5,40.45,33.6,0
5/9/2020 10:00:00 AM,113.68,20.73,34.64,38.57,40.47,33.65,0
5/9/2020 9:00:00 AM,113.8,20.75,34.71,38.61,40.48,33.67,0
5/9/2020 8:00:00 AM,113.9,20.77,34.76,38.64,40.5,33.67,0
5/9/2020 7:00:00 AM,113.97,20.8,34.8,38.66,40.51,33.67,0
5/9/2020 6:00:00 AM,113.98,20.82,34.81,38.66,40.51,33.66,0
5/9/2020 5:00:00 AM,113.97,20.86,34.8,38.66,40.51,33.65,0
5/9/2020 4:00:00 AM,113.96,20.9,34.8,38.65,40.51,33.65,0
5/9/2020 3:00:00 AM,113.94,20.94,34.79,38.64,40.52,33.64,0
5/9/2020 2:00:00 AM,113.93,20.97,34.79,38.63,40.52,33.63,0
5/9/2020 1:00:00 AM,113.93,21.01,34.78,38.63,40.52,33.62,0
5/9/2020 12:00:00 AM,113.91,21.04,34.77,38.62,40.53,33.61,0
5/8/2020 11:00:00 PM,113.89,21.07,34.76,38.61,40.53,33.6,0
5/8/2020 10:00:00 PM,113.87,21.09,34.75,38.6,40.53,33.59,0
5/8/2020 9:00:00 PM,113.86,21.1,34.73,38.6,40.53,33.58,0
5/8/2020 8:00:00 PM,113.84,21.11,34.72,38.59,40.53,33.58,0
5/8/2020 7:00:00 PM,113.82,21.11,34.7,38.58,40.54,33.57,0
5/8/2020 6:00:00 PM,113.81,21.1,34.68,38.59,40.54,33.58,0
5/8/2020 5:00:00 PM,113.87,21.1,34.7,38.62,40.56,33.61,0
5/8/2020 4:00:00 PM,113.93,21.1,34.72,38.65,40.57,33.63,0
5/8/2020 3:00:00 PM,114.02,21.1,34.74,38.7,40.58,33.67,0
5/8/2020 2:00:00 PM,114.15,21.13,34.79,38.76,40.6,33.71,0
5/8/2020 1:00:00 PM,114.28,21.16,34.84,38.82,40.62,33.75,0
5/8/2020 12:00:00 PM,114.42,21.19,34.9,38.88,40.63,33.79,0
5/8/2020 11:00:00 AM,114.58,21.22,34.97,38.95,40.65,33.84,0
5/8/2020 10:00:00 AM,114.72,21.25,35.04,39.01,40.67,33.88,0
5/8/2020 9:00:00 AM,114.85,21.28,35.1,39.06,40.68,33.9,0
5/8/2020 8:00:00 AM,114.97,21.29,35.17,39.1,40.7,33.91,0
5/8/2020 7:00:00 AM,115.02,21.32,35.2,39.11,40.71,33.9,0
5/8/2020 6:00:00 AM,115.02,21.35,35.2,39.11,40.71,33.89,0
5/8/2020 5:00:00 AM,115,21.37,35.19,39.1,40.71,33.88,0
5/8/2020 4:00:00 AM,115,21.4,35.19,39.1,40.71,33.88,0
5/8/2020 3:00:00 AM,114.98,21.44,35.18,39.09,40.71,33.87,0
5/8/2020 2:00:00 AM,114.97,21.48,35.17,39.08,40.72,33.86,0
5/8/2020 1:00:00 AM,114.96,21.53,35.17,39.07,40.72,33.85,0
5/8/2020 12:00:00 AM,114.94,21.57,35.16,39.06,40.72,33.85,0
5/7/2020 11:00:00 PM,114.92,21.61,35.14,39.05,40.72,33.84,0
5/7/2020 10:00:00 PM,114.91,21.62,35.13,39.05,40.73,33.83,0
5/7/2020 9:00:00 PM,114.89,21.65,35.12,39.04,40.73,33.82,0
5/7/2020 8:00:00 PM,114.88,21.66,35.11,39.03,40.73,33.82,0
5/7/2020 7:00:00 PM,114.86,21.65,35.09,39.03,40.74,33.82,0
5/7/2020 6:00:00 PM,114.86,21.63,35.08,39.04,40.75,33.83,0
5/7/2020 5:00:00 PM,114.91,21.6,35.08,39.07,40.76,33.85,0
5/7/2020 4:00:00 PM,114.99,21.61,35.1,39.11,40.78,33.89,0
5/7/2020 3:00:00 PM,115.1,21.62,35.15,39.16,40.8,33.93,0
5/7/2020 2:00:00 PM,115.23,21.65,35.19,39.22,40.81,33.97,0
5/7/2020 1:00:00 PM,115.35,21.68,35.24,39.28,40.83,34.01,0
5/7/2020 12:00:00 PM,115.5,21.72,35.31,39.35,40.84,34.05,0
5/7/2020 11:00:00 AM,115.63,21.75,35.37,39.4,40.86,34.09,0
5/7/2020 10:00:00 AM,115.75,21.79,35.42,39.45,40.88,34.13,0
5/7/2020 9:00:00 AM,115.86,21.81,35.48,39.5,40.89,34.15,0
5/7/2020 8:00:00 AM,115.96,21.83,35.52,39.53,40.9,34.16,0
5/7/2020 7:00:00 AM,116.03,21.87,35.56,39.56,40.92,34.16,0
5/7/2020 6:00:00 AM,116.05,21.91,35.57,39.56,40.92,34.15,0
5/7/2020 5:00:00 AM,116.06,21.95,35.57,39.56,40.93,34.15,0
5/7/2020 4:00:00 AM,116.07,22,35.57,39.56,40.93,34.14,0
5/7/2020 3:00:00 AM,116.07,22.02,35.57,39.56,40.94,34.14,0
5/7/2020 2:00:00 AM,116.08,22.06,35.58,39.56,40.94,34.13,0
5/7/2020 1:00:00 AM,116.08,22.09,35.58,39.56,40.94,34.13,0
5/7/2020 12:00:00 AM,116.08,22.12,35.58,39.56,40.95,34.12,0
5/6/2020 11:00:00 PM,116.08,22.15,35.57,39.55,40.95,34.11,0
5/6/2020 10:00:00 PM,116.07,22.16,35.57,39.54,40.96,34.1,0
5/6/2020 9:00:00 PM,116.06,22.18,35.56,39.54,40.96,34.1,0
5/6/2020 8:00:00 PM,116.05,22.19,35.54,39.54,40.97,34.1,0
5/6/2020 7:00:00 PM,116.04,22.18,35.53,39.54,40.97,34.1,0
5/6/2020 6:00:00 PM,116.07,22.17,35.53,39.55,40.98,34.11,0
5/6/2020 5:00:00 PM,116.12,22.16,35.54,39.58,41,34.13,0
5/6/2020 4:00:00 PM,116.21,22.18,35.57,39.62,41.01,34.16,0
5/6/2020 3:00:00 PM,116.31,22.19,35.6,39.67,41.03,34.2,0
5/6/2020 2:00:00 PM,116.41,22.22,35.65,39.72,41.05,34.24,0
5/6/2020 1:00:00 PM,116.54,22.27,35.7,39.78,41.07,34.27,0
5/6/2020 12:00:00 PM,116.65,22.31,35.74,39.83,41.08,34.3,0
5/6/2020 11:00:00 AM,116.76,22.37,35.79,39.87,41.1,34.34,0
5/6/2020 10:00:00 AM,116.89,22.43,35.85,39.92,41.12,34.37,0
5/6/2020 9:00:00 AM,116.98,22.47,35.9,39.95,41.13,34.39,0
5/6/2020 8:00:00 AM,117.09,22.49,35.95,39.99,41.15,34.39,0
5/6/2020 7:00:00 AM,117.15,22.51,35.98,40.01,41.15,34.39,0
5/6/2020 6:00:00 AM,117.16,22.53,35.98,40.01,41.16,34.38,0
5/6/2020 5:00:00 AM,117.16,22.56,35.98,40.01,41.16,34.38,0
5/6/2020 4:00:00 AM,117.16,22.63,35.98,40.01,41.16,34.37,0
5/6/2020 3:00:00 AM,117.15,22.67,35.98,40.01,41.16,34.37,0
5/6/2020 2:00:00 AM,117.14,22.7,35.97,40,41.16,34.36,0
5/6/2020 1:00:00 AM,117.14,22.73,35.97,40,41.17,34.35,0
5/6/2020 12:00:00 AM,117.13,22.75,35.97,39.99,41.17,34.35,0
5/5/2020 11:00:00 PM,117.12,22.78,35.97,39.99,41.17,34.34,0
5/5/2020 10:00:00 PM,117.11,22.8,35.96,39.98,41.18,34.34,0
5/5/2020 9:00:00 PM,117.1,22.8,35.95,39.97,41.18,34.33,0
5/5/2020 8:00:00 PM,117.09,22.8,35.94,39.97,41.18,34.33,0
5/5/2020 7:00:00 PM,117.1,22.79,35.93,39.97,41.19,34.33,0
5/5/2020 6:00:00 PM,117.12,22.77,35.93,39.99,41.2,34.34,0
5/5/2020 5:00:00 PM,117.17,22.76,35.95,40.01,41.22,34.36,0
5/5/2020 4:00:00 PM,117.25,22.77,35.97,40.04,41.24,34.39,0
5/5/2020 3:00:00 PM,117.34,22.77,36,40.09,41.25,34.42,0
5/5/2020 2:00:00 PM,117.45,22.79,36.05,40.13,41.27,34.46,0
5/5/2020 1:00:00 PM,117.57,22.82,36.1,40.18,41.29,34.49,0
5/5/2020 12:00:00 PM,117.67,22.84,36.14,40.23,41.3,34.52,0
5/5/2020 11:00:00 AM,117.8,22.86,36.2,40.27,41.33,34.55,0
5/5/2020 10:00:00 AM,117.92,22.89,36.25,40.32,41.35,34.58,0
5/5/2020 9:00:00 AM,118.01,22.91,36.29,40.36,41.36,34.59,0
5/5/2020 8:00:00 AM,118.09,22.92,36.33,40.39,41.38,34.59,0
5/5/2020 7:00:00 AM,118.16,22.94,36.35,40.42,41.39,34.58,0
5/5/2020 6:00:00 AM,118.18,22.95,36.37,40.42,41.4,34.57,0
5/5/2020 5:00:00 AM,118.18,22.98,36.37,40.42,41.4,34.57,0
5/5/2020 4:00:00 AM,118.18,23.02,36.38,40.41,41.4,34.57,0
5/5/2020 3:00:00 AM,118.19,23.07,36.38,40.4,41.4,34.56,0
5/5/2020 2:00:00 AM,118.19,23.11,36.38,40.4,41.4,34.56,0
5/5/2020 1:00:00 AM,118.19,23.16,36.38,40.4,41.4,34.56,0
5/5/2020 12:00:00 AM,118.19,23.19,36.38,40.4,41.4,34.55,0
5/4/2020 11:00:00 PM,118.18,23.23,36.38,40.39,41.4,34.55,0
5/4/2020 10:00:00 PM,118.17,23.26,36.38,40.38,41.41,34.54,0
5/4/2020 9:00:00 PM,118.16,23.28,36.37,40.38,41.41,34.54,0
5/4/2020 8:00:00 PM,118.15,23.29,36.36,40.38,41.41,34.53,0
5/4/2020 7:00:00 PM,118.15,23.3,36.36,40.37,41.42,34.53,0
5/4/2020 6:00:00 PM,118.16,23.29,36.35,40.38,41.43,34.54,0
5/4/2020 5:00:00 PM,118.2,23.27,36.36,40.39,41.44,34.55,0
5/4/2020 4:00:00 PM,118.27,23.28,36.39,40.42,41.46,34.57,0
5/4/2020 3:00:00 PM,118.34,23.28,36.41,40.46,41.47,34.59,0
5/4/2020 2:00:00 PM,118.45,23.3,36.45,40.51,41.49,34.63,0
5/4/2020 1:00:00 PM,118.56,23.32,36.49,40.55,41.51,34.65,0
5/4/2020 12:00:00 PM,118.65,23.34,36.53,40.59,41.53,34.68,0
5/4/2020 11:00:00 AM,118.75,23.37,36.58,40.62,41.55,34.7,0
5/4/2020 10:00:00 AM,118.85,23.4,36.62,40.66,41.57,34.72,0
5/4/2020 9:00:00 AM,118.96,23.43,36.67,40.71,41.59,34.72,0
5/4/2020 8:00:00 AM,119.05,23.45,36.7,40.74,41.6,34.72,0
5/4/2020 7:00:00 AM,119.09,23.46,36.72,40.76,41.61,34.72,0
5/4/2020 6:00:00 AM,119.08,23.46,36.73,40.75,41.61,34.71,0
5/4/2020 5:00:00 AM,119.08,23.48,36.73,40.74,41.61,34.71,0
5/4/2020 4:00:00 AM,119.08,23.52,36.73,40.74,41.61,34.7,0
5/4/2020 3:00:00 AM,119.07,23.54,36.73,40.73,41.61,34.7,0
5/4/2020 2:00:00 AM,119.07,23.58,36.74,40.73,41.61,34.69,0
5/4/2020 1:00:00 AM,119.07,23.64,36.74,40.72,41.61,34.69,0
5/4/2020 12:00:00 AM,119.07,23.68,36.74,40.72,41.61,34.69,0
5/3/2020 11:00:00 PM,119.07,23.72,36.74,40.71,41.62,34.69,0
5/3/2020 10:00:00 PM,119.06,23.76,36.74,40.71,41.62,34.68,0
5/3/2020 9:00:00 PM,119.06,23.77,36.74,40.71,41.62,34.68,0
5/3/2020 8:00:00 PM,119.05,23.78,36.73,40.7,41.62,34.67,0
5/3/2020 7:00:00 PM,119.05,23.78,36.72,40.7,41.63,34.67,0
5/3/2020 6:00:00 PM,119.07,23.78,36.72,40.71,41.64,34.67,0
5/3/2020 5:00:00 PM,119.11,23.76,36.73,40.73,41.65,34.69,0
5/3/2020 4:00:00 PM,119.19,23.78,36.75,40.76,41.67,34.71,0
5/3/2020 3:00:00 PM,119.26,23.78,36.78,40.8,41.69,34.73,0
5/3/2020 2:00:00 PM,119.36,23.8,36.82,40.84,41.71,34.76,0
5/3/2020 1:00:00 PM,119.46,23.83,36.85,40.88,41.72,34.78,0
5/3/2020 12:00:00 PM,119.56,23.86,36.9,40.92,41.74,34.8,0
5/3/2020 11:00:00 AM,119.65,23.9,36.93,40.96,41.76,34.82,0
5/3/2020 10:00:00 AM,119.74,23.93,36.97,41,41.78,34.83,0
5/3/2020 9:00:00 AM,119.82,23.95,36.99,41.03,41.79,34.84,0
5/3/2020 8:00:00 AM,119.88,23.99,37.01,41.06,41.81,34.84,0
5/3/2020 7:00:00 AM,119.94,24,37.04,41.08,41.81,34.83,0
5/3/2020 6:00:00 AM,119.98,24.01,37.06,41.09,41.83,34.83,0
5/3/2020 5:00:00 AM,119.98,24.06,37.07,41.08,41.83,34.83,0
5/3/2020 4:00:00 AM,119.98,24.11,37.08,41.08,41.83,34.82,0
5/3/2020 3:00:00 AM,119.99,24.14,37.09,41.08,41.83,34.82,0
5/3/2020 2:00:00 AM,119.98,24.19,37.09,41.07,41.83,34.82,0
5/3/2020 1:00:00 AM,119.97,24.22,37.08,41.06,41.83,34.81,0
5/3/2020 12:00:00 AM,119.97,24.24,37.08,41.06,41.83,34.81,0
5/2/2020 11:00:00 PM,119.97,24.27,37.08,41.06,41.83,34.81,0
5/2/2020 10:00:00 PM,119.97,24.28,37.08,41.06,41.83,34.8,0
5/2/2020 9:00:00 PM,119.97,24.3,37.08,41.05,41.83,34.8,0
5/2/2020 8:00:00 PM,119.96,24.3,37.07,41.05,41.83,34.8,0
5/2/2020 7:00:00 PM,119.97,24.32,37.07,41.06,41.84,34.8,0
5/2/2020 6:00:00 PM,119.99,24.33,37.07,41.07,41.85,34.8,0
5/2/2020 5:00:00 PM,120.03,24.33,37.08,41.09,41.86,34.81,0
5/2/2020 4:00:00 PM,120.1,24.36,37.1,41.12,41.88,34.82,0
5/2/2020 3:00:00 PM,120.18,24.39,37.13,41.15,41.9,34.84,0
5/2/2020 2:00:00 PM,120.27,24.43,37.16,41.19,41.91,34.87,0
5/2/2020 1:00:00 PM,120.37,24.47,37.2,41.24,41.93,34.9,0
5/2/2020 12:00:00 PM,120.48,24.51,37.25,41.28,41.95,34.92,0
5/2/2020 11:00:00 AM,120.57,24.55,37.28,41.31,41.97,34.94,0
5/2/2020 10:00:00 AM,120.66,24.59,37.32,41.35,41.99,34.95,0
5/2/2020 9:00:00 AM,120.73,24.62,37.35,41.38,42,34.95,0
5/2/2020 8:00:00 AM,120.8,24.66,37.38,41.41,42.01,34.94,0
5/2/2020 7:00:00 AM,120.82,24.68,37.39,41.42,42.02,34.94,0
5/2/2020 6:00:00 AM,120.83,24.7,37.39,41.42,42.02,34.93,0
5/2/2020 5:00:00 AM,120.84,24.73,37.4,41.42,42.02,34.93,0
5/2/2020 4:00:00 AM,120.84,24.76,37.4,41.42,42.02,34.92,0
5/2/2020 3:00:00 AM,120.84,24.8,37.4,41.42,42.02,34.92,0
5/2/2020 2:00:00 AM,120.85,24.83,37.41,41.42,42.02,34.92,0
5/2/2020 1:00:00 AM,120.85,24.87,37.41,41.42,42.02,34.92,0
5/2/2020 12:00:00 AM,120.85,24.9,37.41,41.42,42.02,34.92,0
5/1/2020 11:00:00 PM,120.85,24.93,37.41,41.42,42.02,34.91,0
5/1/2020 10:00:00 PM,120.85,24.96,37.41,41.41,42.03,34.91,0
5/1/2020 9:00:00 PM,120.85,24.98,37.41,41.41,42.03,34.9,0
5/1/2020 8:00:00 PM,120.84,24.99,37.4,41.41,42.03,34.9,0
5/1/2020 7:00:00 PM,120.84,24.99,37.39,41.41,42.04,34.9,0
5/1/2020 6:00:00 PM,120.87,24.99,37.4,41.42,42.04,34.9,0
5/1/2020 5:00:00 PM,120.91,24.98,37.41,41.45,42.06,34.92,0
5/1/2020 4:00:00 PM,120.98,24.99,37.43,41.48,42.08,34.93,0
5/1/2020 3:00:00 PM,121.07,25,37.46,41.52,42.09,34.95,0
5/1/2020 2:00:00 PM,121.17,25.01,37.49,41.57,42.11,34.98,0
5/1/2020 1:00:00 PM,121.26,25.05,37.52,41.61,42.13,35,0
5/1/2020 12:00:00 PM,121.35,25.06,37.56,41.64,42.15,35.02,0
5/1/2020 11:00:00 AM,121.46,25.1,37.59,41.69,42.17,35.04,0
5/1/2020 10:00:00 AM,121.54,25.15,37.63,41.73,42.18,35.04,0
5/1/2020 9:00:00 AM,121.6,25.18,37.65,41.76,42.19,35.04,0
5/1/2020 8:00:00 AM,121.66,25.22,37.67,41.78,42.2,35.04,0
5/1/2020 7:00:00 AM,121.69,25.23,37.68,41.8,42.21,35.04,0
5/1/2020 6:00:00 AM,121.7,25.25,37.69,41.8,42.21,35.04,0
5/1/2020 5:00:00 AM,121.71,25.28,37.69,41.8,42.21,35.04,0
5/1/2020 4:00:00 AM,121.72,25.33,37.71,41.79,42.22,35.03,0
5/1/2020 3:00:00 AM,121.72,25.38,37.71,41.79,42.22,35.03,0
5/1/2020 2:00:00 AM,121.74,25.45,37.73,41.79,42.22,35.03,0
5/1/2020 1:00:00 AM,121.75,25.5,37.73,41.79,42.22,35.04,0
5/1/2020 12:00:00 AM,121.76,25.55,37.74,41.79,42.22,35.03,0
4/30/2020 11:00:00 PM,121.75,25.6,37.74,41.79,42.22,35.03,0
4/30/2020 10:00:00 PM,121.75,25.64,37.74,41.79,42.22,35.03,0
4/30/2020 9:00:00 PM,121.75,25.66,37.73,41.79,42.23,35.03,0
4/30/2020 8:00:00 PM,121.76,25.67,37.74,41.8,42.23,35.03,0
4/30/2020 7:00:00 PM,121.78,25.68,37.74,41.81,42.24,35.02,0
4/30/2020 6:00:00 PM,121.81,25.69,37.74,41.83,42.25,35.03,0
4/30/2020 5:00:00 PM,121.87,25.7,37.76,41.86,42.26,35.04,0
4/30/2020 4:00:00 PM,121.94,25.72,37.77,41.89,42.27,35.06,0
4/30/2020 3:00:00 PM,122.02,25.73,37.8,41.94,42.29,35.08,0
4/30/2020 2:00:00 PM,122.13,25.75,37.83,41.99,42.31,35.1,0
4/30/2020 1:00:00 PM,122.23,25.79,37.86,42.04,42.33,35.13,0
4/30/2020 12:00:00 PM,122.32,25.81,37.9,42.08,42.34,35.15,0
4/30/2020 11:00:00 AM,122.43,25.85,37.94,42.14,42.35,35.17,0
4/30/2020 10:00:00 AM,122.53,25.88,37.97,42.19,42.37,35.18,0
4/30/2020 9:00:00 AM,122.62,25.92,38.01,42.23,42.38,35.18,0
4/30/2020 8:00:00 AM,122.66,25.95,38.03,42.24,42.39,35.18,0
4/30/2020 7:00:00 AM,122.69,25.99,38.04,42.25,42.39,35.18,0
4/30/2020 6:00:00 AM,122.68,26.02,38.04,42.25,42.39,35.18,0
4/30/2020 5:00:00 AM,122.68,26.05,38.04,42.25,42.39,35.18,0
4/30/2020 4:00:00 AM,122.68,26.11,38.05,42.24,42.39,35.17,0
4/30/2020 3:00:00 AM,122.67,26.15,38.05,42.23,42.39,35.18,0
4/30/2020 2:00:00 AM,122.67,26.19,38.05,42.23,42.39,35.18,0
4/30/2020 1:00:00 AM,122.68,26.23,38.05,42.23,42.39,35.18,0
4/30/2020 12:00:00 AM,122.67,26.27,38.05,42.23,42.39,35.18,0
4/29/2020 11:00:00 PM,122.67,26.31,38.05,42.23,42.39,35.18,0
4/29/2020 10:00:00 PM,122.68,26.34,38.06,42.23,42.39,35.18,0
4/29/2020 9:00:00 PM,122.67,26.36,38.05,42.23,42.39,35.17,0
4/29/2020 8:00:00 PM,122.67,26.38,38.04,42.23,42.39,35.17,0
4/29/2020 7:00:00 PM,122.68,26.39,38.03,42.24,42.4,35.17,0
4/29/2020 6:00:00 PM,122.71,26.41,38.04,42.27,42.4,35.18,0
4/29/2020 5:00:00 PM,122.75,26.42,38.05,42.29,42.41,35.18,0
4/29/2020 4:00:00 PM,122.84,26.45,38.08,42.34,42.42,35.2,0
4/29/2020 3:00:00 PM,122.93,26.48,38.1,42.39,42.44,35.22,0
4/29/2020 2:00:00 PM,123.03,26.5,38.14,42.44,42.45,35.25,0
4/29/2020 1:00:00 PM,123.13,26.53,38.17,42.49,42.46,35.27,0
4/29/2020 12:00:00 PM,123.21,26.56,38.2,42.54,42.47,35.28,0
4/29/2020 11:00:00 AM,123.3,26.6,38.23,42.58,42.49,35.29,0
4/29/2020 10:00:00 AM,123.38,26.64,38.26,42.63,42.49,35.3,0
4/29/2020 9:00:00 AM,123.43,26.67,38.28,42.65,42.5,35.3,0
4/29/2020 8:00:00 AM,123.48,26.7,38.3,42.67,42.51,35.3,0
4/29/2020 7:00:00 AM,123.5,26.75,38.31,42.69,42.51,35.3,0
4/29/2020 6:00:00 AM,123.51,26.8,38.31,42.69,42.51,35.3,0
4/29/2020 5:00:00 AM,123.51,26.84,38.31,42.69,42.51,35.3,0
4/29/2020 4:00:00 AM,123.52,26.89,38.31,42.69,42.51,35.3,0
4/29/2020 3:00:00 AM,123.51,26.93,38.31,42.69,42.51,35.3,0
4/29/2020 2:00:00 AM,123.51,26.98,38.31,42.69,42.51,35.3,0
4/29/2020 1:00:00 AM,123.51,27.02,38.31,42.69,42.51,35.3,0
4/29/2020 12:00:00 AM,123.51,27.06,38.3,42.7,42.51,35.3,0
4/28/2020 11:00:00 PM,123.51,27.08,38.3,42.7,42.51,35.3,0
4/28/2020 10:00:00 PM,123.51,27.11,38.29,42.7,42.51,35.3,0
4/28/2020 9:00:00 PM,123.5,27.13,38.28,42.7,42.51,35.3,0
4/28/2020 8:00:00 PM,123.5,27.13,38.28,42.71,42.51,35.3,0
4/28/2020 7:00:00 PM,123.51,27.13,38.27,42.72,42.51,35.3,0
4/28/2020 6:00:00 PM,123.53,27.13,38.27,42.74,42.52,35.3,0
4/28/2020 5:00:00 PM,123.57,27.11,38.28,42.77,42.53,35.3,0
4/28/2020 4:00:00 PM,123.66,27.12,38.3,42.82,42.53,35.32,0
4/28/2020 3:00:00 PM,123.76,27.13,38.32,42.89,42.55,35.34,0
4/28/2020 2:00:00 PM,123.86,27.13,38.35,42.94,42.56,35.36,0
4/28/2020 1:00:00 PM,123.97,27.16,38.39,43.01,42.58,35.38,0
4/28/2020 12:00:00 PM,124.07,27.17,38.42,43.06,42.59,35.4,0
4/28/2020 11:00:00 AM,124.17,27.2,38.46,43.11,42.6,35.41,0
4/28/2020 10:00:00 AM,124.25,27.23,38.49,43.16,42.61,35.42,0
4/28/2020 9:00:00 AM,124.32,27.25,38.52,43.19,42.61,35.43,0
4/28/2020 8:00:00 AM,124.4,27.27,38.55,43.22,42.63,35.43,0
4/28/2020 7:00:00 AM,124.43,27.31,38.56,43.24,42.63,35.43,0
4/28/2020 6:00:00 AM,124.43,27.36,38.56,43.24,42.63,35.43,0
4/28/2020 5:00:00 AM,124.43,27.39,38.56,43.24,42.63,35.43,0
4/28/2020 4:00:00 AM,124.44,27.42,38.56,43.24,42.63,35.43,0
4/28/2020 3:00:00 AM,124.45,27.46,38.57,43.25,42.63,35.43,0
4/28/2020 2:00:00 AM,124.45,27.5,38.57,43.25,42.63,35.43,0
4/28/2020 1:00:00 AM,124.45,27.53,38.56,43.25,42.63,35.43,0
4/28/2020 12:00:00 AM,124.45,27.56,38.57,43.26,42.63,35.43,0
4/27/2020 11:00:00 PM,124.46,27.58,38.57,43.26,42.63,35.43,0
4/27/2020 10:00:00 PM,124.45,27.61,38.56,43.26,42.63,35.43,0
4/27/2020 9:00:00 PM,124.46,27.63,38.56,43.26,42.63,35.43,0
4/27/2020 8:00:00 PM,124.45,27.64,38.56,43.26,42.63,35.43,0
4/27/2020 7:00:00 PM,124.46,27.65,38.56,43.27,42.63,35.43,0
4/27/2020 6:00:00 PM,124.47,27.64,38.56,43.28,42.63,35.44,0
4/27/2020 5:00:00 PM,124.51,27.61,38.57,43.31,42.63,35.44,0
4/27/2020 4:00:00 PM,124.58,27.61,38.58,43.35,42.64,35.45,0
4/27/2020 3:00:00 PM,124.65,27.61,38.6,43.39,42.65,35.46,0
4/27/2020 2:00:00 PM,124.73,27.61,38.63,43.44,42.66,35.47,0
4/27/2020 1:00:00 PM,124.81,27.63,38.65,43.48,42.67,35.48,0
4/27/2020 12:00:00 PM,124.86,27.63,38.68,43.5,42.68,35.48,0
4/27/2020 11:00:00 AM,124.94,27.65,38.71,43.54,42.69,35.49,0
4/27/2020 10:00:00 AM,125,27.67,38.74,43.56,42.7,35.49,0
4/27/2020 9:00:00 AM,125.05,27.71,38.76,43.59,42.71,35.48,0
4/27/2020 8:00:00 AM,125.07,27.75,38.76,43.6,42.71,35.48,0
4/27/2020 7:00:00 AM,125.08,27.78,38.77,43.6,42.71,35.48,0
4/27/2020 6:00:00 AM,125.08,27.82,38.76,43.6,42.71,35.48,0
4/27/2020 5:00:00 AM,125.07,27.86,38.76,43.6,42.71,35.48,0
4/27/2020 4:00:00 AM,125.07,27.9,38.76,43.6,42.71,35.48,0
4/27/2020 3:00:00 AM,125.08,27.94,38.77,43.6,42.71,35.49,0
4/27/2020 2:00:00 AM,125.07,28,38.77,43.59,42.71,35.49,0
4/27/2020 1:00:00 AM,125.07,28.05,38.77,43.59,42.71,35.5,0
4/27/2020 12:00:00 AM,125.07,28.08,38.77,43.59,42.71,35.5,0
4/26/2020 11:00:00 PM,125.07,28.12,38.77,43.59,42.71,35.5,0
4/26/2020 10:00:00 PM,125.06,28.16,38.76,43.59,42.7,35.51,0
4/26/2020 9:00:00 PM,125.06,28.17,38.76,43.59,42.7,35.51,0
4/26/2020 8:00:00 PM,125.06,28.18,38.76,43.59,42.7,35.51,0
4/26/2020 7:00:00 PM,125.06,28.19,38.75,43.6,42.7,35.51,0
4/26/2020 6:00:00 PM,125.08,28.18,38.76,43.61,42.7,35.51,0
4/26/2020 5:00:00 PM,125.11,28.15,38.77,43.63,42.71,35.51,0
4/26/2020 4:00:00 PM,125.15,28.14,38.78,43.66,42.71,35.52,0
4/26/2020 3:00:00 PM,125.21,28.13,38.8,43.68,42.72,35.53,0
4/26/2020 2:00:00 PM,125.26,28.1,38.81,43.71,42.74,35.53,0
4/26/2020 1:00:00 PM,125.32,28.12,38.83,43.74,42.74,35.54,0
4/26/2020 12:00:00 PM,125.37,28.12,38.85,43.76,42.75,35.54,0
4/26/2020 11:00:00 AM,125.43,28.13,38.88,43.78,42.76,35.54,0
4/26/2020 10:00:00 AM,125.47,28.14,38.9,43.8,42.77,35.54,0
4/26/2020 9:00:00 AM,125.51,28.15,38.92,43.82,42.78,35.54,0
4/26/2020 8:00:00 AM,125.53,28.19,38.92,43.83,42.78,35.53,0
4/26/2020 7:00:00 AM,125.53,28.23,38.92,43.83,42.78,35.53,0
4/26/2020 6:00:00 AM,125.53,28.27,38.92,43.83,42.78,35.53,0
4/26/2020 5:00:00 AM,125.52,28.31,38.92,43.83,42.78,35.54,0
4/26/2020 4:00:00 AM,125.51,28.36,38.92,43.82,42.78,35.55,0
4/26/2020 3:00:00 AM,125.5,28.4,38.91,43.81,42.78,35.55,0
4/26/2020 2:00:00 AM,125.5,28.44,38.91,43.82,42.78,35.55,0
4/26/2020 1:00:00 AM,125.49,28.49,38.91,43.81,42.78,35.56,0
4/26/2020 12:00:00 AM,125.48,28.52,38.9,43.81,42.78,35.56,0
4/25/2020 11:00:00 PM,125.47,28.54,38.89,43.81,42.77,35.56,0
4/25/2020 10:00:00 PM,125.46,28.57,38.89,43.8,42.77,35.56,0
4/25/2020 9:00:00 PM,125.45,28.58,38.89,43.8,42.77,35.56,0
4/25/2020 8:00:00 PM,125.44,28.6,38.88,43.8,42.76,35.56,0
4/25/2020 7:00:00 PM,125.43,28.61,38.88,43.8,42.76,35.57,0
4/25/2020 6:00:00 PM,125.43,28.6,38.88,43.8,42.76,35.57,0
4/25/2020 5:00:00 PM,125.45,28.57,38.88,43.81,42.76,35.57,0
4/25/2020 4:00:00 PM,125.48,28.56,38.89,43.83,42.77,35.58,0
4/25/2020 3:00:00 PM,125.52,28.54,38.9,43.85,42.77,35.58,0
4/25/2020 2:00:00 PM,125.56,28.52,38.9,43.87,42.78,35.59,0
4/25/2020 1:00:00 PM,125.6,28.53,38.92,43.9,42.79,35.59,0
4/25/2020 12:00:00 PM,125.65,28.52,38.93,43.92,42.8,35.59,0
4/25/2020 11:00:00 AM,125.7,28.53,38.96,43.93,42.81,35.6,0
4/25/2020 10:00:00 AM,125.74,28.53,38.97,43.95,42.81,35.6,0
4/25/2020 9:00:00 AM,125.78,28.55,38.99,43.97,42.82,35.59,0
4/25/2020 8:00:00 AM,125.8,28.57,38.99,43.98,42.83,35.59,0
4/25/2020 7:00:00 AM,125.81,28.61,38.99,43.99,42.83,35.59,0
4/25/2020 6:00:00 AM,125.79,28.66,38.98,43.98,42.83,35.59,0
4/25/2020 5:00:00 AM,125.79,28.7,38.98,43.98,42.83,35.59,0
4/25/2020 4:00:00 AM,125.78,28.74,38.97,43.98,42.83,35.6,0
4/25/2020 3:00:00 AM,125.77,28.78,38.96,43.98,42.83,35.6,0
4/25/2020 2:00:00 AM,125.76,28.82,38.96,43.98,42.83,35.6,0
4/25/2020 1:00:00 AM,125.75,28.86,38.95,43.97,42.82,35.61,0
4/25/2020 12:00:00 AM,125.74,28.9,38.94,43.97,42.82,35.61,0
4/24/2020 11:00:00 PM,125.73,28.93,38.94,43.97,42.82,35.61,0
4/24/2020 10:00:00 PM,125.72,28.95,38.92,43.97,42.82,35.61,0
4/24/2020 9:00:00 PM,125.7,28.97,38.92,43.97,42.82,35.61,0
4/24/2020 8:00:00 PM,125.69,28.96,38.91,43.96,42.81,35.61,0
4/24/2020 7:00:00 PM,125.68,28.95,38.9,43.96,42.81,35.62,0
4/24/2020 6:00:00 PM,125.68,28.91,38.9,43.96,42.81,35.62,0
4/24/2020 5:00:00 PM,125.69,28.86,38.91,43.97,42.81,35.62,0
4/24/2020 4:00:00 PM,125.72,28.83,38.91,43.99,42.82,35.62,0
4/24/2020 3:00:00 PM,125.76,28.8,38.92,44.01,42.83,35.62,0
4/24/2020 2:00:00 PM,125.79,28.78,38.94,44.02,42.83,35.63,0
4/24/2020 1:00:00 PM,125.84,28.78,38.95,44.05,42.84,35.63,0
4/24/2020 12:00:00 PM,125.87,28.77,38.96,44.06,42.85,35.63,0
4/24/2020 11:00:00 AM,125.9,28.77,38.96,44.08,42.86,35.63,0
4/24/2020 10:00:00 AM,125.92,28.77,38.97,44.09,42.86,35.63,0
4/24/2020 9:00:00 AM,125.97,28.77,38.99,44.11,42.87,35.62,0
4/24/2020 8:00:00 AM,125.98,28.78,39,44.11,42.88,35.62,0
4/24/2020 7:00:00 AM,125.99,28.81,38.99,44.12,42.88,35.62,0
4/24/2020 6:00:00 AM,125.99,28.85,38.98,44.12,42.88,35.62,0
4/24/2020 5:00:00 AM,125.98,28.89,38.98,44.12,42.88,35.62,0
4/24/2020 4:00:00 AM,125.98,28.93,38.98,44.12,42.88,35.63,0
4/24/2020 3:00:00 AM,125.97,28.97,38.97,44.12,42.88,35.63,0
4/24/2020 2:00:00 AM,125.97,29,38.97,44.12,42.88,35.63,0
4/24/2020 1:00:00 AM,125.97,29.03,38.97,44.12,42.88,35.64,0
4/24/2020 12:00:00 AM,125.96,29.05,38.96,44.12,42.88,35.64,0
4/23/2020 11:00:00 PM,125.96,29.09,38.96,44.12,42.88,35.64,0
4/23/2020 10:00:00 PM,125.95,29.1,38.95,44.12,42.88,35.64,0
4/23/2020 9:00:00 PM,125.95,29.12,38.95,44.12,42.88,35.64,0
4/23/2020 8:00:00 PM,125.94,29.14,38.94,44.12,42.87,35.64,0
4/23/2020 7:00:00 PM,125.92,29.13,38.94,44.12,42.87,35.65,0
4/23/2020 6:00:00 PM,125.93,29.1,38.93,44.12,42.87,35.65,0
4/23/2020 5:00:00 PM,125.93,29.04,38.93,44.13,42.87,35.65,0
4/23/2020 4:00:00 PM,125.95,29.02,38.94,44.14,42.88,35.65,0
4/23/2020 3:00:00 PM,125.96,28.99,38.94,44.15,42.88,35.65,0
4/23/2020 2:00:00 PM,125.99,28.97,38.94,44.16,42.89,35.65,0
4/23/2020 1:00:00 PM,126.02,28.96,38.95,44.17,42.89,35.65,0
4/23/2020 12:00:00 PM,126.04,28.94,38.95,44.19,42.9,35.65,0
4/23/2020 11:00:00 AM,126.06,28.95,38.96,44.19,42.9,35.65,0
4/23/2020 10:00:00 AM,126.09,28.95,38.97,44.21,42.91,35.65,0
4/23/2020 9:00:00 AM,126.12,28.97,38.98,44.22,42.92,35.65,0
4/23/2020 8:00:00 AM,126.14,28.98,38.99,44.23,42.92,35.64,0
4/23/2020 7:00:00 AM,126.14,28.99,38.99,44.23,42.92,35.64,0
4/23/2020 6:00:00 AM,126.13,29.04,38.98,44.23,42.92,35.64,0
4/23/2020 5:00:00 AM,126.13,29.08,38.97,44.23,42.92,35.64,0
4/23/2020 4:00:00 AM,126.12,29.11,38.97,44.23,42.92,35.64,0
4/23/2020 3:00:00 AM,126.11,29.16,38.96,44.23,42.92,35.65,0
4/23/2020 2:00:00 AM,126.1,29.18,38.95,44.22,42.92,35.65,0
4/23/2020 1:00:00 AM,126.09,29.21,38.94,44.22,42.92,35.65,0
4/23/2020 12:00:00 AM,126.08,29.24,38.94,44.22,42.92,35.65,0
4/22/2020 11:00:00 PM,126.08,29.25,38.93,44.22,42.92,35.65,0
4/22/2020 10:00:00 PM,126.07,29.26,38.92,44.22,42.92,35.65,0
4/22/2020 9:00:00 PM,126.06,29.26,38.92,44.22,42.92,35.65,0
4/22/2020 8:00:00 PM,126.05,29.26,38.91,44.22,42.91,35.65,0
4/22/2020 7:00:00 PM,126.05,29.23,38.91,44.22,42.91,35.65,0
4/22/2020 6:00:00 PM,126.05,29.19,38.91,44.22,42.91,35.65,0
4/22/2020 5:00:00 PM,126.05,29.14,38.91,44.22,42.91,35.65,0
4/22/2020 4:00:00 PM,126.06,29.09,38.91,44.23,42.92,35.65,0
4/22/2020 3:00:00 PM,126.08,29.04,38.92,44.24,42.92,35.64,0
4/22/2020 2:00:00 PM,126.09,28.99,38.92,44.25,42.92,35.64,0
4/22/2020 1:00:00 PM,126.11,28.95,38.92,44.26,42.93,35.63,0
4/22/2020 12:00:00 PM,126.13,28.91,38.92,44.27,42.94,35.63,0
4/22/2020 11:00:00 AM,126.15,28.9,38.93,44.28,42.94,35.63,0
4/22/2020 10:00:00 AM,126.16,28.88,38.93,44.29,42.94,35.62,0
4/22/2020 9:00:00 AM,126.19,28.89,38.94,44.3,42.95,35.62,0
4/22/2020 8:00:00 AM,126.19,28.91,38.94,44.31,42.95,35.62,0
4/22/2020 7:00:00 AM,126.19,28.94,38.93,44.31,42.95,35.62,0
4/22/2020 6:00:00 AM,126.18,28.99,38.93,44.31,42.95,35.62,0
4/22/2020 5:00:00 AM,126.18,29.01,38.93,44.31,42.95,35.62,0
4/22/2020 4:00:00 AM,126.18,29.06,38.93,44.31,42.95,35.62,0
4/22/2020 3:00:00 AM,126.18,29.1,38.93,44.31,42.95,35.63,0
4/22/2020 2:00:00 AM,126.18,29.14,38.93,44.31,42.94,35.63,0
4/22/2020 1:00:00 AM,126.17,29.17,38.92,44.31,42.94,35.63,0
4/22/2020 12:00:00 AM,126.16,29.19,38.92,44.31,42.94,35.63,0
