Sanders East,Soil Moisture 12 in,Soil Moisture 24 in,Soil Moisture 36 in,Soil Moisture 48 in,Soil Moisture 60 in,Pressure On/Off
5/19/2020 4:00:00 AM,19.92,42.15,40.62,60.23,63.83,0
5/19/2020 3:00:00 AM,19.91,42.16,40.62,60.23,63.86,0
5/19/2020 2:00:00 AM,19.96,42.16,40.62,60.23,63.92,0
5/19/2020 1:00:00 AM,20,42.16,40.63,60.22,63.95,0
5/19/2020 12:00:00 AM,20.04,42.15,40.62,60.22,63.97,0
5/18/2020 11:00:00 PM,20.11,42.15,40.59,60.22,64.02,0
5/18/2020 10:00:00 PM,20.14,42.16,40.58,60.21,64.03,0
5/18/2020 9:00:00 PM,20.16,42.17,40.57,60.21,64.05,0
5/18/2020 8:00:00 PM,20.2,42.19,40.57,60.2,64.05,0
5/18/2020 7:00:00 PM,20.23,42.2,40.57,60.21,64.01,0
5/18/2020 6:00:00 PM,20.24,42.22,40.57,60.19,63.96,0
5/18/2020 5:00:00 PM,20.23,42.19,40.56,60.19,63.93,0
5/18/2020 4:00:00 PM,20.25,42.23,40.57,60.16,63.87,0
5/18/2020 3:00:00 PM,20.22,42.25,40.58,60.17,63.84,0
5/18/2020 2:00:00 PM,20.21,42.22,40.59,60.17,63.84,0
5/18/2020 1:00:00 PM,20.2,42.22,40.61,60.18,63.85,0
5/18/2020 12:00:00 PM,20.19,42.26,40.62,60.17,63.88,0
5/18/2020 11:00:00 AM,20.16,42.28,40.64,60.17,63.94,0
5/18/2020 10:00:00 AM,20.18,42.32,40.65,60.18,63.97,0
5/18/2020 9:00:00 AM,20.2,42.34,40.66,60.19,63.97,0
5/18/2020 8:00:00 AM,20.16,42.33,40.67,60.2,63.97,0
5/18/2020 7:00:00 AM,20.15,42.34,40.66,60.2,63.95,0
5/18/2020 6:00:00 AM,20.21,42.35,40.65,60.2,63.92,0
5/18/2020 5:00:00 AM,20.28,42.36,40.65,60.2,63.87,0
5/18/2020 4:00:00 AM,20.45,42.37,40.64,60.19,63.82,0
5/18/2020 3:00:00 AM,20.6,42.36,40.63,60.2,63.76,0
5/18/2020 2:00:00 AM,20.04,42.35,40.63,60.18,63.68,0
5/18/2020 1:00:00 AM,20.06,42.31,40.61,60.18,63.62,0
5/18/2020 12:00:00 AM,20.12,42.31,40.61,60.16,63.59,0
5/17/2020 11:00:00 PM,20.11,42.32,40.59,60.17,63.54,0
5/17/2020 10:00:00 PM,20.12,42.32,40.61,60.14,63.49,0
5/17/2020 9:00:00 PM,20.13,42.32,40.6,60.14,63.47,0
5/17/2020 8:00:00 PM,20.14,42.33,40.59,60.12,63.44,0
5/17/2020 7:00:00 PM,20.23,42.36,40.6,60.12,63.39,0
5/17/2020 6:00:00 PM,20.21,42.39,40.63,60.13,63.34,0
5/17/2020 5:00:00 PM,20.18,42.42,40.64,60.11,63.3,0
5/17/2020 4:00:00 PM,20.2,42.45,40.67,60.11,63.3,0
5/17/2020 3:00:00 PM,20.2,42.48,40.68,60.11,63.24,0
5/17/2020 2:00:00 PM,20.2,42.5,40.69,60.12,63.22,0
5/17/2020 1:00:00 PM,20.17,42.52,40.71,60.12,63.21,0
5/17/2020 12:00:00 PM,20.18,42.54,40.72,60.13,63.2,0
5/17/2020 11:00:00 AM,20.15,42.56,40.72,60.16,63.22,0
5/17/2020 10:00:00 AM,20.14,42.56,40.73,60.18,63.22,0
5/17/2020 9:00:00 AM,20.16,42.56,40.72,60.19,63.2,0
5/17/2020 8:00:00 AM,20.14,42.55,40.71,60.19,63.18,0
5/17/2020 7:00:00 AM,20.15,42.53,40.7,60.18,63.18,0
5/17/2020 6:00:00 AM,20.19,42.5,40.69,60.19,63.17,0
5/17/2020 5:00:00 AM,20.24,42.49,40.68,60.18,63.13,0
5/17/2020 4:00:00 AM,20.29,42.47,40.67,60.19,63.1,0
5/17/2020 3:00:00 AM,20.34,42.44,40.66,60.17,63.08,0
5/17/2020 2:00:00 AM,20.4,42.46,40.65,60.18,63.06,0
5/17/2020 1:00:00 AM,20.43,42.44,40.65,60.18,63.02,0
5/17/2020 12:00:00 AM,20.44,42.44,40.64,60.17,62.99,0
5/16/2020 11:00:00 PM,20.47,42.43,40.64,60.17,62.99,0
5/16/2020 10:00:00 PM,20.51,42.4,40.63,60.16,62.96,0
5/16/2020 9:00:00 PM,20.53,42.38,40.61,60.16,62.95,0
5/16/2020 8:00:00 PM,20.55,42.36,40.62,60.14,62.92,0
5/16/2020 7:00:00 PM,20.58,42.36,40.63,60.13,62.9,0
5/16/2020 6:00:00 PM,20.56,42.35,40.62,60.12,62.89,0
5/16/2020 5:00:00 PM,20.52,42.36,40.63,60.13,62.88,0
5/16/2020 4:00:00 PM,20.47,42.37,40.65,60.12,62.85,0
5/16/2020 3:00:00 PM,20.44,42.39,40.67,60.13,62.85,0
5/16/2020 2:00:00 PM,20.45,42.41,40.7,60.14,62.83,0
5/16/2020 1:00:00 PM,20.38,42.43,40.73,60.17,62.83,0
5/16/2020 12:00:00 PM,20.36,42.45,40.74,60.2,62.85,0
5/16/2020 11:00:00 AM,20.35,42.46,40.76,60.18,62.85,0
5/16/2020 10:00:00 AM,20.28,42.51,40.78,60.19,62.83,0
5/16/2020 9:00:00 AM,20.26,42.53,40.79,60.2,62.85,0
5/16/2020 8:00:00 AM,20.25,42.53,40.79,60.19,62.85,0
5/16/2020 7:00:00 AM,20.21,42.53,40.8,60.19,62.86,0
5/16/2020 6:00:00 AM,20.21,42.54,40.8,60.19,62.85,0
5/16/2020 5:00:00 AM,20.24,42.52,40.81,60.2,62.84,0
5/16/2020 4:00:00 AM,20.29,42.49,40.8,60.2,62.83,0
5/16/2020 3:00:00 AM,20.33,42.46,40.81,60.2,62.81,0
5/16/2020 2:00:00 AM,20.36,42.45,40.8,60.19,62.79,0
5/16/2020 1:00:00 AM,20.43,42.43,40.82,60.19,62.76,0
5/16/2020 12:00:00 AM,20.45,42.45,40.82,60.2,62.74,0
5/15/2020 11:00:00 PM,20.46,42.41,40.83,60.19,62.74,0
5/15/2020 10:00:00 PM,20.48,42.39,40.82,60.19,62.71,0
5/15/2020 9:00:00 PM,20.51,42.38,40.83,60.18,62.69,0
5/15/2020 8:00:00 PM,20.48,42.38,40.8,60.19,62.65,0
5/15/2020 7:00:00 PM,20.48,42.38,40.78,60.19,62.62,0
5/15/2020 6:00:00 PM,20.46,42.38,40.79,60.19,62.6,0
5/15/2020 5:00:00 PM,20.45,42.39,40.82,60.19,62.59,0
5/15/2020 4:00:00 PM,20.41,42.39,40.83,60.19,62.58,0
5/15/2020 3:00:00 PM,20.31,42.42,40.85,60.2,62.56,0
5/15/2020 2:00:00 PM,20.24,42.44,40.87,60.19,62.55,0
5/15/2020 1:00:00 PM,20.22,42.48,40.89,60.2,62.55,0
5/15/2020 12:00:00 PM,20.14,42.51,40.92,60.21,62.55,0
5/15/2020 11:00:00 AM,20.09,42.51,40.97,60.22,62.55,0
5/15/2020 10:00:00 AM,20.06,42.48,40.98,60.22,62.56,0
5/15/2020 9:00:00 AM,20.02,42.48,40.99,60.24,62.55,0
5/15/2020 8:00:00 AM,20,42.49,40.97,60.26,62.56,0
5/15/2020 7:00:00 AM,19.95,42.47,40.97,60.28,62.55,0
5/15/2020 6:00:00 AM,19.94,42.47,40.94,60.28,62.55,0
5/15/2020 5:00:00 AM,19.95,42.47,40.93,60.27,62.53,0
5/15/2020 4:00:00 AM,20,42.5,40.93,60.28,62.5,0
5/15/2020 3:00:00 AM,20,42.5,40.94,60.27,62.48,0
5/15/2020 2:00:00 AM,20.07,42.51,40.94,60.28,62.47,0
5/15/2020 1:00:00 AM,20.08,42.52,40.96,60.26,62.46,0
5/15/2020 12:00:00 AM,20.08,42.53,40.97,60.26,62.45,0
5/14/2020 11:00:00 PM,20.11,42.5,40.97,60.25,62.44,0
5/14/2020 10:00:00 PM,20.12,42.47,40.98,60.26,62.42,0
5/14/2020 9:00:00 PM,20.14,42.47,40.98,60.24,62.4,0
5/14/2020 8:00:00 PM,20.13,42.47,40.98,60.24,62.39,0
5/14/2020 7:00:00 PM,20.13,42.51,40.99,60.25,62.38,0
5/14/2020 6:00:00 PM,20.12,42.51,41.02,60.25,62.36,0
5/14/2020 5:00:00 PM,20.15,42.53,41.03,60.24,62.32,0
5/14/2020 4:00:00 PM,20.1,42.55,41.05,60.24,62.31,0
5/14/2020 3:00:00 PM,20.06,42.6,41.06,60.25,62.3,0
5/14/2020 2:00:00 PM,20.02,42.59,41.09,60.25,62.3,0
5/14/2020 1:00:00 PM,20,42.62,41.11,60.25,62.29,0
5/14/2020 12:00:00 PM,19.97,42.63,41.12,60.24,62.31,0
5/14/2020 11:00:00 AM,19.94,42.6,41.14,60.26,62.33,0
5/14/2020 10:00:00 AM,19.91,42.6,41.14,60.26,62.32,0
5/14/2020 9:00:00 AM,19.88,42.63,41.13,60.27,62.33,0
5/14/2020 8:00:00 AM,19.89,42.64,41.1,60.28,62.34,0
5/14/2020 7:00:00 AM,19.91,42.66,41.09,60.28,62.32,0
5/14/2020 6:00:00 AM,19.91,42.67,41.1,60.28,62.32,0
5/14/2020 5:00:00 AM,19.96,42.67,41.11,60.28,62.31,0
5/14/2020 4:00:00 AM,19.95,42.68,41.12,60.29,62.3,0
5/14/2020 3:00:00 AM,19.94,42.7,41.13,60.29,62.29,0
5/14/2020 2:00:00 AM,19.98,42.68,41.13,60.3,62.28,0
5/14/2020 1:00:00 AM,19.99,42.66,41.14,60.29,62.26,0
5/14/2020 12:00:00 AM,20.04,42.67,41.14,60.29,62.23,0
5/13/2020 11:00:00 PM,20.03,42.69,41.15,60.29,62.21,0
5/13/2020 10:00:00 PM,20.04,42.71,41.09,60.29,62.22,0
5/13/2020 9:00:00 PM,20.07,42.74,41.09,60.29,62.21,0
5/13/2020 8:00:00 PM,20.08,42.77,41.1,60.3,62.2,0
5/13/2020 7:00:00 PM,20.12,42.76,41.1,60.29,62.21,0
5/13/2020 6:00:00 PM,20.11,42.7,41.13,60.31,62.2,0
5/13/2020 5:00:00 PM,20.13,42.74,41.15,60.3,62.21,0
5/13/2020 4:00:00 PM,20.11,42.78,41.15,60.29,62.2,0
5/13/2020 3:00:00 PM,20.13,42.71,41.15,60.3,62.21,0
5/13/2020 2:00:00 PM,20.11,42.73,41.14,60.31,62.2,0
5/13/2020 1:00:00 PM,20.12,42.76,41.15,60.32,62.21,0
5/13/2020 12:00:00 PM,20.09,42.77,41.17,60.33,62.21,0
5/13/2020 11:00:00 AM,20.09,42.78,41.18,60.34,62.21,0
5/13/2020 10:00:00 AM,20.08,42.8,41.19,60.35,62.21,0
5/13/2020 9:00:00 AM,20.06,42.83,41.19,60.35,62.22,0
5/13/2020 8:00:00 AM,20.03,42.84,41.19,60.35,62.2,0
5/13/2020 7:00:00 AM,20.04,42.85,41.21,60.36,62.19,0
5/13/2020 6:00:00 AM,20.07,42.84,41.21,60.36,62.18,0
5/13/2020 5:00:00 AM,20.1,42.82,41.21,60.36,62.15,0
5/13/2020 4:00:00 AM,20.15,42.83,41.21,60.36,62.14,0
5/13/2020 3:00:00 AM,20.15,42.84,41.22,60.37,62.13,0
5/13/2020 2:00:00 AM,20.19,42.87,41.21,60.37,62.12,0
5/13/2020 1:00:00 AM,20.25,42.88,41.21,60.36,62.17,0
5/13/2020 12:00:00 AM,20.21,42.91,41.2,60.36,62.22,0
5/12/2020 11:00:00 PM,20.27,42.9,41.19,60.36,62.21,0
5/12/2020 10:00:00 PM,20.25,42.88,41.19,60.36,62.22,0
5/12/2020 9:00:00 PM,20.28,42.9,41.2,60.36,62.21,0
5/12/2020 8:00:00 PM,20.33,42.92,41.19,60.36,62.21,0
5/12/2020 7:00:00 PM,20.33,42.91,41.21,60.35,62.2,0
5/12/2020 6:00:00 PM,20.41,42.98,41.21,60.35,62.19,0
5/12/2020 5:00:00 PM,20.36,43.01,41.22,60.35,62.2,0
5/12/2020 4:00:00 PM,20.38,43.05,41.23,60.38,62.21,0
5/12/2020 3:00:00 PM,20.34,43.05,41.24,60.38,62.22,0
5/12/2020 2:00:00 PM,20.33,43.04,41.25,60.4,62.21,0
5/12/2020 1:00:00 PM,20.31,43.08,41.25,60.42,62.2,0
5/12/2020 12:00:00 PM,20.29,43.14,41.27,60.43,62.21,0
5/12/2020 11:00:00 AM,20.27,43.17,41.28,60.44,62.23,0
5/12/2020 10:00:00 AM,20.27,43.18,41.28,60.43,62.23,0
5/12/2020 9:00:00 AM,20.26,43.21,41.29,60.44,62.24,0
5/12/2020 8:00:00 AM,20.26,43.2,41.3,60.44,62.24,0
5/12/2020 7:00:00 AM,20.27,43.21,41.29,60.44,62.23,0
5/12/2020 6:00:00 AM,20.27,43.19,41.29,60.45,62.24,0
5/12/2020 5:00:00 AM,20.28,43.21,41.28,60.43,62.24,0
5/12/2020 4:00:00 AM,20.32,43.23,41.28,60.43,62.24,0
5/12/2020 3:00:00 AM,20.35,43.25,41.28,60.43,62.23,0
5/12/2020 2:00:00 AM,20.4,43.26,41.27,60.43,62.23,0
5/12/2020 1:00:00 AM,20.46,43.28,41.26,60.43,62.22,0
5/12/2020 12:00:00 AM,20.51,43.29,41.26,60.42,62.22,0
5/11/2020 11:00:00 PM,20.52,43.28,41.25,60.42,62.21,0
5/11/2020 10:00:00 PM,20.53,43.27,41.24,60.42,62.22,0
5/11/2020 9:00:00 PM,20.54,43.24,41.24,60.41,62.21,0
5/11/2020 8:00:00 PM,20.58,43.24,41.23,60.41,62.2,0
5/11/2020 7:00:00 PM,20.61,43.28,41.23,60.41,62.2,0
5/11/2020 6:00:00 PM,20.63,43.28,41.22,60.43,62.2,0
5/11/2020 5:00:00 PM,20.65,43.29,41.21,60.45,62.2,0
5/11/2020 4:00:00 PM,20.72,43.31,41.19,60.45,62.2,0
5/11/2020 3:00:00 PM,20.72,43.34,41.18,60.44,62.2,0
5/11/2020 2:00:00 PM,20.78,43.39,41.2,60.42,62.2,0
5/11/2020 1:00:00 PM,20.79,43.33,41.22,60.42,62.2,0
5/11/2020 12:00:00 PM,20.77,43.31,41.24,60.41,62.2,0
5/11/2020 11:00:00 AM,20.79,43.33,41.24,60.42,62.21,0
5/11/2020 10:00:00 AM,20.79,43.35,41.26,60.42,62.21,0
5/11/2020 9:00:00 AM,20.77,43.38,41.27,60.44,62.22,0
5/11/2020 8:00:00 AM,20.75,43.4,41.27,60.44,62.24,0
5/11/2020 7:00:00 AM,20.73,43.39,41.26,60.46,62.27,0
5/11/2020 6:00:00 AM,20.73,43.4,41.25,60.46,62.28,0
5/11/2020 5:00:00 AM,20.77,43.36,41.23,60.45,62.28,0
5/11/2020 4:00:00 AM,20.82,43.36,41.22,60.47,62.28,0
5/11/2020 3:00:00 AM,20.86,43.41,41.2,60.48,62.29,0
5/11/2020 2:00:00 AM,20.94,43.44,41.19,60.49,62.31,0
5/11/2020 1:00:00 AM,20.98,43.44,41.19,60.49,62.31,0
5/11/2020 12:00:00 AM,21.02,43.41,41.18,60.51,62.33,0
5/10/2020 11:00:00 PM,21.11,43.39,41.19,60.52,62.34,0
5/10/2020 10:00:00 PM,21.09,43.37,41.22,60.58,62.38,0
5/10/2020 9:00:00 PM,21.12,43.35,41.21,60.58,62.39,0
5/10/2020 8:00:00 PM,21.16,43.34,41.2,60.63,62.39,0
5/10/2020 7:00:00 PM,21.16,43.35,41.2,60.65,62.39,0
5/10/2020 6:00:00 PM,21.16,43.37,41.18,60.64,62.4,0
5/10/2020 5:00:00 PM,21.12,43.39,41.18,60.64,62.4,0
5/10/2020 4:00:00 PM,21.08,43.42,41.19,60.64,62.4,0
5/10/2020 3:00:00 PM,21.05,43.44,41.2,60.63,62.42,0
5/10/2020 2:00:00 PM,21,43.45,41.23,60.63,62.42,0
5/10/2020 1:00:00 PM,20.98,43.46,41.24,60.64,62.45,0
5/10/2020 12:00:00 PM,20.98,43.46,41.25,60.65,62.48,0
5/10/2020 11:00:00 AM,20.95,43.47,41.25,60.65,62.52,0
5/10/2020 10:00:00 AM,20.93,43.48,41.25,60.66,62.55,0
5/10/2020 9:00:00 AM,20.93,43.49,41.24,60.66,62.57,0
5/10/2020 8:00:00 AM,20.92,43.47,41.23,60.67,62.58,0
5/10/2020 7:00:00 AM,20.89,43.46,41.23,60.67,62.6,0
5/10/2020 6:00:00 AM,20.94,43.45,41.21,60.66,62.59,0
5/10/2020 5:00:00 AM,21,43.43,41.19,60.66,62.59,0
5/10/2020 4:00:00 AM,21.08,43.39,41.17,60.66,62.61,0
5/10/2020 3:00:00 AM,21.12,43.39,41.16,60.65,62.6,0
5/10/2020 2:00:00 AM,21.18,43.41,41.22,60.65,62.61,0
5/10/2020 1:00:00 AM,21.24,43.38,41.26,60.65,62.61,0
5/10/2020 12:00:00 AM,21.27,43.35,41.26,60.64,62.6,0
5/9/2020 11:00:00 PM,21.3,43.32,41.26,60.64,62.6,0
5/9/2020 10:00:00 PM,21.32,43.32,41.25,60.63,62.59,0
5/9/2020 9:00:00 PM,21.35,43.31,41.24,60.63,62.58,0
5/9/2020 8:00:00 PM,21.37,43.33,41.22,60.61,62.56,0
5/9/2020 7:00:00 PM,21.37,43.33,41.21,60.6,62.53,0
5/9/2020 6:00:00 PM,21.38,43.34,41.21,60.59,62.52,0
5/9/2020 5:00:00 PM,21.35,43.35,41.22,60.59,62.52,0
5/9/2020 4:00:00 PM,21.25,43.36,41.23,60.57,62.53,0
5/9/2020 3:00:00 PM,21.19,43.37,41.24,60.58,62.53,0
5/9/2020 2:00:00 PM,21.13,43.35,41.25,60.58,62.53,0
5/9/2020 1:00:00 PM,21.07,43.37,41.25,60.58,62.53,0
5/9/2020 12:00:00 PM,21.04,43.37,41.27,60.59,62.53,0
5/9/2020 11:00:00 AM,20.99,43.42,41.28,60.6,62.52,0
5/9/2020 10:00:00 AM,20.97,43.43,41.29,60.61,62.52,0
5/9/2020 9:00:00 AM,20.95,43.42,41.29,60.63,62.53,0
5/9/2020 8:00:00 AM,20.93,43.42,41.3,60.64,62.53,0
5/9/2020 7:00:00 AM,20.92,43.41,41.29,60.65,62.54,0
5/9/2020 6:00:00 AM,20.91,43.41,41.28,60.66,62.53,0
5/9/2020 5:00:00 AM,20.98,43.37,41.29,60.65,62.53,0
5/9/2020 4:00:00 AM,21.06,43.34,41.28,60.65,62.52,0
5/9/2020 3:00:00 AM,21.11,43.3,41.27,60.65,62.51,0
5/9/2020 2:00:00 AM,21.19,43.29,41.26,60.64,62.48,0
5/9/2020 1:00:00 AM,21.21,43.3,41.25,60.65,62.47,0
5/9/2020 12:00:00 AM,21.26,43.31,41.24,60.64,62.45,0
5/8/2020 11:00:00 PM,21.3,43.28,41.23,60.63,62.43,0
5/8/2020 10:00:00 PM,21.31,43.23,41.22,60.68,62.42,0
5/8/2020 9:00:00 PM,21.32,43.21,41.22,60.65,62.42,0
5/8/2020 8:00:00 PM,21.33,43.2,41.21,60.65,62.4,0
5/8/2020 7:00:00 PM,21.3,43.19,41.21,60.66,62.39,0
5/8/2020 6:00:00 PM,21.25,43.19,41.2,60.66,62.38,0
5/8/2020 5:00:00 PM,21.2,43.2,41.19,60.65,62.38,0
5/8/2020 4:00:00 PM,21.16,43.2,41.2,60.64,62.39,0
5/8/2020 3:00:00 PM,21.09,43.22,41.22,60.64,62.38,0
5/8/2020 2:00:00 PM,21.06,43.24,41.23,60.64,62.41,0
5/8/2020 1:00:00 PM,21.04,43.25,41.24,60.65,62.44,0
5/8/2020 12:00:00 PM,20.99,43.28,41.28,60.66,62.46,0
5/8/2020 11:00:00 AM,20.93,43.29,41.32,60.66,62.47,0
5/8/2020 10:00:00 AM,20.92,43.3,41.33,60.67,62.47,0
5/8/2020 9:00:00 AM,20.9,43.3,41.34,60.69,62.48,0
5/8/2020 8:00:00 AM,20.88,43.29,41.35,60.71,62.5,0
5/8/2020 7:00:00 AM,20.8,43.26,41.37,60.73,62.52,0
5/8/2020 6:00:00 AM,20.81,43.26,41.35,60.74,62.52,0
5/8/2020 5:00:00 AM,20.82,43.26,41.38,60.73,62.52,0
5/8/2020 4:00:00 AM,20.87,43.23,41.36,60.73,62.52,0
5/8/2020 3:00:00 AM,20.93,43.22,41.36,60.73,62.52,0
5/8/2020 2:00:00 AM,20.99,43.25,41.35,60.71,62.53,0
5/8/2020 1:00:00 AM,21.01,43.18,41.34,60.72,62.55,0
5/8/2020 12:00:00 AM,21.04,43.15,41.33,60.71,62.52,0
5/7/2020 11:00:00 PM,21.1,43.13,41.33,60.7,62.5,0
5/7/2020 10:00:00 PM,21.1,43.12,41.32,60.69,62.48,0
5/7/2020 9:00:00 PM,21.07,43.12,41.31,60.7,62.47,0
5/7/2020 8:00:00 PM,21.12,43.13,41.3,60.68,62.46,0
5/7/2020 7:00:00 PM,21.1,43.11,41.29,60.67,62.44,0
5/7/2020 6:00:00 PM,21.08,43.11,41.3,60.67,62.42,0
5/7/2020 5:00:00 PM,21.07,43.12,41.3,60.67,62.42,0
5/7/2020 4:00:00 PM,21.05,43.14,41.32,60.68,62.4,0
5/7/2020 3:00:00 PM,20.99,43.14,41.32,60.69,62.39,0
5/7/2020 2:00:00 PM,20.91,43.15,41.33,60.69,62.39,0
5/7/2020 1:00:00 PM,20.86,43.19,41.34,60.69,62.38,0
5/7/2020 12:00:00 PM,20.81,43.22,41.36,60.69,62.38,0
5/7/2020 11:00:00 AM,20.78,43.25,41.38,60.71,62.35,0
5/7/2020 10:00:00 AM,20.76,43.26,41.38,60.76,62.35,0
5/7/2020 9:00:00 AM,20.75,43.27,41.39,60.76,62.36,0
5/7/2020 8:00:00 AM,20.74,43.28,41.4,60.76,62.35,0
5/7/2020 7:00:00 AM,20.74,43.27,41.4,60.78,62.35,0
5/7/2020 6:00:00 AM,20.77,43.27,41.4,60.81,62.35,0
5/7/2020 5:00:00 AM,20.8,43.26,41.4,60.81,62.36,0
5/7/2020 4:00:00 AM,20.79,43.25,41.39,60.81,62.37,0
5/7/2020 3:00:00 AM,20.81,43.24,41.4,60.81,62.38,0
5/7/2020 2:00:00 AM,20.85,43.21,41.42,60.81,62.37,0
5/7/2020 1:00:00 AM,20.88,43.19,41.41,60.81,62.35,0
5/7/2020 12:00:00 AM,20.9,43.17,41.42,60.8,62.33,0
5/6/2020 11:00:00 PM,20.9,43.16,41.42,60.8,62.33,0
5/6/2020 10:00:00 PM,20.92,43.15,41.41,60.8,62.29,0
5/6/2020 9:00:00 PM,20.92,43.17,41.41,60.79,62.27,0
5/6/2020 8:00:00 PM,20.96,43.16,41.4,60.79,62.26,0
5/6/2020 7:00:00 PM,20.98,43.16,41.39,60.79,62.25,0
5/6/2020 6:00:00 PM,21,43.16,41.39,60.79,62.24,0
5/6/2020 5:00:00 PM,21.01,43.19,41.39,60.79,62.23,0
5/6/2020 4:00:00 PM,20.99,43.23,41.4,60.79,62.21,0
5/6/2020 3:00:00 PM,20.95,43.25,41.41,60.81,62.19,0
5/6/2020 2:00:00 PM,20.91,43.26,41.42,60.82,62.17,0
5/6/2020 1:00:00 PM,20.89,43.28,41.43,60.83,62.16,0
5/6/2020 12:00:00 PM,20.88,43.29,41.44,60.85,62.15,0
5/6/2020 11:00:00 AM,20.86,43.29,41.44,60.87,62.15,0
5/6/2020 10:00:00 AM,20.86,43.3,41.46,60.89,62.14,0
5/6/2020 9:00:00 AM,20.88,43.29,41.46,60.91,62.12,0
5/6/2020 8:00:00 AM,20.89,43.29,41.46,60.92,62.12,0
5/6/2020 7:00:00 AM,20.88,43.29,41.47,60.94,62.12,0
5/6/2020 6:00:00 AM,20.84,43.28,41.47,60.94,62.12,0
5/6/2020 5:00:00 AM,20.88,43.27,41.47,60.94,62.12,0
5/6/2020 4:00:00 AM,20.92,43.3,41.45,60.95,62.11,0
5/6/2020 3:00:00 AM,20.96,43.25,41.45,60.95,62.1,0
5/6/2020 2:00:00 AM,21,43.21,41.44,60.94,62.07,0
5/6/2020 1:00:00 AM,21.05,43.24,41.47,60.95,62.06,0
5/6/2020 12:00:00 AM,21.06,43.24,41.46,60.95,62.04,0
5/5/2020 11:00:00 PM,21.1,43.21,41.46,60.95,62.03,0
5/5/2020 10:00:00 PM,21.13,43.18,41.45,60.95,62.02,0
5/5/2020 9:00:00 PM,21.12,43.16,41.44,60.95,62.01,0
5/5/2020 8:00:00 PM,21.13,43.15,41.45,60.95,62,0
5/5/2020 7:00:00 PM,21.12,43.15,41.43,60.95,61.98,0
5/5/2020 6:00:00 PM,21.13,43.16,41.43,60.96,61.98,0
5/5/2020 5:00:00 PM,21.12,43.18,41.44,60.96,61.98,0
5/5/2020 4:00:00 PM,21.13,43.2,41.45,60.96,61.98,0
5/5/2020 3:00:00 PM,21.05,43.24,41.48,60.98,61.97,0
5/5/2020 2:00:00 PM,20.98,43.25,41.48,61,61.97,0
5/5/2020 1:00:00 PM,20.92,43.24,41.5,61.02,61.97,0
5/5/2020 12:00:00 PM,20.88,43.22,41.51,61.03,61.98,0
5/5/2020 11:00:00 AM,20.88,43.22,41.52,61.05,61.96,0
5/5/2020 10:00:00 AM,20.83,43.22,41.53,61.1,61.97,0
5/5/2020 9:00:00 AM,20.81,43.23,41.53,61.14,61.98,0
5/5/2020 8:00:00 AM,20.82,43.26,41.53,61.15,61.98,0
5/5/2020 7:00:00 AM,20.8,43.26,41.54,61.17,61.98,0
5/5/2020 6:00:00 AM,20.83,43.26,41.54,61.18,61.99,0
5/5/2020 5:00:00 AM,20.86,43.25,41.54,61.2,61.99,0
5/5/2020 4:00:00 AM,20.89,43.23,41.54,61.2,62.01,0
5/5/2020 3:00:00 AM,20.93,43.21,41.53,61.24,62.03,0
5/5/2020 2:00:00 AM,20.95,43.21,41.53,61.25,62.05,0
5/5/2020 1:00:00 AM,20.98,43.2,41.52,61.28,62.05,0
5/5/2020 12:00:00 AM,21.02,43.19,41.53,61.29,62.06,0
5/4/2020 11:00:00 PM,21.05,43.22,41.51,61.3,62.05,0
5/4/2020 10:00:00 PM,21.08,43.23,41.52,61.31,62.04,0
5/4/2020 9:00:00 PM,21.08,43.24,41.51,61.31,62.04,0
5/4/2020 8:00:00 PM,21.09,43.23,41.51,61.33,62.04,0
5/4/2020 7:00:00 PM,21.11,43.21,41.5,61.33,62.04,0
5/4/2020 6:00:00 PM,21.12,43.2,41.51,61.36,62.03,0
5/4/2020 5:00:00 PM,21.12,43.15,41.51,61.37,62.02,0
5/4/2020 4:00:00 PM,21.03,43.16,41.52,61.39,62.02,0
5/4/2020 3:00:00 PM,20.98,43.2,41.52,61.4,62.02,0
5/4/2020 2:00:00 PM,20.92,43.21,41.54,61.41,62.01,0
5/4/2020 1:00:00 PM,20.92,43.18,41.58,61.43,62.02,0
5/4/2020 12:00:00 PM,20.87,43.21,41.58,61.44,62.02,0
5/4/2020 11:00:00 AM,20.85,43.24,41.6,61.46,62.01,0
5/4/2020 10:00:00 AM,20.84,43.25,41.61,61.5,62.01,0
5/4/2020 9:00:00 AM,20.8,43.25,41.63,61.52,62.02,0
5/4/2020 8:00:00 AM,20.76,43.26,41.64,61.56,62.01,0
5/4/2020 7:00:00 AM,20.75,43.25,41.64,61.61,62.01,0
5/4/2020 6:00:00 AM,20.78,43.24,41.63,61.64,62.02,0
5/4/2020 5:00:00 AM,20.83,43.25,41.63,61.67,62.04,0
5/4/2020 4:00:00 AM,20.89,43.24,41.62,61.68,62.03,0
5/4/2020 3:00:00 AM,20.89,43.21,41.6,61.69,62.03,0
5/4/2020 2:00:00 AM,20.92,43.21,41.6,61.69,62.03,0
5/4/2020 1:00:00 AM,20.97,43.21,41.6,61.71,62.03,0
5/4/2020 12:00:00 AM,21,43.24,41.6,61.74,62.03,0
5/3/2020 11:00:00 PM,21.03,43.25,41.59,61.75,62.02,0
5/3/2020 10:00:00 PM,21.03,43.25,41.59,61.79,62.02,0
5/3/2020 9:00:00 PM,21.06,43.26,41.58,61.81,62.02,0
5/3/2020 8:00:00 PM,21.08,43.23,41.57,61.84,62.02,0
5/3/2020 7:00:00 PM,21.09,43.22,41.58,61.85,62.03,0
5/3/2020 6:00:00 PM,21.12,43.16,41.57,61.87,62.03,0
5/3/2020 5:00:00 PM,21.09,43.17,41.58,61.88,62.03,0
5/3/2020 4:00:00 PM,21.01,43.2,41.57,61.89,62.05,0
5/3/2020 3:00:00 PM,20.97,43.21,41.58,61.92,62.07,0
5/3/2020 2:00:00 PM,20.96,43.2,41.58,61.92,62.07,0
5/3/2020 1:00:00 PM,20.94,43.24,41.58,62.01,62.08,0
5/3/2020 12:00:00 PM,20.88,43.25,41.59,62.05,62.08,0
5/3/2020 11:00:00 AM,20.85,43.27,41.57,62.06,62.08,0
5/3/2020 10:00:00 AM,20.84,43.28,41.56,62.08,62.09,0
5/3/2020 9:00:00 AM,20.79,43.27,41.56,62.12,62.1,0
5/3/2020 8:00:00 AM,20.75,43.26,41.54,62.13,62.1,0
5/3/2020 7:00:00 AM,20.76,43.25,41.49,62.17,62.1,0
5/3/2020 6:00:00 AM,20.8,43.25,41.52,62.2,62.11,0
5/3/2020 5:00:00 AM,20.85,43.25,41.52,62.23,62.11,0
5/3/2020 4:00:00 AM,20.89,43.24,41.51,62.25,62.11,0
5/3/2020 3:00:00 AM,20.94,43.24,41.5,62.26,62.11,0
5/3/2020 2:00:00 AM,20.97,43.25,41.49,62.28,62.12,0
5/3/2020 1:00:00 AM,20.97,43.27,41.39,62.31,62.12,0
5/3/2020 12:00:00 AM,21.02,43.26,41.37,62.4,62.13,0
5/2/2020 11:00:00 PM,21.02,43.25,41.37,62.47,62.13,0
5/2/2020 10:00:00 PM,21.05,43.25,41.36,62.49,62.14,0
5/2/2020 9:00:00 PM,21.04,43.23,41.37,62.52,62.19,0
5/2/2020 8:00:00 PM,21.06,43.23,41.35,62.55,62.21,0
5/2/2020 7:00:00 PM,21.08,43.25,41.36,62.58,62.21,0
5/2/2020 6:00:00 PM,21.12,43.26,41.36,62.61,62.24,0
5/2/2020 5:00:00 PM,21.11,43.3,41.36,62.65,62.26,0
5/2/2020 4:00:00 PM,21.07,43.31,41.35,62.67,62.26,0
5/2/2020 3:00:00 PM,21.03,43.28,41.35,62.69,62.26,0
5/2/2020 2:00:00 PM,21.02,43.3,41.34,62.75,62.28,0
5/2/2020 1:00:00 PM,21.01,43.31,41.34,62.8,62.28,0
5/2/2020 12:00:00 PM,21.01,43.31,41.34,62.85,62.29,0
5/2/2020 11:00:00 AM,21,43.31,41.33,62.92,62.3,0
5/2/2020 10:00:00 AM,21,43.32,41.32,63.01,62.31,0
5/2/2020 9:00:00 AM,21.02,43.32,41.31,63.06,62.31,0
5/2/2020 8:00:00 AM,21.05,43.32,41.31,63.13,62.34,0
5/2/2020 7:00:00 AM,21.03,43.31,41.33,63.21,62.35,0
5/2/2020 6:00:00 AM,21.03,43.31,41.32,63.24,62.38,0
5/2/2020 5:00:00 AM,21.06,43.31,41.3,63.33,62.41,0
5/2/2020 4:00:00 AM,21.08,43.31,41.27,63.38,62.44,0
5/2/2020 3:00:00 AM,21.12,43.34,41.24,63.47,62.51,0
5/2/2020 2:00:00 AM,21.16,43.33,41.23,63.54,62.56,0
5/2/2020 1:00:00 AM,21.19,43.28,41.22,63.66,62.62,0
5/2/2020 12:00:00 AM,21.26,43.24,41.22,63.73,62.7,0
5/1/2020 11:00:00 PM,21.31,43.27,41.19,63.84,62.79,0
5/1/2020 10:00:00 PM,21.28,43.29,41.16,63.98,62.92,0
5/1/2020 9:00:00 PM,21.3,43.28,41.13,64.12,63.07,0
5/1/2020 8:00:00 PM,21.33,43.28,41.1,64.26,63.27,0
5/1/2020 7:00:00 PM,21.33,43.27,41.08,64.5,63.59,0
5/1/2020 6:00:00 PM,21.32,43.23,41.07,64.77,64.1,0
5/1/2020 5:00:00 PM,21.3,43.23,41.06,65.18,64.86,0
5/1/2020 4:00:00 PM,21.29,43.25,41.03,65.68,66.56,0
5/1/2020 3:00:00 PM,21.25,43.29,41.06,66.55,67.92,0
5/1/2020 2:00:00 PM,21.2,43.33,41.01,66.94,68.21,0
5/1/2020 1:00:00 PM,21.12,43.28,40.99,67.49,68.98,0
5/1/2020 12:00:00 PM,21.08,43.3,40.98,67.95,69.43,0
5/1/2020 11:00:00 AM,21.04,43.31,40.96,68.22,69.6,0
5/1/2020 10:00:00 AM,21.03,43.31,40.93,68.48,69.77,0
5/1/2020 9:00:00 AM,21.03,43.31,40.87,68.71,70.23,0
5/1/2020 8:00:00 AM,21.06,43.31,40.82,68.87,70.95,0
5/1/2020 7:00:00 AM,21.01,43.3,40.79,68.85,70.88,0
5/1/2020 6:00:00 AM,20.97,43.29,40.71,68.77,70.73,0
5/1/2020 5:00:00 AM,21.01,43.32,40.64,68.71,70.49,0
5/1/2020 4:00:00 AM,21.02,43.27,40.57,68.68,69.71,0
5/1/2020 3:00:00 AM,21.07,43.24,40.48,68.4,68.84,0
5/1/2020 2:00:00 AM,21.11,43.24,40.38,68.01,68.18,0
5/1/2020 1:00:00 AM,21.16,43.25,40.31,66.26,63.1,0
5/1/2020 12:00:00 AM,21.18,43.21,40.3,60.4,61.48,0
4/30/2020 11:00:00 PM,21.15,43.16,40.31,59.02,61.46,0
4/30/2020 10:00:00 PM,21.16,43.15,40.31,58.95,61.48,0
4/30/2020 9:00:00 PM,21.15,43.13,40.34,58.96,61.46,0
4/30/2020 8:00:00 PM,21.19,43.13,40.34,58.97,61.47,0
4/30/2020 7:00:00 PM,21.17,43.13,40.35,58.96,61.46,0
4/30/2020 6:00:00 PM,21.14,43.13,40.35,58.95,61.46,0
4/30/2020 5:00:00 PM,21.12,43.14,40.35,58.94,61.45,0
4/30/2020 4:00:00 PM,21.09,43.15,40.36,58.93,61.42,0
4/30/2020 3:00:00 PM,21.08,43.16,40.36,58.93,61.42,0
4/30/2020 2:00:00 PM,21.02,43.16,40.36,58.93,61.42,0
4/30/2020 1:00:00 PM,20.95,43.13,40.36,58.91,61.41,0
4/30/2020 12:00:00 PM,20.9,43.12,40.36,58.92,61.4,0
4/30/2020 11:00:00 AM,20.87,43.12,40.36,58.91,61.41,0
4/30/2020 10:00:00 AM,20.84,43.11,40.37,58.91,61.41,0
4/30/2020 9:00:00 AM,20.83,43.11,40.37,58.9,61.4,0
4/30/2020 8:00:00 AM,20.8,43.1,40.36,58.9,61.4,0
4/30/2020 7:00:00 AM,20.75,43.12,40.36,58.91,61.4,0
4/30/2020 6:00:00 AM,20.75,43.13,40.35,58.94,61.4,0
4/30/2020 5:00:00 AM,20.78,43.13,40.35,58.94,61.39,0
4/30/2020 4:00:00 AM,20.81,43.1,40.34,58.95,61.38,0
4/30/2020 3:00:00 AM,20.85,43.07,40.35,58.96,61.38,0
4/30/2020 2:00:00 AM,20.89,43.04,40.35,58.94,61.42,0
4/30/2020 1:00:00 AM,20.92,43.08,40.37,58.93,61.48,0
4/30/2020 12:00:00 AM,20.99,43.06,40.38,58.92,61.47,0
4/29/2020 11:00:00 PM,21.02,43.04,40.38,58.91,61.47,0
4/29/2020 10:00:00 PM,21.02,43.04,40.37,58.91,61.47,0
4/29/2020 9:00:00 PM,21.07,43.03,40.36,58.94,61.48,0
4/29/2020 8:00:00 PM,21.05,43.04,40.36,58.94,61.47,0
4/29/2020 7:00:00 PM,21.05,43.02,40.35,58.95,61.49,0
4/29/2020 6:00:00 PM,21.04,43.03,40.35,58.95,61.49,0
4/29/2020 5:00:00 PM,21.02,43.04,40.35,58.93,61.48,0
4/29/2020 4:00:00 PM,21.03,43.03,40.34,58.92,61.48,0
4/29/2020 3:00:00 PM,21.02,43.06,40.35,58.9,61.48,0
4/29/2020 2:00:00 PM,20.99,43.04,40.36,58.9,61.49,0
4/29/2020 1:00:00 PM,21.01,43.07,40.37,58.9,61.49,0
4/29/2020 12:00:00 PM,20.99,43.08,40.43,58.91,61.48,0
4/29/2020 11:00:00 AM,20.99,43.1,40.44,58.91,61.47,0
4/29/2020 10:00:00 AM,20.92,43.14,40.46,58.9,61.48,0
4/29/2020 9:00:00 AM,20.92,43.13,40.46,58.91,61.48,0
4/29/2020 8:00:00 AM,20.89,43.11,40.46,58.92,61.48,0
4/29/2020 7:00:00 AM,20.88,43.08,40.46,59,61.48,0
4/29/2020 6:00:00 AM,20.9,43.13,40.45,59.03,61.48,0
4/29/2020 5:00:00 AM,20.95,43.17,40.44,59.05,61.47,0
4/29/2020 4:00:00 AM,21,43.12,40.43,59.05,61.46,0
4/29/2020 3:00:00 AM,21.01,43.07,40.42,59.05,61.46,0
4/29/2020 2:00:00 AM,21.08,43.05,40.41,59.03,61.45,0
4/29/2020 1:00:00 AM,21.11,43.06,40.39,59.03,61.46,0
4/29/2020 12:00:00 AM,21.17,43.03,40.39,59.02,61.46,0
4/28/2020 11:00:00 PM,21.2,43.03,40.37,59,61.46,0
4/28/2020 10:00:00 PM,21.22,43.01,40.35,59,61.46,0
4/28/2020 9:00:00 PM,21.21,43,40.37,58.99,61.44,0
4/28/2020 8:00:00 PM,21.19,42.97,40.39,58.97,61.44,0
4/28/2020 7:00:00 PM,21.19,42.95,40.45,58.97,61.44,0
4/28/2020 6:00:00 PM,21.17,42.95,40.46,58.96,61.44,0
4/28/2020 5:00:00 PM,21.15,42.95,40.46,59,61.42,0
4/28/2020 4:00:00 PM,21.12,42.95,40.47,59,61.43,0
4/28/2020 3:00:00 PM,21.12,42.95,40.49,59.01,61.42,0
4/28/2020 2:00:00 PM,21.04,42.95,40.5,59.01,61.43,0
4/28/2020 1:00:00 PM,20.98,42.97,40.49,59.01,61.41,0
4/28/2020 12:00:00 PM,20.93,42.97,40.52,59.01,61.42,0
4/28/2020 11:00:00 AM,20.89,43,40.52,59,61.43,0
4/28/2020 10:00:00 AM,20.88,43.02,40.54,59,61.46,0
4/28/2020 9:00:00 AM,20.88,43.04,40.6,59.01,61.42,0
4/28/2020 8:00:00 AM,20.87,43.07,40.61,59,61.46,0
4/28/2020 7:00:00 AM,20.87,43.05,40.61,59,61.47,0
4/28/2020 6:00:00 AM,20.86,43.03,40.6,59,61.48,0
4/28/2020 5:00:00 AM,20.88,43.06,40.59,59.01,61.47,0
4/28/2020 4:00:00 AM,20.9,43.04,40.59,59,61.46,0
4/28/2020 3:00:00 AM,20.93,43.01,40.57,59,61.45,0
4/28/2020 2:00:00 AM,20.94,42.98,40.58,59,61.45,0
4/28/2020 1:00:00 AM,20.97,43,40.55,59,61.44,0
4/28/2020 12:00:00 AM,21,42.97,40.54,59,61.44,0
4/27/2020 11:00:00 PM,21.01,42.96,40.54,58.99,61.44,0
4/27/2020 10:00:00 PM,21,42.98,40.55,59.01,61.43,0
4/27/2020 9:00:00 PM,21.02,42.97,40.57,59.04,61.43,0
4/27/2020 8:00:00 PM,21.03,42.96,40.56,59.03,61.43,0
4/27/2020 7:00:00 PM,21.06,42.96,40.56,59.02,61.44,0
4/27/2020 6:00:00 PM,21.08,42.97,40.55,59.02,61.43,0
4/27/2020 5:00:00 PM,21.06,42.98,40.56,59.01,61.43,0
4/27/2020 4:00:00 PM,21,42.97,40.56,59.01,61.43,0
4/27/2020 3:00:00 PM,20.93,42.97,40.57,59,61.44,0
4/27/2020 2:00:00 PM,20.91,42.97,40.61,59.01,61.44,0
4/27/2020 1:00:00 PM,20.87,42.97,40.62,59.01,61.43,0
4/27/2020 12:00:00 PM,20.89,42.97,40.62,59.04,61.45,0
4/27/2020 11:00:00 AM,20.84,42.99,40.61,59.03,61.44,0
4/27/2020 10:00:00 AM,20.8,43.04,40.62,59.03,61.44,0
4/27/2020 9:00:00 AM,20.76,43.03,40.62,59.03,61.44,0
4/27/2020 8:00:00 AM,20.75,43.01,40.62,59.03,61.44,0
4/27/2020 7:00:00 AM,20.76,42.99,40.61,59.03,61.43,0
4/27/2020 6:00:00 AM,20.8,42.96,40.6,59.02,61.43,0
4/27/2020 5:00:00 AM,20.86,42.96,40.61,59.02,61.43,0
4/27/2020 4:00:00 AM,20.86,42.96,40.64,59.02,61.43,0
4/27/2020 3:00:00 AM,20.91,42.94,40.64,59.01,61.46,0
4/27/2020 2:00:00 AM,20.93,42.95,40.63,59.01,61.49,0
4/27/2020 1:00:00 AM,20.98,42.91,40.63,59,61.49,0
4/27/2020 12:00:00 AM,20.99,42.89,40.63,59,61.49,0
4/26/2020 11:00:00 PM,21,42.88,40.62,59,61.5,0
4/26/2020 10:00:00 PM,21.02,42.92,40.61,58.99,61.5,0
4/26/2020 9:00:00 PM,21.05,42.89,40.6,58.99,61.49,0
4/26/2020 8:00:00 PM,21.08,42.85,40.58,59.02,61.49,0
4/26/2020 7:00:00 PM,21.09,42.83,40.57,59.04,61.5,0
4/26/2020 6:00:00 PM,21.11,42.83,40.61,59.06,61.51,0
4/26/2020 5:00:00 PM,21.1,42.83,40.61,59.06,61.5,0
4/26/2020 4:00:00 PM,21.02,42.85,40.62,59.06,61.49,0
4/26/2020 3:00:00 PM,20.95,42.88,40.61,59.06,61.5,0
4/26/2020 2:00:00 PM,20.92,42.91,40.62,59.06,61.49,0
4/26/2020 1:00:00 PM,20.89,42.92,40.62,59.06,61.49,0
4/26/2020 12:00:00 PM,20.86,42.93,40.62,59.06,61.48,0
4/26/2020 11:00:00 AM,20.82,42.94,40.62,59.05,61.47,0
4/26/2020 10:00:00 AM,20.79,42.93,40.63,59.05,61.47,0
4/26/2020 9:00:00 AM,20.79,42.93,40.63,59.04,61.46,0
4/26/2020 8:00:00 AM,20.73,42.91,40.66,59.04,61.46,0
4/26/2020 7:00:00 AM,20.69,42.91,40.65,59.02,61.47,0
4/26/2020 6:00:00 AM,20.71,42.89,40.64,59.03,61.46,0
4/26/2020 5:00:00 AM,20.77,42.87,40.64,59.01,61.46,0
4/26/2020 4:00:00 AM,20.84,42.87,40.63,59.03,61.46,0
4/26/2020 3:00:00 AM,20.89,42.86,40.63,59.04,61.46,0
4/26/2020 2:00:00 AM,20.93,42.84,40.65,59.04,61.45,0
4/26/2020 1:00:00 AM,20.97,42.81,40.66,59.04,61.45,0
4/26/2020 12:00:00 AM,20.98,42.86,40.67,59.04,61.45,0
4/25/2020 11:00:00 PM,21.02,42.83,40.65,59.04,61.45,0
4/25/2020 10:00:00 PM,21.02,42.8,40.63,59.04,61.45,0
4/25/2020 9:00:00 PM,21.02,42.79,40.63,59.02,61.44,0
4/25/2020 8:00:00 PM,21.08,42.81,40.62,59.02,61.45,0
4/25/2020 7:00:00 PM,21.08,42.8,40.6,59.02,61.45,0
4/25/2020 6:00:00 PM,21.05,42.79,40.6,59.01,61.45,0
4/25/2020 5:00:00 PM,21,42.79,40.59,59,61.44,0
4/25/2020 4:00:00 PM,20.95,42.8,40.59,59.01,61.44,0
4/25/2020 3:00:00 PM,20.95,42.81,40.6,59,61.44,0
4/25/2020 2:00:00 PM,20.89,42.81,40.62,59,61.44,0
4/25/2020 1:00:00 PM,20.88,42.81,40.62,59,61.43,0
4/25/2020 12:00:00 PM,20.85,42.81,40.63,59,61.43,0
4/25/2020 11:00:00 AM,20.84,42.81,40.63,58.99,61.42,0
4/25/2020 10:00:00 AM,20.81,42.82,40.63,59,61.41,0
4/25/2020 9:00:00 AM,20.75,42.8,40.62,58.99,61.4,0
4/25/2020 8:00:00 AM,20.75,42.79,40.62,59,61.4,0
4/25/2020 7:00:00 AM,20.7,42.83,40.65,59,61.41,0
4/25/2020 6:00:00 AM,20.73,42.87,40.65,59.03,61.4,0
4/25/2020 5:00:00 AM,20.75,42.85,40.65,59.03,61.43,0
4/25/2020 4:00:00 AM,20.8,42.82,40.69,59.04,61.43,0
4/25/2020 3:00:00 AM,20.84,42.78,40.71,59.03,61.44,0
4/25/2020 2:00:00 AM,20.89,42.75,40.71,59.03,61.45,0
4/25/2020 1:00:00 AM,20.95,42.74,40.71,59.03,61.46,0
4/25/2020 12:00:00 AM,20.98,42.75,40.71,59.04,61.46,0
4/24/2020 11:00:00 PM,20.97,42.71,40.69,59.02,61.45,0
4/24/2020 10:00:00 PM,21.01,42.69,40.69,59.02,61.45,0
4/24/2020 9:00:00 PM,21.02,42.72,40.69,59.02,61.45,0
4/24/2020 8:00:00 PM,20.98,42.7,40.67,59.01,61.45,0
4/24/2020 7:00:00 PM,20.98,42.69,40.66,59.02,61.46,0
4/24/2020 6:00:00 PM,20.95,42.69,40.66,59.01,61.46,0
4/24/2020 5:00:00 PM,20.95,42.69,40.64,59,61.45,0
4/24/2020 4:00:00 PM,20.9,42.7,40.63,59,61.44,0
4/24/2020 3:00:00 PM,20.87,42.71,40.63,59.03,61.44,0
4/24/2020 2:00:00 PM,20.82,42.71,40.62,59.03,61.44,0
4/24/2020 1:00:00 PM,20.78,42.71,40.62,59.05,61.44,0
4/24/2020 12:00:00 PM,20.72,42.72,40.63,59.06,61.44,0
4/24/2020 11:00:00 AM,20.72,42.72,40.66,59.06,61.44,0
4/24/2020 10:00:00 AM,20.68,42.72,40.66,59.05,61.44,0
4/24/2020 9:00:00 AM,20.68,42.71,40.7,59.05,61.44,0
4/24/2020 8:00:00 AM,20.67,42.7,40.7,59.05,61.43,0
4/24/2020 7:00:00 AM,20.68,42.69,40.69,59.04,61.44,0
4/24/2020 6:00:00 AM,20.68,42.69,40.69,59.04,61.43,0
4/24/2020 5:00:00 AM,20.72,42.7,40.68,59.04,61.45,0
4/24/2020 4:00:00 AM,20.74,42.68,40.68,59.04,61.44,0
4/24/2020 3:00:00 AM,20.75,42.69,40.68,59.03,61.45,0
4/24/2020 2:00:00 AM,20.78,42.68,40.67,59.03,61.46,0
4/24/2020 1:00:00 AM,20.8,42.64,40.67,59.03,61.47,0
4/24/2020 12:00:00 AM,20.87,42.63,40.66,59.03,61.46,0
4/23/2020 11:00:00 PM,20.89,42.63,40.66,59.03,61.47,0
4/23/2020 10:00:00 PM,20.9,42.61,40.65,59.03,61.47,0
4/23/2020 9:00:00 PM,20.91,42.58,40.65,59.04,61.47,0
4/23/2020 8:00:00 PM,20.91,42.59,40.63,59.05,61.48,0
4/23/2020 7:00:00 PM,20.91,42.59,40.62,59.05,61.47,0
4/23/2020 6:00:00 PM,20.95,42.58,40.61,59.05,61.48,0
4/23/2020 5:00:00 PM,20.92,42.59,40.61,59.07,61.48,0
4/23/2020 4:00:00 PM,20.9,42.6,40.61,59.07,61.48,0
4/23/2020 3:00:00 PM,20.84,42.62,40.63,59.06,61.47,0
4/23/2020 2:00:00 PM,20.8,42.63,40.65,59.06,61.47,0
4/23/2020 1:00:00 PM,20.74,42.65,40.66,59.07,61.48,0
4/23/2020 12:00:00 PM,20.71,42.65,40.65,59.05,61.47,0
4/23/2020 11:00:00 AM,20.72,42.64,40.66,59.06,61.48,0
4/23/2020 10:00:00 AM,20.68,42.64,40.68,59.05,61.47,0
4/23/2020 9:00:00 AM,20.67,42.62,40.69,59.05,61.47,0
4/23/2020 8:00:00 AM,20.68,42.61,40.69,59.05,61.47,0
4/23/2020 7:00:00 AM,20.65,42.6,40.68,59.05,61.45,0
4/23/2020 6:00:00 AM,20.67,42.59,40.68,59.05,61.45,0
4/23/2020 5:00:00 AM,20.73,42.59,40.67,59.05,61.45,0
4/23/2020 4:00:00 AM,20.76,42.6,40.67,59.06,61.45,0
4/23/2020 3:00:00 AM,20.76,42.58,40.66,59.04,61.45,0
4/23/2020 2:00:00 AM,20.81,42.55,40.65,59.05,61.44,0
4/23/2020 1:00:00 AM,20.88,42.5,40.65,59.05,61.44,0
4/23/2020 12:00:00 AM,20.85,42.5,40.65,59.04,61.44,0
4/22/2020 11:00:00 PM,20.84,42.51,40.65,59.05,61.44,0
4/22/2020 10:00:00 PM,20.89,42.53,40.63,59.03,61.44,0
4/22/2020 9:00:00 PM,20.9,42.51,40.64,59.03,61.44,0
4/22/2020 8:00:00 PM,20.88,42.51,40.63,59.03,61.44,0
4/22/2020 7:00:00 PM,20.9,42.49,40.63,59.03,61.44,0
4/22/2020 6:00:00 PM,20.84,42.49,40.63,59.02,61.44,0
4/22/2020 5:00:00 PM,20.8,42.49,40.63,59.02,61.43,0
4/22/2020 4:00:00 PM,20.78,42.5,40.63,59.01,61.42,0
4/22/2020 3:00:00 PM,20.73,42.51,40.64,59.02,61.42,0
4/22/2020 2:00:00 PM,20.67,42.52,40.65,59.01,61.44,0
4/22/2020 1:00:00 PM,20.61,42.52,40.69,59.01,61.43,0
4/22/2020 12:00:00 PM,20.6,42.53,40.69,59.01,61.46,0
4/22/2020 11:00:00 AM,20.59,42.52,40.72,59.01,61.46,0
4/22/2020 10:00:00 AM,20.55,42.52,40.7,59,61.46,0
4/22/2020 9:00:00 AM,20.52,42.51,40.7,59,61.45,0
4/22/2020 8:00:00 AM,20.5,42.5,40.71,59,61.45,0
4/22/2020 7:00:00 AM,20.46,42.51,40.72,59,61.45,0
4/22/2020 6:00:00 AM,20.5,42.5,40.74,59.02,61.45,0
4/22/2020 5:00:00 AM,20.56,42.47,40.72,59.04,61.44,0
4/22/2020 4:00:00 AM,20.54,42.5,40.73,59.04,61.45,0
4/22/2020 3:00:00 AM,20.58,42.49,40.74,59.03,61.44,0
4/22/2020 2:00:00 AM,20.63,42.47,40.72,59.04,61.44,0
4/22/2020 1:00:00 AM,20.66,42.44,40.71,59.03,61.44,0
4/22/2020 12:00:00 AM,20.68,42.42,40.72,59.05,61.44,0
4/21/2020 11:00:00 PM,20.7,42.41,40.73,59.05,61.44,0
4/21/2020 10:00:00 PM,20.7,42.42,40.75,59.04,61.44,0
4/21/2020 9:00:00 PM,20.71,42.41,40.73,59.04,61.44,0
4/21/2020 8:00:00 PM,20.7,42.41,40.74,59.04,61.44,0
4/21/2020 7:00:00 PM,20.73,42.4,40.73,59.03,61.44,0
4/21/2020 6:00:00 PM,20.69,42.4,40.76,59.04,61.44,0
4/21/2020 5:00:00 PM,20.66,42.4,40.75,59.04,61.44,0
4/21/2020 4:00:00 PM,20.61,42.42,40.74,59.02,61.44,0
4/21/2020 3:00:00 PM,20.59,42.45,40.74,59.03,61.43,0
4/21/2020 2:00:00 PM,20.53,42.48,40.76,59.03,61.46,0
4/21/2020 1:00:00 PM,20.48,42.5,40.74,59.02,61.46,0
4/21/2020 12:00:00 PM,20.46,42.47,40.76,59.08,61.49,0
4/21/2020 11:00:00 AM,20.42,42.47,40.76,59.08,61.48,0
4/21/2020 10:00:00 AM,20.37,42.49,40.76,59.07,61.48,0
4/21/2020 9:00:00 AM,20.35,42.5,40.76,59.09,61.48,0
4/21/2020 8:00:00 AM,20.32,42.52,40.76,59.09,61.48,0
4/21/2020 7:00:00 AM,20.29,42.53,40.76,59.08,61.47,0
4/21/2020 6:00:00 AM,20.25,42.52,40.75,59.07,61.47,0
4/21/2020 5:00:00 AM,20.3,42.53,40.76,59.07,61.47,0
4/21/2020 4:00:00 AM,20.32,42.52,40.75,59.06,61.47,0
4/21/2020 3:00:00 AM,20.36,42.52,40.75,59.05,61.46,0
4/21/2020 2:00:00 AM,20.38,42.52,40.74,59.06,61.46,0
4/21/2020 1:00:00 AM,20.42,42.52,40.75,59.06,61.46,0
4/21/2020 12:00:00 AM,20.44,42.52,40.75,59.05,61.46,0
4/20/2020 11:00:00 PM,20.49,42.51,40.74,59.04,61.46,0
4/20/2020 10:00:00 PM,20.51,42.51,40.74,59.04,61.46,0
4/20/2020 9:00:00 PM,20.51,42.51,40.74,59.03,61.45,0
4/20/2020 8:00:00 PM,20.52,42.5,40.74,59.03,61.45,0
4/20/2020 7:00:00 PM,20.52,42.49,40.74,59.02,61.45,0
4/20/2020 6:00:00 PM,20.51,42.5,40.73,59.01,61.45,0
4/20/2020 5:00:00 PM,20.53,42.52,40.72,59.01,61.44,0
4/20/2020 4:00:00 PM,20.52,42.53,40.73,59.01,61.45,0
4/20/2020 3:00:00 PM,20.52,42.54,40.71,59.01,61.44,0
4/20/2020 2:00:00 PM,20.48,42.54,40.72,59.01,61.44,0
4/20/2020 1:00:00 PM,20.47,42.54,40.75,59,61.44,0
4/20/2020 12:00:00 PM,20.47,42.56,40.75,59,61.45,0
4/20/2020 11:00:00 AM,20.51,42.57,40.75,59,61.45,0
4/20/2020 10:00:00 AM,20.47,42.57,40.75,58.99,61.45,0
4/20/2020 9:00:00 AM,20.47,42.57,40.75,58.99,61.44,0
4/20/2020 8:00:00 AM,20.49,42.56,40.75,58.98,61.44,0
4/20/2020 7:00:00 AM,20.49,42.54,40.75,58.97,61.43,0
4/20/2020 6:00:00 AM,20.51,42.54,40.74,58.99,61.44,0
4/20/2020 5:00:00 AM,20.56,42.54,40.72,58.99,61.43,0
4/20/2020 4:00:00 AM,20.61,42.54,40.72,59.01,61.43,0
4/20/2020 3:00:00 AM,20.58,42.54,40.72,59.02,61.45,0
4/20/2020 2:00:00 AM,20.62,42.53,40.71,59.02,61.45,0
4/20/2020 1:00:00 AM,20.65,42.51,40.7,59.02,61.46,0
4/20/2020 12:00:00 AM,20.71,42.48,40.69,59.03,61.47,0
4/19/2020 11:00:00 PM,20.68,42.53,40.68,59.02,61.47,0
4/19/2020 10:00:00 PM,20.69,42.53,40.67,59.02,61.45,0
4/19/2020 9:00:00 PM,20.73,42.54,40.67,59.02,61.46,0
4/19/2020 8:00:00 PM,20.72,42.53,40.66,59.02,61.45,0
4/19/2020 7:00:00 PM,20.73,42.53,40.65,59.02,61.45,0
4/19/2020 6:00:00 PM,20.75,42.49,40.66,59.02,61.46,0
4/19/2020 5:00:00 PM,20.71,42.47,40.67,59.01,61.45,0
4/19/2020 4:00:00 PM,20.68,42.48,40.69,59,61.44,0
4/19/2020 3:00:00 PM,20.65,42.51,40.72,58.99,61.44,0
4/19/2020 2:00:00 PM,20.62,42.53,40.73,58.98,61.44,0
4/19/2020 1:00:00 PM,20.59,42.54,40.72,58.98,61.44,0
4/19/2020 12:00:00 PM,20.58,42.54,40.72,59.01,61.44,0
4/19/2020 11:00:00 AM,20.56,42.56,40.71,59.02,61.43,0
4/19/2020 10:00:00 AM,20.52,42.56,40.71,59.02,61.44,0
4/19/2020 9:00:00 AM,20.5,42.56,40.7,59.02,61.42,0
4/19/2020 8:00:00 AM,20.49,42.56,40.71,59.01,61.43,0
4/19/2020 7:00:00 AM,20.46,42.55,40.71,59.01,61.4,0
4/19/2020 6:00:00 AM,20.49,42.55,40.7,59.01,61.4,0
4/19/2020 5:00:00 AM,20.53,42.53,40.69,59,61.37,0
4/19/2020 4:00:00 AM,20.58,42.56,40.69,59,61.36,0
4/19/2020 3:00:00 AM,20.61,42.54,40.69,59,61.36,0
4/19/2020 2:00:00 AM,20.6,42.54,40.7,58.99,61.34,0
4/19/2020 1:00:00 AM,20.64,42.52,40.7,58.98,61.35,0
4/19/2020 12:00:00 AM,20.68,42.49,40.71,58.98,61.35,0
